golgg_game_id,tournament,date,team_blue,team_red,player,team,golddiffat15
62574,LPL Regional Finals 2024,2024-09-02,WBG,JD Gaming,Flandre,WBG,179
62574,LPL Regional Finals 2024,2024-09-02,WBG,JD Gaming,Kanavi,WBG,-152
62574,LPL Regional Finals 2024,2024-09-02,WBG,JD Gaming,Yagao,WBG,-398
62574,LPL Regional Finals 2024,2024-09-02,WBG,JD Gaming,Ruler,WBG,-331
62574,LPL Regional Finals 2024,2024-09-02,WBG,JD Gaming,Missing,WBG,-154
62574,LPL Regional Finals 2024,2024-09-02,WBG,JD Gaming,Breathe,JD Gaming,-179
62574,LPL Regional Finals 2024,2024-09-02,WBG,JD Gaming,Tarzan,JD Gaming,152
62574,LPL Regional Finals 2024,2024-09-02,WBG,JD Gaming,xiaohu,JD Gaming,398
62574,LPL Regional Finals 2024,2024-09-02,WBG,JD Gaming,Light,JD Gaming,331
62574,LPL Regional Finals 2024,2024-09-02,WBG,JD Gaming,Crisp,JD Gaming,154
62575,LPL Regional Finals 2024,2024-09-02,WBG,JD Gaming,Breathe,WBG,-661
62575,LPL Regional Finals 2024,2024-09-02,WBG,JD Gaming,Tarzan,WBG,18
62575,LPL Regional Finals 2024,2024-09-02,WBG,JD Gaming,xiaohu,WBG,1380
62575,LPL Regional Finals 2024,2024-09-02,WBG,JD Gaming,Light,WBG,2592
62575,LPL Regional Finals 2024,2024-09-02,WBG,JD Gaming,Crisp,WBG,533
62575,LPL Regional Finals 2024,2024-09-02,WBG,JD Gaming,Flandre,JD Gaming,661
62575,LPL Regional Finals 2024,2024-09-02,WBG,JD Gaming,Kanavi,JD Gaming,-18
62575,LPL Regional Finals 2024,2024-09-02,WBG,JD Gaming,Yagao,JD Gaming,-1380
62575,LPL Regional Finals 2024,2024-09-02,WBG,JD Gaming,Ruler,JD Gaming,-2592
62575,LPL Regional Finals 2024,2024-09-02,WBG,JD Gaming,Missing,JD Gaming,-533
62576,LPL Regional Finals 2024,2024-09-02,WBG,JD Gaming,Flandre,WBG,558
62576,LPL Regional Finals 2024,2024-09-02,WBG,JD Gaming,Kanavi,WBG,728
62576,LPL Regional Finals 2024,2024-09-02,WBG,JD Gaming,Yagao,WBG,1918
62576,LPL Regional Finals 2024,2024-09-02,WBG,JD Gaming,Ruler,WBG,98
62576,LPL Regional Finals 2024,2024-09-02,WBG,JD Gaming,Missing,WBG,-411
62576,LPL Regional Finals 2024,2024-09-02,WBG,JD Gaming,Breathe,JD Gaming,-558
62576,LPL Regional Finals 2024,2024-09-02,WBG,JD Gaming,Tarzan,JD Gaming,-728
62576,LPL Regional Finals 2024,2024-09-02,WBG,JD Gaming,xiaohu,JD Gaming,-1918
62576,LPL Regional Finals 2024,2024-09-02,WBG,JD Gaming,Light,JD Gaming,-98
62576,LPL Regional Finals 2024,2024-09-02,WBG,JD Gaming,Crisp,JD Gaming,411
62577,LPL Regional Finals 2024,2024-09-02,WBG,JD Gaming,Flandre,WBG,-558
62577,LPL Regional Finals 2024,2024-09-02,WBG,JD Gaming,Kanavi,WBG,1158
62577,LPL Regional Finals 2024,2024-09-02,WBG,JD Gaming,Yagao,WBG,-254
62577,LPL Regional Finals 2024,2024-09-02,WBG,JD Gaming,Ruler,WBG,263
62577,LPL Regional Finals 2024,2024-09-02,WBG,JD Gaming,Missing,WBG,-121
62577,LPL Regional Finals 2024,2024-09-02,WBG,JD Gaming,Breathe,JD Gaming,558
62577,LPL Regional Finals 2024,2024-09-02,WBG,JD Gaming,Tarzan,JD Gaming,-1158
62577,LPL Regional Finals 2024,2024-09-02,WBG,JD Gaming,xiaohu,JD Gaming,254
62577,LPL Regional Finals 2024,2024-09-02,WBG,JD Gaming,Light,JD Gaming,-263
62577,LPL Regional Finals 2024,2024-09-02,WBG,JD Gaming,Crisp,JD Gaming,121
62578,LPL Regional Finals 2024,2024-09-02,WBG,JD Gaming,Breathe,WBG,-478
62578,LPL Regional Finals 2024,2024-09-02,WBG,JD Gaming,Tarzan,WBG,125
62578,LPL Regional Finals 2024,2024-09-02,WBG,JD Gaming,xiaohu,WBG,-213
62578,LPL Regional Finals 2024,2024-09-02,WBG,JD Gaming,Light,WBG,102
62578,LPL Regional Finals 2024,2024-09-02,WBG,JD Gaming,Crisp,WBG,-42
62578,LPL Regional Finals 2024,2024-09-02,WBG,JD Gaming,Flandre,JD Gaming,478
62578,LPL Regional Finals 2024,2024-09-02,WBG,JD Gaming,Kanavi,JD Gaming,-125
62578,LPL Regional Finals 2024,2024-09-02,WBG,JD Gaming,Yagao,JD Gaming,213
62578,LPL Regional Finals 2024,2024-09-02,WBG,JD Gaming,Ruler,JD Gaming,-102
62578,LPL Regional Finals 2024,2024-09-02,WBG,JD Gaming,Missing,JD Gaming,42
62541,LPL Regional Finals 2024,2024-09-01,NIP,JD Gaming,shanji,NIP,-197
62541,LPL Regional Finals 2024,2024-09-01,NIP,JD Gaming,Leyan,NIP,779
62541,LPL Regional Finals 2024,2024-09-01,NIP,JD Gaming,RooKie,NIP,127
62541,LPL Regional Finals 2024,2024-09-01,NIP,JD Gaming,Photic,NIP,-84
62541,LPL Regional Finals 2024,2024-09-01,NIP,JD Gaming,Zhuo,NIP,69
62541,LPL Regional Finals 2024,2024-09-01,NIP,JD Gaming,Flandre,JD Gaming,197
62541,LPL Regional Finals 2024,2024-09-01,NIP,JD Gaming,Kanavi,JD Gaming,-779
62541,LPL Regional Finals 2024,2024-09-01,NIP,JD Gaming,Yagao,JD Gaming,-127
62541,LPL Regional Finals 2024,2024-09-01,NIP,JD Gaming,Ruler,JD Gaming,84
62541,LPL Regional Finals 2024,2024-09-01,NIP,JD Gaming,Missing,JD Gaming,-69
62542,LPL Regional Finals 2024,2024-09-01,NIP,JD Gaming,Flandre,NIP,306
62542,LPL Regional Finals 2024,2024-09-01,NIP,JD Gaming,Kanavi,NIP,-769
62542,LPL Regional Finals 2024,2024-09-01,NIP,JD Gaming,Yagao,NIP,-627
62542,LPL Regional Finals 2024,2024-09-01,NIP,JD Gaming,Ruler,NIP,1396
62542,LPL Regional Finals 2024,2024-09-01,NIP,JD Gaming,Missing,NIP,418
62542,LPL Regional Finals 2024,2024-09-01,NIP,JD Gaming,shanji,JD Gaming,-306
62542,LPL Regional Finals 2024,2024-09-01,NIP,JD Gaming,Leyan,JD Gaming,769
62542,LPL Regional Finals 2024,2024-09-01,NIP,JD Gaming,RooKie,JD Gaming,627
62542,LPL Regional Finals 2024,2024-09-01,NIP,JD Gaming,Photic,JD Gaming,-1396
62542,LPL Regional Finals 2024,2024-09-01,NIP,JD Gaming,Zhuo,JD Gaming,-418
62543,LPL Regional Finals 2024,2024-09-01,NIP,JD Gaming,shanji,NIP,586
62543,LPL Regional Finals 2024,2024-09-01,NIP,JD Gaming,Leyan,NIP,81
62543,LPL Regional Finals 2024,2024-09-01,NIP,JD Gaming,RooKie,NIP,697
62543,LPL Regional Finals 2024,2024-09-01,NIP,JD Gaming,Photic,NIP,-1410
62543,LPL Regional Finals 2024,2024-09-01,NIP,JD Gaming,Zhuo,NIP,-144
62543,LPL Regional Finals 2024,2024-09-01,NIP,JD Gaming,Flandre,JD Gaming,-586
62543,LPL Regional Finals 2024,2024-09-01,NIP,JD Gaming,Kanavi,JD Gaming,-81
62543,LPL Regional Finals 2024,2024-09-01,NIP,JD Gaming,Yagao,JD Gaming,-697
62543,LPL Regional Finals 2024,2024-09-01,NIP,JD Gaming,Ruler,JD Gaming,1410
62543,LPL Regional Finals 2024,2024-09-01,NIP,JD Gaming,Missing,JD Gaming,144
62544,LPL Regional Finals 2024,2024-09-01,NIP,JD Gaming,shanji,NIP,629
62544,LPL Regional Finals 2024,2024-09-01,NIP,JD Gaming,Leyan,NIP,1488
62544,LPL Regional Finals 2024,2024-09-01,NIP,JD Gaming,RooKie,NIP,2303
62544,LPL Regional Finals 2024,2024-09-01,NIP,JD Gaming,Photic,NIP,1986
62544,LPL Regional Finals 2024,2024-09-01,NIP,JD Gaming,Zhuo,NIP,-24
62544,LPL Regional Finals 2024,2024-09-01,NIP,JD Gaming,Flandre,JD Gaming,-629
62544,LPL Regional Finals 2024,2024-09-01,NIP,JD Gaming,Kanavi,JD Gaming,-1488
62544,LPL Regional Finals 2024,2024-09-01,NIP,JD Gaming,Yagao,JD Gaming,-2303
62544,LPL Regional Finals 2024,2024-09-01,NIP,JD Gaming,Ruler,JD Gaming,-1986
62544,LPL Regional Finals 2024,2024-09-01,NIP,JD Gaming,Missing,JD Gaming,24
62545,LPL Regional Finals 2024,2024-09-01,NIP,JD Gaming,Flandre,NIP,182
62545,LPL Regional Finals 2024,2024-09-01,NIP,JD Gaming,Kanavi,NIP,264
62545,LPL Regional Finals 2024,2024-09-01,NIP,JD Gaming,Yagao,NIP,474
62545,LPL Regional Finals 2024,2024-09-01,NIP,JD Gaming,Ruler,NIP,497
62545,LPL Regional Finals 2024,2024-09-01,NIP,JD Gaming,Missing,NIP,343
62545,LPL Regional Finals 2024,2024-09-01,NIP,JD Gaming,shanji,JD Gaming,-182
62545,LPL Regional Finals 2024,2024-09-01,NIP,JD Gaming,Leyan,JD Gaming,-264
62545,LPL Regional Finals 2024,2024-09-01,NIP,JD Gaming,RooKie,JD Gaming,-474
62545,LPL Regional Finals 2024,2024-09-01,NIP,JD Gaming,Photic,JD Gaming,-497
62545,LPL Regional Finals 2024,2024-09-01,NIP,JD Gaming,Zhuo,JD Gaming,-343
62536,LPL Regional Finals 2024,2024-08-31,WBG,LNG Esports,Breathe,WBG,-717
62536,LPL Regional Finals 2024,2024-08-31,WBG,LNG Esports,Tarzan,WBG,664
62536,LPL Regional Finals 2024,2024-08-31,WBG,LNG Esports,xiaohu,WBG,-1106
62536,LPL Regional Finals 2024,2024-08-31,WBG,LNG Esports,Light,WBG,-666
62536,LPL Regional Finals 2024,2024-08-31,WBG,LNG Esports,Crisp,WBG,-77
62536,LPL Regional Finals 2024,2024-08-31,WBG,LNG Esports,Zika,LNG Esports,717
62536,LPL Regional Finals 2024,2024-08-31,WBG,LNG Esports,WeiWei,LNG Esports,-664
62536,LPL Regional Finals 2024,2024-08-31,WBG,LNG Esports,Scout,LNG Esports,1106
62536,LPL Regional Finals 2024,2024-08-31,WBG,LNG Esports,GALA,LNG Esports,666
62536,LPL Regional Finals 2024,2024-08-31,WBG,LNG Esports,Hang,LNG Esports,77
62537,LPL Regional Finals 2024,2024-08-31,WBG,LNG Esports,Breathe,WBG,-727
62537,LPL Regional Finals 2024,2024-08-31,WBG,LNG Esports,Tarzan,WBG,727
62537,LPL Regional Finals 2024,2024-08-31,WBG,LNG Esports,xiaohu,WBG,-621
62537,LPL Regional Finals 2024,2024-08-31,WBG,LNG Esports,Light,WBG,877
62537,LPL Regional Finals 2024,2024-08-31,WBG,LNG Esports,Crisp,WBG,-135
62537,LPL Regional Finals 2024,2024-08-31,WBG,LNG Esports,Zika,LNG Esports,727
62537,LPL Regional Finals 2024,2024-08-31,WBG,LNG Esports,WeiWei,LNG Esports,-727
62537,LPL Regional Finals 2024,2024-08-31,WBG,LNG Esports,Scout,LNG Esports,621
62537,LPL Regional Finals 2024,2024-08-31,WBG,LNG Esports,GALA,LNG Esports,-877
62537,LPL Regional Finals 2024,2024-08-31,WBG,LNG Esports,Hang,LNG Esports,135
62538,LPL Regional Finals 2024,2024-08-31,WBG,LNG Esports,Breathe,WBG,-742
62538,LPL Regional Finals 2024,2024-08-31,WBG,LNG Esports,Tarzan,WBG,293
62538,LPL Regional Finals 2024,2024-08-31,WBG,LNG Esports,xiaohu,WBG,99
62538,LPL Regional Finals 2024,2024-08-31,WBG,LNG Esports,Light,WBG,-505
62538,LPL Regional Finals 2024,2024-08-31,WBG,LNG Esports,Crisp,WBG,-146
62538,LPL Regional Finals 2024,2024-08-31,WBG,LNG Esports,Zika,LNG Esports,742
62538,LPL Regional Finals 2024,2024-08-31,WBG,LNG Esports,WeiWei,LNG Esports,-293
62538,LPL Regional Finals 2024,2024-08-31,WBG,LNG Esports,Scout,LNG Esports,-99
62538,LPL Regional Finals 2024,2024-08-31,WBG,LNG Esports,GALA,LNG Esports,505
62538,LPL Regional Finals 2024,2024-08-31,WBG,LNG Esports,Hang,LNG Esports,146
63920,LPL 2025 Split 1,2025-02-16,LGD Gaming,Top Esports,369,LGD Gaming,395
63920,LPL 2025 Split 1,2025-02-16,LGD Gaming,Top Esports,Kanavi,LGD Gaming,-194
63920,LPL 2025 Split 1,2025-02-16,LGD Gaming,Top Esports,Creme,LGD Gaming,-47
63920,LPL 2025 Split 1,2025-02-16,LGD Gaming,Top Esports,JackeyLove,LGD Gaming,-848
63920,LPL 2025 Split 1,2025-02-16,LGD Gaming,Top Esports,Crisp,LGD Gaming,-769
63920,LPL 2025 Split 1,2025-02-16,LGD Gaming,Top Esports,sasi,Top Esports,-395
63920,LPL 2025 Split 1,2025-02-16,LGD Gaming,Top Esports,Climber,Top Esports,194
63920,LPL 2025 Split 1,2025-02-16,LGD Gaming,Top Esports,xqw,Top Esports,47
63920,LPL 2025 Split 1,2025-02-16,LGD Gaming,Top Esports,Shaoye,Top Esports,848
63920,LPL 2025 Split 1,2025-02-16,LGD Gaming,Top Esports,Ycx,Top Esports,769
63921,LPL 2025 Split 1,2025-02-16,LGD Gaming,Top Esports,sasi,LGD Gaming,-784
63921,LPL 2025 Split 1,2025-02-16,LGD Gaming,Top Esports,Climber,LGD Gaming,-1284
63921,LPL 2025 Split 1,2025-02-16,LGD Gaming,Top Esports,xqw,LGD Gaming,-239
63921,LPL 2025 Split 1,2025-02-16,LGD Gaming,Top Esports,Shaoye,LGD Gaming,490
63921,LPL 2025 Split 1,2025-02-16,LGD Gaming,Top Esports,Ycx,LGD Gaming,11
63921,LPL 2025 Split 1,2025-02-16,LGD Gaming,Top Esports,369,Top Esports,784
63921,LPL 2025 Split 1,2025-02-16,LGD Gaming,Top Esports,Kanavi,Top Esports,1284
63921,LPL 2025 Split 1,2025-02-16,LGD Gaming,Top Esports,Creme,Top Esports,239
63921,LPL 2025 Split 1,2025-02-16,LGD Gaming,Top Esports,JackeyLove,Top Esports,-490
63921,LPL 2025 Split 1,2025-02-16,LGD Gaming,Top Esports,Crisp,Top Esports,-11
63922,LPL 2025 Split 1,2025-02-16,LGD Gaming,Top Esports,sasi,LGD Gaming,241
63922,LPL 2025 Split 1,2025-02-16,LGD Gaming,Top Esports,Climber,LGD Gaming,-250
63922,LPL 2025 Split 1,2025-02-16,LGD Gaming,Top Esports,xqw,LGD Gaming,121
63922,LPL 2025 Split 1,2025-02-16,LGD Gaming,Top Esports,Shaoye,LGD Gaming,543
63922,LPL 2025 Split 1,2025-02-16,LGD Gaming,Top Esports,Ycx,LGD Gaming,-383
63922,LPL 2025 Split 1,2025-02-16,LGD Gaming,Top Esports,369,Top Esports,-241
63922,LPL 2025 Split 1,2025-02-16,LGD Gaming,Top Esports,Kanavi,Top Esports,250
63922,LPL 2025 Split 1,2025-02-16,LGD Gaming,Top Esports,Creme,Top Esports,-121
63922,LPL 2025 Split 1,2025-02-16,LGD Gaming,Top Esports,JackeyLove,Top Esports,-543
63922,LPL 2025 Split 1,2025-02-16,LGD Gaming,Top Esports,Crisp,Top Esports,383
63915,LPL 2025 Split 1,2025-02-15,IG,FPX,sheer,IG,-356
63915,LPL 2025 Split 1,2025-02-15,IG,FPX,Shad0w,IG,-291
63915,LPL 2025 Split 1,2025-02-15,IG,FPX,Care,IG,1392
63915,LPL 2025 Split 1,2025-02-15,IG,FPX,bat,IG,-595
63915,LPL 2025 Split 1,2025-02-15,IG,FPX,Jwei,IG,-562
63915,LPL 2025 Split 1,2025-02-15,IG,FPX,TheShy,FPX,356
63915,LPL 2025 Split 1,2025-02-15,IG,FPX,Jiejie,FPX,291
63915,LPL 2025 Split 1,2025-02-15,IG,FPX,RooKie,FPX,-1392
63915,LPL 2025 Split 1,2025-02-15,IG,FPX,GALA,FPX,595
63915,LPL 2025 Split 1,2025-02-15,IG,FPX,meiko,FPX,562
63916,LPL 2025 Split 1,2025-02-15,IG,FPX,sheer,IG,235
63916,LPL 2025 Split 1,2025-02-15,IG,FPX,Shad0w,IG,396
63916,LPL 2025 Split 1,2025-02-15,IG,FPX,Care,IG,-566
63916,LPL 2025 Split 1,2025-02-15,IG,FPX,bat,IG,-3723
63916,LPL 2025 Split 1,2025-02-15,IG,FPX,Jwei,IG,-1145
63916,LPL 2025 Split 1,2025-02-15,IG,FPX,TheShy,FPX,-235
63916,LPL 2025 Split 1,2025-02-15,IG,FPX,Jiejie,FPX,-396
63916,LPL 2025 Split 1,2025-02-15,IG,FPX,RooKie,FPX,566
63916,LPL 2025 Split 1,2025-02-15,IG,FPX,GALA,FPX,3723
63916,LPL 2025 Split 1,2025-02-15,IG,FPX,meiko,FPX,1145
63917,LPL 2025 Split 1,2025-02-15,IG,FPX,sheer,IG,-979
63917,LPL 2025 Split 1,2025-02-15,IG,FPX,Shad0w,IG,-568
63917,LPL 2025 Split 1,2025-02-15,IG,FPX,Care,IG,-3
63917,LPL 2025 Split 1,2025-02-15,IG,FPX,bat,IG,-280
63917,LPL 2025 Split 1,2025-02-15,IG,FPX,Jwei,IG,469
63917,LPL 2025 Split 1,2025-02-15,IG,FPX,TheShy,FPX,979
63917,LPL 2025 Split 1,2025-02-15,IG,FPX,Jiejie,FPX,568
63917,LPL 2025 Split 1,2025-02-15,IG,FPX,RooKie,FPX,3
63917,LPL 2025 Split 1,2025-02-15,IG,FPX,GALA,FPX,280
63917,LPL 2025 Split 1,2025-02-15,IG,FPX,meiko,FPX,-469
63910,LPL 2025 Split 1,2025-02-14,TT,BLG,Bin,TT,202
63910,LPL 2025 Split 1,2025-02-14,TT,BLG,Wei,TT,-597
63910,LPL 2025 Split 1,2025-02-14,TT,BLG,Knight,TT,-842
63910,LPL 2025 Split 1,2025-02-14,TT,BLG,Elk,TT,-27
63910,LPL 2025 Split 1,2025-02-14,TT,BLG,ON,TT,-429
63910,LPL 2025 Split 1,2025-02-14,TT,BLG,Hoya,BLG,-202
63910,LPL 2025 Split 1,2025-02-14,TT,BLG,Beichuan,BLG,597
63910,LPL 2025 Split 1,2025-02-14,TT,BLG,SeTab,BLG,842
63910,LPL 2025 Split 1,2025-02-14,TT,BLG,1xn,BLG,27
63910,LPL 2025 Split 1,2025-02-14,TT,BLG,Feather,BLG,429
63911,LPL 2025 Split 1,2025-02-14,TT,BLG,Hoya,TT,-1009
63911,LPL 2025 Split 1,2025-02-14,TT,BLG,Beichuan,TT,486
63911,LPL 2025 Split 1,2025-02-14,TT,BLG,SeTab,TT,111
63911,LPL 2025 Split 1,2025-02-14,TT,BLG,1xn,TT,-112
63911,LPL 2025 Split 1,2025-02-14,TT,BLG,Feather,TT,-421
63911,LPL 2025 Split 1,2025-02-14,TT,BLG,Bin,BLG,1009
63911,LPL 2025 Split 1,2025-02-14,TT,BLG,Wei,BLG,-486
63911,LPL 2025 Split 1,2025-02-14,TT,BLG,Knight,BLG,-111
63911,LPL 2025 Split 1,2025-02-14,TT,BLG,Elk,BLG,112
63911,LPL 2025 Split 1,2025-02-14,TT,BLG,ON,BLG,421
63912,LPL 2025 Split 1,2025-02-14,TT,BLG,Bin,TT,-222
63912,LPL 2025 Split 1,2025-02-14,TT,BLG,Wei,TT,-277
63912,LPL 2025 Split 1,2025-02-14,TT,BLG,Knight,TT,-215
63912,LPL 2025 Split 1,2025-02-14,TT,BLG,Elk,TT,400
63912,LPL 2025 Split 1,2025-02-14,TT,BLG,ON,TT,671
63912,LPL 2025 Split 1,2025-02-14,TT,BLG,Hoya,BLG,222
63912,LPL 2025 Split 1,2025-02-14,TT,BLG,Beichuan,BLG,277
63912,LPL 2025 Split 1,2025-02-14,TT,BLG,SeTab,BLG,215
63912,LPL 2025 Split 1,2025-02-14,TT,BLG,1xn,BLG,-400
63912,LPL 2025 Split 1,2025-02-14,TT,BLG,Feather,BLG,-671
63913,LPL 2025 Split 1,2025-02-14,TT,BLG,Hoya,TT,-1070
63913,LPL 2025 Split 1,2025-02-14,TT,BLG,Beichuan,TT,-191
63913,LPL 2025 Split 1,2025-02-14,TT,BLG,SeTab,TT,-1891
63913,LPL 2025 Split 1,2025-02-14,TT,BLG,1xn,TT,-445
63913,LPL 2025 Split 1,2025-02-14,TT,BLG,Feather,TT,-524
63913,LPL 2025 Split 1,2025-02-14,TT,BLG,Bin,BLG,1070
63913,LPL 2025 Split 1,2025-02-14,TT,BLG,Wei,BLG,191
63913,LPL 2025 Split 1,2025-02-14,TT,BLG,Knight,BLG,1891
63913,LPL 2025 Split 1,2025-02-14,TT,BLG,Elk,BLG,445
63913,LPL 2025 Split 1,2025-02-14,TT,BLG,ON,BLG,524
63914,LPL 2025 Split 1,2025-02-14,TT,BLG,Hoya,TT,781
63914,LPL 2025 Split 1,2025-02-14,TT,BLG,Beichuan,TT,849
63914,LPL 2025 Split 1,2025-02-14,TT,BLG,SeTab,TT,354
63914,LPL 2025 Split 1,2025-02-14,TT,BLG,1xn,TT,1808
63914,LPL 2025 Split 1,2025-02-14,TT,BLG,Feather,TT,220
63914,LPL 2025 Split 1,2025-02-14,TT,BLG,Bin,BLG,-781
63914,LPL 2025 Split 1,2025-02-14,TT,BLG,Wei,BLG,-849
63914,LPL 2025 Split 1,2025-02-14,TT,BLG,Knight,BLG,-354
63914,LPL 2025 Split 1,2025-02-14,TT,BLG,Elk,BLG,-1808
63914,LPL 2025 Split 1,2025-02-14,TT,BLG,ON,BLG,-220
63905,LPL 2025 Split 1,2025-02-13,NIP,RNG,Xiaoxu,NIP,-349
63905,LPL 2025 Split 1,2025-02-13,NIP,RNG,milkyway,NIP,433
63905,LPL 2025 Split 1,2025-02-13,NIP,RNG,Tangyuan,NIP,-217
63905,LPL 2025 Split 1,2025-02-13,NIP,RNG,JiaQi,NIP,-213
63905,LPL 2025 Split 1,2025-02-13,NIP,RNG,Niket,NIP,62
63905,LPL 2025 Split 1,2025-02-13,NIP,RNG,shanji,RNG,349
63905,LPL 2025 Split 1,2025-02-13,NIP,RNG,AKi,RNG,-433
63905,LPL 2025 Split 1,2025-02-13,NIP,RNG,Doinb,RNG,217
63905,LPL 2025 Split 1,2025-02-13,NIP,RNG,Leave,RNG,213
63905,LPL 2025 Split 1,2025-02-13,NIP,RNG,Ppgod,RNG,-62
63906,LPL 2025 Split 1,2025-02-13,NIP,RNG,Xiaoxu,NIP,16
63906,LPL 2025 Split 1,2025-02-13,NIP,RNG,milkyway,NIP,-860
63906,LPL 2025 Split 1,2025-02-13,NIP,RNG,Tangyuan,NIP,-1149
63906,LPL 2025 Split 1,2025-02-13,NIP,RNG,JiaQi,NIP,-273
63906,LPL 2025 Split 1,2025-02-13,NIP,RNG,Niket,NIP,66
63906,LPL 2025 Split 1,2025-02-13,NIP,RNG,shanji,RNG,-16
63906,LPL 2025 Split 1,2025-02-13,NIP,RNG,AKi,RNG,860
63906,LPL 2025 Split 1,2025-02-13,NIP,RNG,Doinb,RNG,1149
63906,LPL 2025 Split 1,2025-02-13,NIP,RNG,Leave,RNG,273
63906,LPL 2025 Split 1,2025-02-13,NIP,RNG,Ppgod,RNG,-66
63907,LPL 2025 Split 1,2025-02-13,NIP,RNG,shanji,NIP,562
63907,LPL 2025 Split 1,2025-02-13,NIP,RNG,AKi,NIP,162
63907,LPL 2025 Split 1,2025-02-13,NIP,RNG,Doinb,NIP,-191
63907,LPL 2025 Split 1,2025-02-13,NIP,RNG,Leave,NIP,1228
63907,LPL 2025 Split 1,2025-02-13,NIP,RNG,Ppgod,NIP,314
63907,LPL 2025 Split 1,2025-02-13,NIP,RNG,Xiaoxu,RNG,-562
63907,LPL 2025 Split 1,2025-02-13,NIP,RNG,milkyway,RNG,-162
63907,LPL 2025 Split 1,2025-02-13,NIP,RNG,Tangyuan,RNG,191
63907,LPL 2025 Split 1,2025-02-13,NIP,RNG,JiaQi,RNG,-1228
63907,LPL 2025 Split 1,2025-02-13,NIP,RNG,Niket,RNG,-314
63900,LPL 2025 Split 1,2025-02-12,Ultra Prime,OMG,1Jiang,Ultra Prime,-600
63900,LPL 2025 Split 1,2025-02-12,Ultra Prime,OMG,Junhao,Ultra Prime,-134
63900,LPL 2025 Split 1,2025-02-12,Ultra Prime,OMG,Saber,Ultra Prime,-42
63900,LPL 2025 Split 1,2025-02-12,Ultra Prime,OMG,Wako,Ultra Prime,368
63900,LPL 2025 Split 1,2025-02-12,Ultra Prime,OMG,Rosielove,Ultra Prime,244
63900,LPL 2025 Split 1,2025-02-12,Ultra Prime,OMG,Hery,OMG,600
63900,LPL 2025 Split 1,2025-02-12,Ultra Prime,OMG,Heng,OMG,134
63900,LPL 2025 Split 1,2025-02-12,Ultra Prime,OMG,Linfeng,OMG,42
63900,LPL 2025 Split 1,2025-02-12,Ultra Prime,OMG,Starry,OMG,-368
63900,LPL 2025 Split 1,2025-02-12,Ultra Prime,OMG,Moham,OMG,-244
63901,LPL 2025 Split 1,2025-02-12,Ultra Prime,OMG,1Jiang,Ultra Prime,-210
63901,LPL 2025 Split 1,2025-02-12,Ultra Prime,OMG,Junhao,Ultra Prime,-207
63901,LPL 2025 Split 1,2025-02-12,Ultra Prime,OMG,Saber,Ultra Prime,-797
63901,LPL 2025 Split 1,2025-02-12,Ultra Prime,OMG,Wako,Ultra Prime,768
63901,LPL 2025 Split 1,2025-02-12,Ultra Prime,OMG,Rosielove,Ultra Prime,-252
63901,LPL 2025 Split 1,2025-02-12,Ultra Prime,OMG,Hery,OMG,210
63901,LPL 2025 Split 1,2025-02-12,Ultra Prime,OMG,Heng,OMG,207
63901,LPL 2025 Split 1,2025-02-12,Ultra Prime,OMG,Linfeng,OMG,797
63901,LPL 2025 Split 1,2025-02-12,Ultra Prime,OMG,Starry,OMG,-768
63901,LPL 2025 Split 1,2025-02-12,Ultra Prime,OMG,Moham,OMG,252
63902,LPL 2025 Split 1,2025-02-12,Ultra Prime,OMG,Hery,Ultra Prime,-405
63902,LPL 2025 Split 1,2025-02-12,Ultra Prime,OMG,Heng,Ultra Prime,-509
63902,LPL 2025 Split 1,2025-02-12,Ultra Prime,OMG,Linfeng,Ultra Prime,508
63902,LPL 2025 Split 1,2025-02-12,Ultra Prime,OMG,Starry,Ultra Prime,247
63902,LPL 2025 Split 1,2025-02-12,Ultra Prime,OMG,Moham,Ultra Prime,169
63902,LPL 2025 Split 1,2025-02-12,Ultra Prime,OMG,1Jiang,OMG,405
63902,LPL 2025 Split 1,2025-02-12,Ultra Prime,OMG,Junhao,OMG,509
63902,LPL 2025 Split 1,2025-02-12,Ultra Prime,OMG,Saber,OMG,-508
63902,LPL 2025 Split 1,2025-02-12,Ultra Prime,OMG,Wako,OMG,-247
63902,LPL 2025 Split 1,2025-02-12,Ultra Prime,OMG,Rosielove,OMG,-169
63903,LPL 2025 Split 1,2025-02-12,Ultra Prime,OMG,Hery,Ultra Prime,-622
63903,LPL 2025 Split 1,2025-02-12,Ultra Prime,OMG,Heng,Ultra Prime,634
63903,LPL 2025 Split 1,2025-02-12,Ultra Prime,OMG,Linfeng,Ultra Prime,-1464
63903,LPL 2025 Split 1,2025-02-12,Ultra Prime,OMG,Starry,Ultra Prime,1541
63903,LPL 2025 Split 1,2025-02-12,Ultra Prime,OMG,Moham,Ultra Prime,196
63903,LPL 2025 Split 1,2025-02-12,Ultra Prime,OMG,1Jiang,OMG,622
63903,LPL 2025 Split 1,2025-02-12,Ultra Prime,OMG,Junhao,OMG,-634
63903,LPL 2025 Split 1,2025-02-12,Ultra Prime,OMG,Saber,OMG,1464
63903,LPL 2025 Split 1,2025-02-12,Ultra Prime,OMG,Wako,OMG,-1541
63903,LPL 2025 Split 1,2025-02-12,Ultra Prime,OMG,Rosielove,OMG,-196
63904,LPL 2025 Split 1,2025-02-12,Ultra Prime,OMG,1Jiang,Ultra Prime,-765
63904,LPL 2025 Split 1,2025-02-12,Ultra Prime,OMG,Junhao,Ultra Prime,374
63904,LPL 2025 Split 1,2025-02-12,Ultra Prime,OMG,Saber,Ultra Prime,1665
63904,LPL 2025 Split 1,2025-02-12,Ultra Prime,OMG,Wako,Ultra Prime,449
63904,LPL 2025 Split 1,2025-02-12,Ultra Prime,OMG,Rosielove,Ultra Prime,371
63904,LPL 2025 Split 1,2025-02-12,Ultra Prime,OMG,Hery,OMG,765
63904,LPL 2025 Split 1,2025-02-12,Ultra Prime,OMG,Heng,OMG,-374
63904,LPL 2025 Split 1,2025-02-12,Ultra Prime,OMG,Linfeng,OMG,-1665
63904,LPL 2025 Split 1,2025-02-12,Ultra Prime,OMG,Starry,OMG,-449
63904,LPL 2025 Split 1,2025-02-12,Ultra Prime,OMG,Moham,OMG,-371
63895,LPL 2025 Split 1,2025-02-11,EDG,LNG Esports,Zdz,EDG,-101
63895,LPL 2025 Split 1,2025-02-11,EDG,LNG Esports,Xiaohao,EDG,545
63895,LPL 2025 Split 1,2025-02-11,EDG,LNG Esports,Angel,EDG,-682
63895,LPL 2025 Split 1,2025-02-11,EDG,LNG Esports,Assum,EDG,116
63895,LPL 2025 Split 1,2025-02-11,EDG,LNG Esports,Wink,EDG,330
63895,LPL 2025 Split 1,2025-02-11,EDG,LNG Esports,Zika,LNG Esports,101
63895,LPL 2025 Split 1,2025-02-11,EDG,LNG Esports,WeiWei,LNG Esports,-545
63895,LPL 2025 Split 1,2025-02-11,EDG,LNG Esports,Haichao,LNG Esports,682
63895,LPL 2025 Split 1,2025-02-11,EDG,LNG Esports,Photic,LNG Esports,-116
63895,LPL 2025 Split 1,2025-02-11,EDG,LNG Esports,Zhuo,LNG Esports,-330
63896,LPL 2025 Split 1,2025-02-11,EDG,LNG Esports,Zika,EDG,-522
63896,LPL 2025 Split 1,2025-02-11,EDG,LNG Esports,WeiWei,EDG,-31
63896,LPL 2025 Split 1,2025-02-11,EDG,LNG Esports,Haichao,EDG,-321
63896,LPL 2025 Split 1,2025-02-11,EDG,LNG Esports,Photic,EDG,-693
63896,LPL 2025 Split 1,2025-02-11,EDG,LNG Esports,Zhuo,EDG,-325
63896,LPL 2025 Split 1,2025-02-11,EDG,LNG Esports,Zdz,LNG Esports,522
63896,LPL 2025 Split 1,2025-02-11,EDG,LNG Esports,Xiaohao,LNG Esports,31
63896,LPL 2025 Split 1,2025-02-11,EDG,LNG Esports,Angel,LNG Esports,321
63896,LPL 2025 Split 1,2025-02-11,EDG,LNG Esports,Assum,LNG Esports,693
63896,LPL 2025 Split 1,2025-02-11,EDG,LNG Esports,Wink,LNG Esports,325
63897,LPL 2025 Split 1,2025-02-11,EDG,LNG Esports,Zika,EDG,-663
63897,LPL 2025 Split 1,2025-02-11,EDG,LNG Esports,WeiWei,EDG,-458
63897,LPL 2025 Split 1,2025-02-11,EDG,LNG Esports,Haichao,EDG,-179
63897,LPL 2025 Split 1,2025-02-11,EDG,LNG Esports,Photic,EDG,476
63897,LPL 2025 Split 1,2025-02-11,EDG,LNG Esports,Zhuo,EDG,158
63897,LPL 2025 Split 1,2025-02-11,EDG,LNG Esports,Zdz,LNG Esports,663
63897,LPL 2025 Split 1,2025-02-11,EDG,LNG Esports,Xiaohao,LNG Esports,458
63897,LPL 2025 Split 1,2025-02-11,EDG,LNG Esports,Angel,LNG Esports,179
63897,LPL 2025 Split 1,2025-02-11,EDG,LNG Esports,Assum,LNG Esports,-476
63897,LPL 2025 Split 1,2025-02-11,EDG,LNG Esports,Wink,LNG Esports,-158
63835,LPL 2025 Split 1,2025-02-10,AL,Team WE,Cube,AL,-86
63835,LPL 2025 Split 1,2025-02-10,AL,Team WE,Monki,AL,-261
63835,LPL 2025 Split 1,2025-02-10,AL,Team WE,Karis,AL,-1823
63835,LPL 2025 Split 1,2025-02-10,AL,Team WE,Taeyoon,AL,-576
63835,LPL 2025 Split 1,2025-02-10,AL,Team WE,Vampire,AL,-463
63835,LPL 2025 Split 1,2025-02-10,AL,Team WE,Flandre,Team WE,86
63835,LPL 2025 Split 1,2025-02-10,AL,Team WE,Tarzan,Team WE,261
63835,LPL 2025 Split 1,2025-02-10,AL,Team WE,Shanks,Team WE,1823
63835,LPL 2025 Split 1,2025-02-10,AL,Team WE,Hope,Team WE,576
63835,LPL 2025 Split 1,2025-02-10,AL,Team WE,Kael,Team WE,463
63836,LPL 2025 Split 1,2025-02-10,AL,Team WE,Cube,AL,-508
63836,LPL 2025 Split 1,2025-02-10,AL,Team WE,Monki,AL,-967
63836,LPL 2025 Split 1,2025-02-10,AL,Team WE,Karis,AL,654
63836,LPL 2025 Split 1,2025-02-10,AL,Team WE,Taeyoon,AL,-232
63836,LPL 2025 Split 1,2025-02-10,AL,Team WE,Vampire,AL,61
63836,LPL 2025 Split 1,2025-02-10,AL,Team WE,Flandre,Team WE,508
63836,LPL 2025 Split 1,2025-02-10,AL,Team WE,Tarzan,Team WE,967
63836,LPL 2025 Split 1,2025-02-10,AL,Team WE,Shanks,Team WE,-654
63836,LPL 2025 Split 1,2025-02-10,AL,Team WE,Hope,Team WE,232
63836,LPL 2025 Split 1,2025-02-10,AL,Team WE,Kael,Team WE,-61
63837,LPL 2025 Split 1,2025-02-10,AL,Team WE,Cube,AL,-730
63837,LPL 2025 Split 1,2025-02-10,AL,Team WE,Monki,AL,-496
63837,LPL 2025 Split 1,2025-02-10,AL,Team WE,Karis,AL,642
63837,LPL 2025 Split 1,2025-02-10,AL,Team WE,Taeyoon,AL,289
63837,LPL 2025 Split 1,2025-02-10,AL,Team WE,Vampire,AL,-406
63837,LPL 2025 Split 1,2025-02-10,AL,Team WE,Flandre,Team WE,730
63837,LPL 2025 Split 1,2025-02-10,AL,Team WE,Tarzan,Team WE,496
63837,LPL 2025 Split 1,2025-02-10,AL,Team WE,Shanks,Team WE,-642
63837,LPL 2025 Split 1,2025-02-10,AL,Team WE,Hope,Team WE,-289
63837,LPL 2025 Split 1,2025-02-10,AL,Team WE,Kael,Team WE,406
63838,LPL 2025 Split 1,2025-02-10,AL,Team WE,Flandre,AL,-1282
63838,LPL 2025 Split 1,2025-02-10,AL,Team WE,Tarzan,AL,215
63838,LPL 2025 Split 1,2025-02-10,AL,Team WE,Shanks,AL,283
63838,LPL 2025 Split 1,2025-02-10,AL,Team WE,Hope,AL,-366
63838,LPL 2025 Split 1,2025-02-10,AL,Team WE,Kael,AL,157
63838,LPL 2025 Split 1,2025-02-10,AL,Team WE,Cube,Team WE,1282
63838,LPL 2025 Split 1,2025-02-10,AL,Team WE,Monki,Team WE,-215
63838,LPL 2025 Split 1,2025-02-10,AL,Team WE,Karis,Team WE,-283
63838,LPL 2025 Split 1,2025-02-10,AL,Team WE,Taeyoon,Team WE,366
63838,LPL 2025 Split 1,2025-02-10,AL,Team WE,Vampire,Team WE,-157
63366,LPL 2025 Split 1,2025-02-09,WBG,JD Gaming,Ale,WBG,526
63366,LPL 2025 Split 1,2025-02-09,WBG,JD Gaming,XUN,WBG,602
63366,LPL 2025 Split 1,2025-02-09,WBG,JD Gaming,Scout,WBG,-178
63366,LPL 2025 Split 1,2025-02-09,WBG,JD Gaming,Peyz,WBG,479
63366,LPL 2025 Split 1,2025-02-09,WBG,JD Gaming,Missing,WBG,207
63366,LPL 2025 Split 1,2025-02-09,WBG,JD Gaming,Breathe,JD Gaming,-526
63366,LPL 2025 Split 1,2025-02-09,WBG,JD Gaming,Tian,JD Gaming,-602
63366,LPL 2025 Split 1,2025-02-09,WBG,JD Gaming,xiaohu,JD Gaming,178
63366,LPL 2025 Split 1,2025-02-09,WBG,JD Gaming,Light,JD Gaming,-479
63366,LPL 2025 Split 1,2025-02-09,WBG,JD Gaming,Hang,JD Gaming,-207
63367,LPL 2025 Split 1,2025-02-09,WBG,JD Gaming,Ale,WBG,1394
63367,LPL 2025 Split 1,2025-02-09,WBG,JD Gaming,XUN,WBG,1230
63367,LPL 2025 Split 1,2025-02-09,WBG,JD Gaming,Scout,WBG,981
63367,LPL 2025 Split 1,2025-02-09,WBG,JD Gaming,Peyz,WBG,-59
63367,LPL 2025 Split 1,2025-02-09,WBG,JD Gaming,Missing,WBG,-352
63367,LPL 2025 Split 1,2025-02-09,WBG,JD Gaming,Breathe,JD Gaming,-1394
63367,LPL 2025 Split 1,2025-02-09,WBG,JD Gaming,Tian,JD Gaming,-1230
63367,LPL 2025 Split 1,2025-02-09,WBG,JD Gaming,xiaohu,JD Gaming,-981
63367,LPL 2025 Split 1,2025-02-09,WBG,JD Gaming,Light,JD Gaming,59
63367,LPL 2025 Split 1,2025-02-09,WBG,JD Gaming,Hang,JD Gaming,352
63368,LPL 2025 Split 1,2025-02-09,WBG,JD Gaming,Breathe,WBG,6
63368,LPL 2025 Split 1,2025-02-09,WBG,JD Gaming,Tian,WBG,-351
63368,LPL 2025 Split 1,2025-02-09,WBG,JD Gaming,xiaohu,WBG,-540
63368,LPL 2025 Split 1,2025-02-09,WBG,JD Gaming,Light,WBG,96
63368,LPL 2025 Split 1,2025-02-09,WBG,JD Gaming,Hang,WBG,545
63368,LPL 2025 Split 1,2025-02-09,WBG,JD Gaming,Ale,JD Gaming,-6
63368,LPL 2025 Split 1,2025-02-09,WBG,JD Gaming,XUN,JD Gaming,351
63368,LPL 2025 Split 1,2025-02-09,WBG,JD Gaming,Scout,JD Gaming,540
63368,LPL 2025 Split 1,2025-02-09,WBG,JD Gaming,Peyz,JD Gaming,-96
63368,LPL 2025 Split 1,2025-02-09,WBG,JD Gaming,Missing,JD Gaming,-545
63369,LPL 2025 Split 1,2025-02-09,WBG,JD Gaming,Ale,WBG,1901
63369,LPL 2025 Split 1,2025-02-09,WBG,JD Gaming,XUN,WBG,691
63369,LPL 2025 Split 1,2025-02-09,WBG,JD Gaming,Scout,WBG,329
63369,LPL 2025 Split 1,2025-02-09,WBG,JD Gaming,Peyz,WBG,237
63369,LPL 2025 Split 1,2025-02-09,WBG,JD Gaming,Missing,WBG,279
63369,LPL 2025 Split 1,2025-02-09,WBG,JD Gaming,Breathe,JD Gaming,-1901
63369,LPL 2025 Split 1,2025-02-09,WBG,JD Gaming,Tian,JD Gaming,-691
63369,LPL 2025 Split 1,2025-02-09,WBG,JD Gaming,xiaohu,JD Gaming,-329
63369,LPL 2025 Split 1,2025-02-09,WBG,JD Gaming,Light,JD Gaming,-237
63369,LPL 2025 Split 1,2025-02-09,WBG,JD Gaming,Hang,JD Gaming,-279
63370,LPL 2025 Split 1,2025-02-09,WBG,JD Gaming,Breathe,WBG,33
63370,LPL 2025 Split 1,2025-02-09,WBG,JD Gaming,Tian,WBG,-1004
63370,LPL 2025 Split 1,2025-02-09,WBG,JD Gaming,xiaohu,WBG,-838
63370,LPL 2025 Split 1,2025-02-09,WBG,JD Gaming,Light,WBG,-577
63370,LPL 2025 Split 1,2025-02-09,WBG,JD Gaming,Hang,WBG,33
63370,LPL 2025 Split 1,2025-02-09,WBG,JD Gaming,Ale,JD Gaming,-33
63370,LPL 2025 Split 1,2025-02-09,WBG,JD Gaming,XUN,JD Gaming,1004
63370,LPL 2025 Split 1,2025-02-09,WBG,JD Gaming,Scout,JD Gaming,838
63370,LPL 2025 Split 1,2025-02-09,WBG,JD Gaming,Peyz,JD Gaming,577
63370,LPL 2025 Split 1,2025-02-09,WBG,JD Gaming,Missing,JD Gaming,-33
63361,LPL 2025 Split 1,2025-02-08,FPX,NIP,shanji,FPX,77
63361,LPL 2025 Split 1,2025-02-08,FPX,NIP,AKi,FPX,1264
63361,LPL 2025 Split 1,2025-02-08,FPX,NIP,Doinb,FPX,920
63361,LPL 2025 Split 1,2025-02-08,FPX,NIP,Leave,FPX,903
63361,LPL 2025 Split 1,2025-02-08,FPX,NIP,Ppgod,FPX,1057
63361,LPL 2025 Split 1,2025-02-08,FPX,NIP,sheer,NIP,-77
63361,LPL 2025 Split 1,2025-02-08,FPX,NIP,Shad0w,NIP,-1264
63361,LPL 2025 Split 1,2025-02-08,FPX,NIP,Care,NIP,-920
63361,LPL 2025 Split 1,2025-02-08,FPX,NIP,bat,NIP,-903
63361,LPL 2025 Split 1,2025-02-08,FPX,NIP,Jwei,NIP,-1057
63362,LPL 2025 Split 1,2025-02-08,FPX,NIP,sheer,FPX,592
63362,LPL 2025 Split 1,2025-02-08,FPX,NIP,Shad0w,FPX,-826
63362,LPL 2025 Split 1,2025-02-08,FPX,NIP,Care,FPX,-985
63362,LPL 2025 Split 1,2025-02-08,FPX,NIP,bat,FPX,-1083
63362,LPL 2025 Split 1,2025-02-08,FPX,NIP,Jwei,FPX,22
63362,LPL 2025 Split 1,2025-02-08,FPX,NIP,shanji,NIP,-592
63362,LPL 2025 Split 1,2025-02-08,FPX,NIP,AKi,NIP,826
63362,LPL 2025 Split 1,2025-02-08,FPX,NIP,Doinb,NIP,985
63362,LPL 2025 Split 1,2025-02-08,FPX,NIP,Leave,NIP,1083
63362,LPL 2025 Split 1,2025-02-08,FPX,NIP,Ppgod,NIP,-22
63363,LPL 2025 Split 1,2025-02-08,FPX,NIP,sheer,FPX,0
63363,LPL 2025 Split 1,2025-02-08,FPX,NIP,Shad0w,FPX,-1458
63363,LPL 2025 Split 1,2025-02-08,FPX,NIP,Care,FPX,1619
63363,LPL 2025 Split 1,2025-02-08,FPX,NIP,bat,FPX,-1176
63363,LPL 2025 Split 1,2025-02-08,FPX,NIP,Jwei,FPX,-701
63363,LPL 2025 Split 1,2025-02-08,FPX,NIP,shanji,NIP,0
63363,LPL 2025 Split 1,2025-02-08,FPX,NIP,AKi,NIP,1458
63363,LPL 2025 Split 1,2025-02-08,FPX,NIP,Doinb,NIP,-1619
63363,LPL 2025 Split 1,2025-02-08,FPX,NIP,Leave,NIP,1176
63363,LPL 2025 Split 1,2025-02-08,FPX,NIP,Ppgod,NIP,701
63098,LPL 2025 Split 1,2025-01-25,RNG,IG,TheShy,RNG,130
63098,LPL 2025 Split 1,2025-01-25,RNG,IG,Jiejie,RNG,-1085
63098,LPL 2025 Split 1,2025-01-25,RNG,IG,RooKie,RNG,669
63098,LPL 2025 Split 1,2025-01-25,RNG,IG,GALA,RNG,-429
63098,LPL 2025 Split 1,2025-01-25,RNG,IG,meiko,RNG,13
63098,LPL 2025 Split 1,2025-01-25,RNG,IG,Xiaoxu,IG,-130
63098,LPL 2025 Split 1,2025-01-25,RNG,IG,milkyway,IG,1085
63098,LPL 2025 Split 1,2025-01-25,RNG,IG,Tangyuan,IG,-669
63098,LPL 2025 Split 1,2025-01-25,RNG,IG,JiaQi,IG,429
63098,LPL 2025 Split 1,2025-01-25,RNG,IG,Lele,IG,-13
63099,LPL 2025 Split 1,2025-01-25,RNG,IG,TheShy,RNG,16
63099,LPL 2025 Split 1,2025-01-25,RNG,IG,Jiejie,RNG,857
63099,LPL 2025 Split 1,2025-01-25,RNG,IG,RooKie,RNG,463
63099,LPL 2025 Split 1,2025-01-25,RNG,IG,GALA,RNG,382
63099,LPL 2025 Split 1,2025-01-25,RNG,IG,meiko,RNG,-356
63099,LPL 2025 Split 1,2025-01-25,RNG,IG,Xiaoxu,IG,-16
63099,LPL 2025 Split 1,2025-01-25,RNG,IG,milkyway,IG,-857
63099,LPL 2025 Split 1,2025-01-25,RNG,IG,Tangyuan,IG,-463
63099,LPL 2025 Split 1,2025-01-25,RNG,IG,JiaQi,IG,-382
63099,LPL 2025 Split 1,2025-01-25,RNG,IG,Lele,IG,356
63100,LPL 2025 Split 1,2025-01-25,RNG,IG,Xiaoxu,RNG,-650
63100,LPL 2025 Split 1,2025-01-25,RNG,IG,milkyway,RNG,-795
63100,LPL 2025 Split 1,2025-01-25,RNG,IG,Tangyuan,RNG,-1112
63100,LPL 2025 Split 1,2025-01-25,RNG,IG,JiaQi,RNG,-1252
63100,LPL 2025 Split 1,2025-01-25,RNG,IG,Lele,RNG,-575
63100,LPL 2025 Split 1,2025-01-25,RNG,IG,TheShy,IG,650
63100,LPL 2025 Split 1,2025-01-25,RNG,IG,Jiejie,IG,795
63100,LPL 2025 Split 1,2025-01-25,RNG,IG,RooKie,IG,1112
63100,LPL 2025 Split 1,2025-01-25,RNG,IG,GALA,IG,1252
63100,LPL 2025 Split 1,2025-01-25,RNG,IG,meiko,IG,575
63101,LPL 2025 Split 1,2025-01-25,RNG,IG,TheShy,RNG,521
63101,LPL 2025 Split 1,2025-01-25,RNG,IG,Jiejie,RNG,-1455
63101,LPL 2025 Split 1,2025-01-25,RNG,IG,RooKie,RNG,-234
63101,LPL 2025 Split 1,2025-01-25,RNG,IG,GALA,RNG,525
63101,LPL 2025 Split 1,2025-01-25,RNG,IG,meiko,RNG,-84
63101,LPL 2025 Split 1,2025-01-25,RNG,IG,Xiaoxu,IG,-521
63101,LPL 2025 Split 1,2025-01-25,RNG,IG,milkyway,IG,1455
63101,LPL 2025 Split 1,2025-01-25,RNG,IG,Tangyuan,IG,234
63101,LPL 2025 Split 1,2025-01-25,RNG,IG,JiaQi,IG,-525
63101,LPL 2025 Split 1,2025-01-25,RNG,IG,Lele,IG,84
63093,LPL 2025 Split 1,2025-01-25,LNG Esports,BLG,Bin,LNG Esports,906
63093,LPL 2025 Split 1,2025-01-25,LNG Esports,BLG,Wei,LNG Esports,109
63093,LPL 2025 Split 1,2025-01-25,LNG Esports,BLG,Knight,LNG Esports,244
63093,LPL 2025 Split 1,2025-01-25,LNG Esports,BLG,Elk,LNG Esports,2326
63093,LPL 2025 Split 1,2025-01-25,LNG Esports,BLG,ON,LNG Esports,845
63093,LPL 2025 Split 1,2025-01-25,LNG Esports,BLG,Zika,BLG,-906
63093,LPL 2025 Split 1,2025-01-25,LNG Esports,BLG,WeiWei,BLG,-109
63093,LPL 2025 Split 1,2025-01-25,LNG Esports,BLG,Haichao,BLG,-244
63093,LPL 2025 Split 1,2025-01-25,LNG Esports,BLG,Photic,BLG,-2326
63093,LPL 2025 Split 1,2025-01-25,LNG Esports,BLG,Zhuo,BLG,-845
63094,LPL 2025 Split 1,2025-01-25,LNG Esports,BLG,Zika,LNG Esports,605
63094,LPL 2025 Split 1,2025-01-25,LNG Esports,BLG,WeiWei,LNG Esports,-378
63094,LPL 2025 Split 1,2025-01-25,LNG Esports,BLG,Haichao,LNG Esports,362
63094,LPL 2025 Split 1,2025-01-25,LNG Esports,BLG,Photic,LNG Esports,-1204
63094,LPL 2025 Split 1,2025-01-25,LNG Esports,BLG,Zhuo,LNG Esports,-359
63094,LPL 2025 Split 1,2025-01-25,LNG Esports,BLG,Bin,BLG,-605
63094,LPL 2025 Split 1,2025-01-25,LNG Esports,BLG,Wei,BLG,378
63094,LPL 2025 Split 1,2025-01-25,LNG Esports,BLG,Knight,BLG,-362
63094,LPL 2025 Split 1,2025-01-25,LNG Esports,BLG,Elk,BLG,1204
63094,LPL 2025 Split 1,2025-01-25,LNG Esports,BLG,ON,BLG,359
63095,LPL 2025 Split 1,2025-01-25,LNG Esports,BLG,Zika,LNG Esports,-257
63095,LPL 2025 Split 1,2025-01-25,LNG Esports,BLG,WeiWei,LNG Esports,1120
63095,LPL 2025 Split 1,2025-01-25,LNG Esports,BLG,Haichao,LNG Esports,4
63095,LPL 2025 Split 1,2025-01-25,LNG Esports,BLG,Photic,LNG Esports,908
63095,LPL 2025 Split 1,2025-01-25,LNG Esports,BLG,Zhuo,LNG Esports,150
63095,LPL 2025 Split 1,2025-01-25,LNG Esports,BLG,Bin,BLG,257
63095,LPL 2025 Split 1,2025-01-25,LNG Esports,BLG,Wei,BLG,-1120
63095,LPL 2025 Split 1,2025-01-25,LNG Esports,BLG,Knight,BLG,-4
63095,LPL 2025 Split 1,2025-01-25,LNG Esports,BLG,Elk,BLG,-908
63095,LPL 2025 Split 1,2025-01-25,LNG Esports,BLG,ON,BLG,-150
63088,LPL 2025 Split 1,2025-01-24,AL,Top Esports,369,AL,938
63088,LPL 2025 Split 1,2025-01-24,AL,Top Esports,Kanavi,AL,-460
63088,LPL 2025 Split 1,2025-01-24,AL,Top Esports,Creme,AL,109
63088,LPL 2025 Split 1,2025-01-24,AL,Top Esports,JackeyLove,AL,191
63088,LPL 2025 Split 1,2025-01-24,AL,Top Esports,Crisp,AL,-218
63088,LPL 2025 Split 1,2025-01-24,AL,Top Esports,Flandre,Top Esports,-938
63088,LPL 2025 Split 1,2025-01-24,AL,Top Esports,Tarzan,Top Esports,460
63088,LPL 2025 Split 1,2025-01-24,AL,Top Esports,Shanks,Top Esports,-109
63088,LPL 2025 Split 1,2025-01-24,AL,Top Esports,Hope,Top Esports,-191
63088,LPL 2025 Split 1,2025-01-24,AL,Top Esports,Kael,Top Esports,218
63089,LPL 2025 Split 1,2025-01-24,AL,Top Esports,369,AL,498
63089,LPL 2025 Split 1,2025-01-24,AL,Top Esports,Kanavi,AL,579
63089,LPL 2025 Split 1,2025-01-24,AL,Top Esports,Creme,AL,-292
63089,LPL 2025 Split 1,2025-01-24,AL,Top Esports,JackeyLove,AL,322
63089,LPL 2025 Split 1,2025-01-24,AL,Top Esports,Crisp,AL,80
63089,LPL 2025 Split 1,2025-01-24,AL,Top Esports,Flandre,Top Esports,-498
63089,LPL 2025 Split 1,2025-01-24,AL,Top Esports,Tarzan,Top Esports,-579
63089,LPL 2025 Split 1,2025-01-24,AL,Top Esports,Shanks,Top Esports,292
63089,LPL 2025 Split 1,2025-01-24,AL,Top Esports,Hope,Top Esports,-322
63089,LPL 2025 Split 1,2025-01-24,AL,Top Esports,Kael,Top Esports,-80
63090,LPL 2025 Split 1,2025-01-24,AL,Top Esports,Flandre,AL,6
63090,LPL 2025 Split 1,2025-01-24,AL,Top Esports,Tarzan,AL,787
63090,LPL 2025 Split 1,2025-01-24,AL,Top Esports,Shanks,AL,126
63090,LPL 2025 Split 1,2025-01-24,AL,Top Esports,Hope,AL,-1014
63090,LPL 2025 Split 1,2025-01-24,AL,Top Esports,Kael,AL,-651
63090,LPL 2025 Split 1,2025-01-24,AL,Top Esports,369,Top Esports,-6
63090,LPL 2025 Split 1,2025-01-24,AL,Top Esports,Kanavi,Top Esports,-787
63090,LPL 2025 Split 1,2025-01-24,AL,Top Esports,Creme,Top Esports,-126
63090,LPL 2025 Split 1,2025-01-24,AL,Top Esports,JackeyLove,Top Esports,1014
63090,LPL 2025 Split 1,2025-01-24,AL,Top Esports,Crisp,Top Esports,651
63091,LPL 2025 Split 1,2025-01-24,AL,Top Esports,369,AL,-247
63091,LPL 2025 Split 1,2025-01-24,AL,Top Esports,Kanavi,AL,336
63091,LPL 2025 Split 1,2025-01-24,AL,Top Esports,Creme,AL,-893
63091,LPL 2025 Split 1,2025-01-24,AL,Top Esports,JackeyLove,AL,-1337
63091,LPL 2025 Split 1,2025-01-24,AL,Top Esports,Crisp,AL,-665
63091,LPL 2025 Split 1,2025-01-24,AL,Top Esports,Flandre,Top Esports,247
63091,LPL 2025 Split 1,2025-01-24,AL,Top Esports,Tarzan,Top Esports,-336
63091,LPL 2025 Split 1,2025-01-24,AL,Top Esports,Shanks,Top Esports,893
63091,LPL 2025 Split 1,2025-01-24,AL,Top Esports,Hope,Top Esports,1337
63091,LPL 2025 Split 1,2025-01-24,AL,Top Esports,Kael,Top Esports,665
63083,LPL 2025 Split 1,2025-01-23,JD Gaming,OMG,Hery,JD Gaming,154
63083,LPL 2025 Split 1,2025-01-23,JD Gaming,OMG,Heng,JD Gaming,1699
63083,LPL 2025 Split 1,2025-01-23,JD Gaming,OMG,Linfeng,JD Gaming,1800
63083,LPL 2025 Split 1,2025-01-23,JD Gaming,OMG,Starry,JD Gaming,1021
63083,LPL 2025 Split 1,2025-01-23,JD Gaming,OMG,Moham,JD Gaming,421
63083,LPL 2025 Split 1,2025-01-23,JD Gaming,OMG,Ale,OMG,-154
63083,LPL 2025 Split 1,2025-01-23,JD Gaming,OMG,XUN,OMG,-1699
63083,LPL 2025 Split 1,2025-01-23,JD Gaming,OMG,Scout,OMG,-1800
63083,LPL 2025 Split 1,2025-01-23,JD Gaming,OMG,Peyz,OMG,-1021
63083,LPL 2025 Split 1,2025-01-23,JD Gaming,OMG,Missing,OMG,-421
63084,LPL 2025 Split 1,2025-01-23,JD Gaming,OMG,Ale,JD Gaming,1519
63084,LPL 2025 Split 1,2025-01-23,JD Gaming,OMG,XUN,JD Gaming,1515
63084,LPL 2025 Split 1,2025-01-23,JD Gaming,OMG,Scout,JD Gaming,1161
63084,LPL 2025 Split 1,2025-01-23,JD Gaming,OMG,Peyz,JD Gaming,713
63084,LPL 2025 Split 1,2025-01-23,JD Gaming,OMG,Missing,JD Gaming,38
63084,LPL 2025 Split 1,2025-01-23,JD Gaming,OMG,Hery,OMG,-1519
63084,LPL 2025 Split 1,2025-01-23,JD Gaming,OMG,Heng,OMG,-1515
63084,LPL 2025 Split 1,2025-01-23,JD Gaming,OMG,Linfeng,OMG,-1161
63084,LPL 2025 Split 1,2025-01-23,JD Gaming,OMG,Starry,OMG,-713
63084,LPL 2025 Split 1,2025-01-23,JD Gaming,OMG,Moham,OMG,-38
63085,LPL 2025 Split 1,2025-01-23,JD Gaming,OMG,Hery,JD Gaming,100
63085,LPL 2025 Split 1,2025-01-23,JD Gaming,OMG,Heng,JD Gaming,724
63085,LPL 2025 Split 1,2025-01-23,JD Gaming,OMG,Linfeng,JD Gaming,971
63085,LPL 2025 Split 1,2025-01-23,JD Gaming,OMG,Starry,JD Gaming,441
63085,LPL 2025 Split 1,2025-01-23,JD Gaming,OMG,Moham,JD Gaming,133
63085,LPL 2025 Split 1,2025-01-23,JD Gaming,OMG,Ale,OMG,-100
63085,LPL 2025 Split 1,2025-01-23,JD Gaming,OMG,XUN,OMG,-724
63085,LPL 2025 Split 1,2025-01-23,JD Gaming,OMG,Scout,OMG,-971
63085,LPL 2025 Split 1,2025-01-23,JD Gaming,OMG,Peyz,OMG,-441
63085,LPL 2025 Split 1,2025-01-23,JD Gaming,OMG,Missing,OMG,-133
63086,LPL 2025 Split 1,2025-01-23,JD Gaming,OMG,Ale,JD Gaming,351
63086,LPL 2025 Split 1,2025-01-23,JD Gaming,OMG,XUN,JD Gaming,-167
63086,LPL 2025 Split 1,2025-01-23,JD Gaming,OMG,Scout,JD Gaming,1734
63086,LPL 2025 Split 1,2025-01-23,JD Gaming,OMG,Peyz,JD Gaming,1772
63086,LPL 2025 Split 1,2025-01-23,JD Gaming,OMG,Missing,JD Gaming,745
63086,LPL 2025 Split 1,2025-01-23,JD Gaming,OMG,Hery,OMG,-351
63086,LPL 2025 Split 1,2025-01-23,JD Gaming,OMG,Heng,OMG,167
63086,LPL 2025 Split 1,2025-01-23,JD Gaming,OMG,Linfeng,OMG,-1734
63086,LPL 2025 Split 1,2025-01-23,JD Gaming,OMG,Starry,OMG,-1772
63086,LPL 2025 Split 1,2025-01-23,JD Gaming,OMG,Moham,OMG,-745
63087,LPL 2025 Split 1,2025-01-23,JD Gaming,OMG,Hery,JD Gaming,556
63087,LPL 2025 Split 1,2025-01-23,JD Gaming,OMG,Heng,JD Gaming,-256
63087,LPL 2025 Split 1,2025-01-23,JD Gaming,OMG,Linfeng,JD Gaming,-1588
63087,LPL 2025 Split 1,2025-01-23,JD Gaming,OMG,Starry,JD Gaming,-761
63087,LPL 2025 Split 1,2025-01-23,JD Gaming,OMG,Moham,JD Gaming,294
63087,LPL 2025 Split 1,2025-01-23,JD Gaming,OMG,Ale,OMG,-556
63087,LPL 2025 Split 1,2025-01-23,JD Gaming,OMG,XUN,OMG,256
63087,LPL 2025 Split 1,2025-01-23,JD Gaming,OMG,Scout,OMG,1588
63087,LPL 2025 Split 1,2025-01-23,JD Gaming,OMG,Peyz,OMG,761
63087,LPL 2025 Split 1,2025-01-23,JD Gaming,OMG,Missing,OMG,-294
63078,LPL 2025 Split 1,2025-01-22,Team WE,LGD Gaming,sasi,Team WE,442
63078,LPL 2025 Split 1,2025-01-22,Team WE,LGD Gaming,Climber,Team WE,70
63078,LPL 2025 Split 1,2025-01-22,Team WE,LGD Gaming,xqw,Team WE,529
63078,LPL 2025 Split 1,2025-01-22,Team WE,LGD Gaming,Shaoye,Team WE,11
63078,LPL 2025 Split 1,2025-01-22,Team WE,LGD Gaming,Ycx,Team WE,402
63078,LPL 2025 Split 1,2025-01-22,Team WE,LGD Gaming,Cube,LGD Gaming,-442
63078,LPL 2025 Split 1,2025-01-22,Team WE,LGD Gaming,Tianzhen,LGD Gaming,-70
63078,LPL 2025 Split 1,2025-01-22,Team WE,LGD Gaming,Karis,LGD Gaming,-529
63078,LPL 2025 Split 1,2025-01-22,Team WE,LGD Gaming,Taeyoon,LGD Gaming,-11
63078,LPL 2025 Split 1,2025-01-22,Team WE,LGD Gaming,Vampire,LGD Gaming,-402
63079,LPL 2025 Split 1,2025-01-22,Team WE,LGD Gaming,Cube,Team WE,-335
63079,LPL 2025 Split 1,2025-01-22,Team WE,LGD Gaming,Tianzhen,Team WE,-139
63079,LPL 2025 Split 1,2025-01-22,Team WE,LGD Gaming,Karis,Team WE,127
63079,LPL 2025 Split 1,2025-01-22,Team WE,LGD Gaming,Taeyoon,Team WE,-1044
63079,LPL 2025 Split 1,2025-01-22,Team WE,LGD Gaming,Vampire,Team WE,129
63079,LPL 2025 Split 1,2025-01-22,Team WE,LGD Gaming,sasi,LGD Gaming,335
63079,LPL 2025 Split 1,2025-01-22,Team WE,LGD Gaming,Climber,LGD Gaming,139
63079,LPL 2025 Split 1,2025-01-22,Team WE,LGD Gaming,xqw,LGD Gaming,-127
63079,LPL 2025 Split 1,2025-01-22,Team WE,LGD Gaming,Shaoye,LGD Gaming,1044
63079,LPL 2025 Split 1,2025-01-22,Team WE,LGD Gaming,Ycx,LGD Gaming,-129
63080,LPL 2025 Split 1,2025-01-22,Team WE,LGD Gaming,Cube,Team WE,162
63080,LPL 2025 Split 1,2025-01-22,Team WE,LGD Gaming,Tianzhen,Team WE,412
63080,LPL 2025 Split 1,2025-01-22,Team WE,LGD Gaming,Karis,Team WE,-68
63080,LPL 2025 Split 1,2025-01-22,Team WE,LGD Gaming,Taeyoon,Team WE,-926
63080,LPL 2025 Split 1,2025-01-22,Team WE,LGD Gaming,Vampire,Team WE,-117
63080,LPL 2025 Split 1,2025-01-22,Team WE,LGD Gaming,sasi,LGD Gaming,-162
63080,LPL 2025 Split 1,2025-01-22,Team WE,LGD Gaming,Climber,LGD Gaming,-412
63080,LPL 2025 Split 1,2025-01-22,Team WE,LGD Gaming,xqw,LGD Gaming,68
63080,LPL 2025 Split 1,2025-01-22,Team WE,LGD Gaming,Shaoye,LGD Gaming,926
63080,LPL 2025 Split 1,2025-01-22,Team WE,LGD Gaming,Ycx,LGD Gaming,117
63073,LPL 2025 Split 1,2025-01-21,EDG,TT,Zdz,EDG,911
63073,LPL 2025 Split 1,2025-01-21,EDG,TT,Xiaohao,EDG,-968
63073,LPL 2025 Split 1,2025-01-21,EDG,TT,Angel,EDG,-187
63073,LPL 2025 Split 1,2025-01-21,EDG,TT,Assum,EDG,-286
63073,LPL 2025 Split 1,2025-01-21,EDG,TT,Wink,EDG,-472
63073,LPL 2025 Split 1,2025-01-21,EDG,TT,Hoya,TT,-911
63073,LPL 2025 Split 1,2025-01-21,EDG,TT,Beichuan,TT,968
63073,LPL 2025 Split 1,2025-01-21,EDG,TT,SeTab,TT,187
63073,LPL 2025 Split 1,2025-01-21,EDG,TT,1xn,TT,286
63073,LPL 2025 Split 1,2025-01-21,EDG,TT,Feather,TT,472
63074,LPL 2025 Split 1,2025-01-21,EDG,TT,Hoya,EDG,-840
63074,LPL 2025 Split 1,2025-01-21,EDG,TT,Beichuan,EDG,384
63074,LPL 2025 Split 1,2025-01-21,EDG,TT,SeTab,EDG,771
63074,LPL 2025 Split 1,2025-01-21,EDG,TT,1xn,EDG,430
63074,LPL 2025 Split 1,2025-01-21,EDG,TT,Feather,EDG,-20
63074,LPL 2025 Split 1,2025-01-21,EDG,TT,Zdz,TT,840
63074,LPL 2025 Split 1,2025-01-21,EDG,TT,Xiaohao,TT,-384
63074,LPL 2025 Split 1,2025-01-21,EDG,TT,Angel,TT,-771
63074,LPL 2025 Split 1,2025-01-21,EDG,TT,Assum,TT,-430
63074,LPL 2025 Split 1,2025-01-21,EDG,TT,Wink,TT,20
63075,LPL 2025 Split 1,2025-01-21,EDG,TT,Zdz,EDG,416
63075,LPL 2025 Split 1,2025-01-21,EDG,TT,Xiaohao,EDG,501
63075,LPL 2025 Split 1,2025-01-21,EDG,TT,Angel,EDG,-210
63075,LPL 2025 Split 1,2025-01-21,EDG,TT,Assum,EDG,-736
63075,LPL 2025 Split 1,2025-01-21,EDG,TT,Wink,EDG,172
63075,LPL 2025 Split 1,2025-01-21,EDG,TT,Hoya,TT,-416
63075,LPL 2025 Split 1,2025-01-21,EDG,TT,Beichuan,TT,-501
63075,LPL 2025 Split 1,2025-01-21,EDG,TT,SeTab,TT,210
63075,LPL 2025 Split 1,2025-01-21,EDG,TT,1xn,TT,736
63075,LPL 2025 Split 1,2025-01-21,EDG,TT,Feather,TT,-172
63076,LPL 2025 Split 1,2025-01-21,EDG,TT,Zdz,EDG,-767
63076,LPL 2025 Split 1,2025-01-21,EDG,TT,Xiaohao,EDG,24
63076,LPL 2025 Split 1,2025-01-21,EDG,TT,Angel,EDG,-477
63076,LPL 2025 Split 1,2025-01-21,EDG,TT,Assum,EDG,-244
63076,LPL 2025 Split 1,2025-01-21,EDG,TT,Wink,EDG,71
63076,LPL 2025 Split 1,2025-01-21,EDG,TT,Hoya,TT,767
63076,LPL 2025 Split 1,2025-01-21,EDG,TT,Beichuan,TT,-24
63076,LPL 2025 Split 1,2025-01-21,EDG,TT,SeTab,TT,477
63076,LPL 2025 Split 1,2025-01-21,EDG,TT,1xn,TT,244
63076,LPL 2025 Split 1,2025-01-21,EDG,TT,Feather,TT,-71
63068,LPL 2025 Split 1,2025-01-20,Ultra Prime,JD Gaming,Ale,Ultra Prime,621
63068,LPL 2025 Split 1,2025-01-20,Ultra Prime,JD Gaming,XUN,Ultra Prime,194
63068,LPL 2025 Split 1,2025-01-20,Ultra Prime,JD Gaming,Scout,Ultra Prime,91
63068,LPL 2025 Split 1,2025-01-20,Ultra Prime,JD Gaming,Peyz,Ultra Prime,782
63068,LPL 2025 Split 1,2025-01-20,Ultra Prime,JD Gaming,Missing,Ultra Prime,-31
63068,LPL 2025 Split 1,2025-01-20,Ultra Prime,JD Gaming,1Jiang,JD Gaming,-621
63068,LPL 2025 Split 1,2025-01-20,Ultra Prime,JD Gaming,Junhao,JD Gaming,-194
63068,LPL 2025 Split 1,2025-01-20,Ultra Prime,JD Gaming,Saber,JD Gaming,-91
63068,LPL 2025 Split 1,2025-01-20,Ultra Prime,JD Gaming,Wako,JD Gaming,-782
63068,LPL 2025 Split 1,2025-01-20,Ultra Prime,JD Gaming,Rosielove,JD Gaming,31
63069,LPL 2025 Split 1,2025-01-20,Ultra Prime,JD Gaming,1Jiang,Ultra Prime,815
63069,LPL 2025 Split 1,2025-01-20,Ultra Prime,JD Gaming,Junhao,Ultra Prime,71
63069,LPL 2025 Split 1,2025-01-20,Ultra Prime,JD Gaming,Saber,Ultra Prime,-25
63069,LPL 2025 Split 1,2025-01-20,Ultra Prime,JD Gaming,Wako,Ultra Prime,-1120
63069,LPL 2025 Split 1,2025-01-20,Ultra Prime,JD Gaming,Rosielove,Ultra Prime,-445
63069,LPL 2025 Split 1,2025-01-20,Ultra Prime,JD Gaming,Ale,JD Gaming,-815
63069,LPL 2025 Split 1,2025-01-20,Ultra Prime,JD Gaming,XUN,JD Gaming,-71
63069,LPL 2025 Split 1,2025-01-20,Ultra Prime,JD Gaming,Scout,JD Gaming,25
63069,LPL 2025 Split 1,2025-01-20,Ultra Prime,JD Gaming,Peyz,JD Gaming,1120
63069,LPL 2025 Split 1,2025-01-20,Ultra Prime,JD Gaming,Missing,JD Gaming,445
63070,LPL 2025 Split 1,2025-01-20,Ultra Prime,JD Gaming,1Jiang,Ultra Prime,1067
63070,LPL 2025 Split 1,2025-01-20,Ultra Prime,JD Gaming,Junhao,Ultra Prime,863
63070,LPL 2025 Split 1,2025-01-20,Ultra Prime,JD Gaming,Saber,Ultra Prime,-261
63070,LPL 2025 Split 1,2025-01-20,Ultra Prime,JD Gaming,Wako,Ultra Prime,-95
63070,LPL 2025 Split 1,2025-01-20,Ultra Prime,JD Gaming,Rosielove,Ultra Prime,380
63070,LPL 2025 Split 1,2025-01-20,Ultra Prime,JD Gaming,Ale,JD Gaming,-1067
63070,LPL 2025 Split 1,2025-01-20,Ultra Prime,JD Gaming,XUN,JD Gaming,-863
63070,LPL 2025 Split 1,2025-01-20,Ultra Prime,JD Gaming,Scout,JD Gaming,261
63070,LPL 2025 Split 1,2025-01-20,Ultra Prime,JD Gaming,Peyz,JD Gaming,95
63070,LPL 2025 Split 1,2025-01-20,Ultra Prime,JD Gaming,Missing,JD Gaming,-380
63063,LPL 2025 Split 1,2025-01-19,IG,NIP,TheShy,IG,532
63063,LPL 2025 Split 1,2025-01-19,IG,NIP,Jiejie,IG,563
63063,LPL 2025 Split 1,2025-01-19,IG,NIP,RooKie,IG,-123
63063,LPL 2025 Split 1,2025-01-19,IG,NIP,GALA,IG,-1065
63063,LPL 2025 Split 1,2025-01-19,IG,NIP,meiko,IG,-647
63063,LPL 2025 Split 1,2025-01-19,IG,NIP,shanji,NIP,-532
63063,LPL 2025 Split 1,2025-01-19,IG,NIP,AKi,NIP,-563
63063,LPL 2025 Split 1,2025-01-19,IG,NIP,Doinb,NIP,123
63063,LPL 2025 Split 1,2025-01-19,IG,NIP,Leave,NIP,1065
63063,LPL 2025 Split 1,2025-01-19,IG,NIP,Ppgod,NIP,647
63064,LPL 2025 Split 1,2025-01-19,IG,NIP,shanji,IG,268
63064,LPL 2025 Split 1,2025-01-19,IG,NIP,AKi,IG,697
63064,LPL 2025 Split 1,2025-01-19,IG,NIP,Doinb,IG,334
63064,LPL 2025 Split 1,2025-01-19,IG,NIP,Leave,IG,1167
63064,LPL 2025 Split 1,2025-01-19,IG,NIP,Ppgod,IG,239
63064,LPL 2025 Split 1,2025-01-19,IG,NIP,TheShy,NIP,-268
63064,LPL 2025 Split 1,2025-01-19,IG,NIP,Jiejie,NIP,-697
63064,LPL 2025 Split 1,2025-01-19,IG,NIP,RooKie,NIP,-334
63064,LPL 2025 Split 1,2025-01-19,IG,NIP,GALA,NIP,-1167
63064,LPL 2025 Split 1,2025-01-19,IG,NIP,meiko,NIP,-239
63065,LPL 2025 Split 1,2025-01-19,IG,NIP,TheShy,IG,-324
63065,LPL 2025 Split 1,2025-01-19,IG,NIP,Jiejie,IG,-835
63065,LPL 2025 Split 1,2025-01-19,IG,NIP,RooKie,IG,250
63065,LPL 2025 Split 1,2025-01-19,IG,NIP,GALA,IG,216
63065,LPL 2025 Split 1,2025-01-19,IG,NIP,meiko,IG,430
63065,LPL 2025 Split 1,2025-01-19,IG,NIP,shanji,NIP,324
63065,LPL 2025 Split 1,2025-01-19,IG,NIP,AKi,NIP,835
63065,LPL 2025 Split 1,2025-01-19,IG,NIP,Doinb,NIP,-250
63065,LPL 2025 Split 1,2025-01-19,IG,NIP,Leave,NIP,-216
63065,LPL 2025 Split 1,2025-01-19,IG,NIP,Ppgod,NIP,-430
63066,LPL 2025 Split 1,2025-01-19,IG,NIP,TheShy,IG,174
63066,LPL 2025 Split 1,2025-01-19,IG,NIP,Jiejie,IG,-171
63066,LPL 2025 Split 1,2025-01-19,IG,NIP,RooKie,IG,-485
63066,LPL 2025 Split 1,2025-01-19,IG,NIP,GALA,IG,523
63066,LPL 2025 Split 1,2025-01-19,IG,NIP,meiko,IG,122
63066,LPL 2025 Split 1,2025-01-19,IG,NIP,shanji,NIP,-174
63066,LPL 2025 Split 1,2025-01-19,IG,NIP,AKi,NIP,171
63066,LPL 2025 Split 1,2025-01-19,IG,NIP,Doinb,NIP,485
63066,LPL 2025 Split 1,2025-01-19,IG,NIP,Leave,NIP,-523
63066,LPL 2025 Split 1,2025-01-19,IG,NIP,Ppgod,NIP,-122
62926,LPL 2025 Split 1,2025-01-18,Top Esports,Team WE,369,Top Esports,-228
62926,LPL 2025 Split 1,2025-01-18,Top Esports,Team WE,Kanavi,Top Esports,2285
62926,LPL 2025 Split 1,2025-01-18,Top Esports,Team WE,Creme,Top Esports,1544
62926,LPL 2025 Split 1,2025-01-18,Top Esports,Team WE,JackeyLove,Top Esports,547
62926,LPL 2025 Split 1,2025-01-18,Top Esports,Team WE,Crisp,Top Esports,352
62926,LPL 2025 Split 1,2025-01-18,Top Esports,Team WE,Cube,Team WE,228
62926,LPL 2025 Split 1,2025-01-18,Top Esports,Team WE,Tianzhen,Team WE,-2285
62926,LPL 2025 Split 1,2025-01-18,Top Esports,Team WE,Karis,Team WE,-1544
62926,LPL 2025 Split 1,2025-01-18,Top Esports,Team WE,Taeyoon,Team WE,-547
62926,LPL 2025 Split 1,2025-01-18,Top Esports,Team WE,Vampire,Team WE,-352
62927,LPL 2025 Split 1,2025-01-18,Top Esports,Team WE,Cube,Top Esports,-371
62927,LPL 2025 Split 1,2025-01-18,Top Esports,Team WE,Tianzhen,Top Esports,-708
62927,LPL 2025 Split 1,2025-01-18,Top Esports,Team WE,Karis,Top Esports,-558
62927,LPL 2025 Split 1,2025-01-18,Top Esports,Team WE,Taeyoon,Top Esports,-158
62927,LPL 2025 Split 1,2025-01-18,Top Esports,Team WE,Vampire,Top Esports,241
62927,LPL 2025 Split 1,2025-01-18,Top Esports,Team WE,369,Team WE,371
62927,LPL 2025 Split 1,2025-01-18,Top Esports,Team WE,Kanavi,Team WE,708
62927,LPL 2025 Split 1,2025-01-18,Top Esports,Team WE,Creme,Team WE,558
62927,LPL 2025 Split 1,2025-01-18,Top Esports,Team WE,JackeyLove,Team WE,158
62927,LPL 2025 Split 1,2025-01-18,Top Esports,Team WE,Crisp,Team WE,-241
62928,LPL 2025 Split 1,2025-01-18,Top Esports,Team WE,Cube,Top Esports,679
62928,LPL 2025 Split 1,2025-01-18,Top Esports,Team WE,Tianzhen,Top Esports,-1082
62928,LPL 2025 Split 1,2025-01-18,Top Esports,Team WE,Karis,Top Esports,488
62928,LPL 2025 Split 1,2025-01-18,Top Esports,Team WE,Taeyoon,Top Esports,55
62928,LPL 2025 Split 1,2025-01-18,Top Esports,Team WE,Vampire,Top Esports,434
62928,LPL 2025 Split 1,2025-01-18,Top Esports,Team WE,369,Team WE,-679
62928,LPL 2025 Split 1,2025-01-18,Top Esports,Team WE,Kanavi,Team WE,1082
62928,LPL 2025 Split 1,2025-01-18,Top Esports,Team WE,Creme,Team WE,-488
62928,LPL 2025 Split 1,2025-01-18,Top Esports,Team WE,JackeyLove,Team WE,-55
62928,LPL 2025 Split 1,2025-01-18,Top Esports,Team WE,Crisp,Team WE,-434
62921,LPL 2025 Split 1,2025-01-17,BLG,EDG,Zdz,BLG,-316
62921,LPL 2025 Split 1,2025-01-17,BLG,EDG,Xiaohao,BLG,378
62921,LPL 2025 Split 1,2025-01-17,BLG,EDG,Angel,BLG,342
62921,LPL 2025 Split 1,2025-01-17,BLG,EDG,Assum,BLG,-1467
62921,LPL 2025 Split 1,2025-01-17,BLG,EDG,Wink,BLG,15
62921,LPL 2025 Split 1,2025-01-17,BLG,EDG,Bin,EDG,316
62921,LPL 2025 Split 1,2025-01-17,BLG,EDG,Wei,EDG,-378
62921,LPL 2025 Split 1,2025-01-17,BLG,EDG,Knight,EDG,-342
62921,LPL 2025 Split 1,2025-01-17,BLG,EDG,Elk,EDG,1467
62921,LPL 2025 Split 1,2025-01-17,BLG,EDG,ON,EDG,-15
62922,LPL 2025 Split 1,2025-01-17,BLG,EDG,Zdz,BLG,-1745
62922,LPL 2025 Split 1,2025-01-17,BLG,EDG,Xiaohao,BLG,-249
62922,LPL 2025 Split 1,2025-01-17,BLG,EDG,Angel,BLG,-280
62922,LPL 2025 Split 1,2025-01-17,BLG,EDG,Assum,BLG,1353
62922,LPL 2025 Split 1,2025-01-17,BLG,EDG,Wink,BLG,473
62922,LPL 2025 Split 1,2025-01-17,BLG,EDG,Bin,EDG,1745
62922,LPL 2025 Split 1,2025-01-17,BLG,EDG,Wei,EDG,249
62922,LPL 2025 Split 1,2025-01-17,BLG,EDG,Knight,EDG,280
62922,LPL 2025 Split 1,2025-01-17,BLG,EDG,Elk,EDG,-1353
62922,LPL 2025 Split 1,2025-01-17,BLG,EDG,ON,EDG,-473
62923,LPL 2025 Split 1,2025-01-17,BLG,EDG,Zdz,BLG,-547
62923,LPL 2025 Split 1,2025-01-17,BLG,EDG,Xiaohao,BLG,-234
62923,LPL 2025 Split 1,2025-01-17,BLG,EDG,Angel,BLG,238
62923,LPL 2025 Split 1,2025-01-17,BLG,EDG,Assum,BLG,-1501
62923,LPL 2025 Split 1,2025-01-17,BLG,EDG,Wink,BLG,-390
62923,LPL 2025 Split 1,2025-01-17,BLG,EDG,Bin,EDG,547
62923,LPL 2025 Split 1,2025-01-17,BLG,EDG,Wei,EDG,234
62923,LPL 2025 Split 1,2025-01-17,BLG,EDG,Knight,EDG,-238
62923,LPL 2025 Split 1,2025-01-17,BLG,EDG,Elk,EDG,1501
62923,LPL 2025 Split 1,2025-01-17,BLG,EDG,ON,EDG,390
62916,LPL 2025 Split 1,2025-01-16,LGD Gaming,AL,sasi,LGD Gaming,-1398
62916,LPL 2025 Split 1,2025-01-16,LGD Gaming,AL,Climber,LGD Gaming,100
62916,LPL 2025 Split 1,2025-01-16,LGD Gaming,AL,xqw,LGD Gaming,1104
62916,LPL 2025 Split 1,2025-01-16,LGD Gaming,AL,Shaoye,LGD Gaming,514
62916,LPL 2025 Split 1,2025-01-16,LGD Gaming,AL,Ycx,LGD Gaming,147
62916,LPL 2025 Split 1,2025-01-16,LGD Gaming,AL,Flandre,AL,1398
62916,LPL 2025 Split 1,2025-01-16,LGD Gaming,AL,Tarzan,AL,-100
62916,LPL 2025 Split 1,2025-01-16,LGD Gaming,AL,Shanks,AL,-1104
62916,LPL 2025 Split 1,2025-01-16,LGD Gaming,AL,Hope,AL,-514
62916,LPL 2025 Split 1,2025-01-16,LGD Gaming,AL,Kael,AL,-147
62917,LPL 2025 Split 1,2025-01-16,LGD Gaming,AL,sasi,LGD Gaming,475
62917,LPL 2025 Split 1,2025-01-16,LGD Gaming,AL,Climber,LGD Gaming,-766
62917,LPL 2025 Split 1,2025-01-16,LGD Gaming,AL,xqw,LGD Gaming,-1358
62917,LPL 2025 Split 1,2025-01-16,LGD Gaming,AL,Shaoye,LGD Gaming,487
62917,LPL 2025 Split 1,2025-01-16,LGD Gaming,AL,Ycx,LGD Gaming,147
62917,LPL 2025 Split 1,2025-01-16,LGD Gaming,AL,Flandre,AL,-475
62917,LPL 2025 Split 1,2025-01-16,LGD Gaming,AL,Tarzan,AL,766
62917,LPL 2025 Split 1,2025-01-16,LGD Gaming,AL,Shanks,AL,1358
62917,LPL 2025 Split 1,2025-01-16,LGD Gaming,AL,Hope,AL,-487
62917,LPL 2025 Split 1,2025-01-16,LGD Gaming,AL,Kael,AL,-147
62918,LPL 2025 Split 1,2025-01-16,LGD Gaming,AL,sasi,LGD Gaming,1297
62918,LPL 2025 Split 1,2025-01-16,LGD Gaming,AL,Climber,LGD Gaming,-748
62918,LPL 2025 Split 1,2025-01-16,LGD Gaming,AL,xqw,LGD Gaming,334
62918,LPL 2025 Split 1,2025-01-16,LGD Gaming,AL,Shaoye,LGD Gaming,-2179
62918,LPL 2025 Split 1,2025-01-16,LGD Gaming,AL,Ycx,LGD Gaming,156
62918,LPL 2025 Split 1,2025-01-16,LGD Gaming,AL,Flandre,AL,-1297
62918,LPL 2025 Split 1,2025-01-16,LGD Gaming,AL,Tarzan,AL,748
62918,LPL 2025 Split 1,2025-01-16,LGD Gaming,AL,Shanks,AL,-334
62918,LPL 2025 Split 1,2025-01-16,LGD Gaming,AL,Hope,AL,2179
62918,LPL 2025 Split 1,2025-01-16,LGD Gaming,AL,Kael,AL,-156
62911,LPL 2025 Split 1,2025-01-15,WBG,Ultra Prime,1Jiang,WBG,233
62911,LPL 2025 Split 1,2025-01-15,WBG,Ultra Prime,Junhao,WBG,243
62911,LPL 2025 Split 1,2025-01-15,WBG,Ultra Prime,Saber,WBG,-209
62911,LPL 2025 Split 1,2025-01-15,WBG,Ultra Prime,Wako,WBG,-291
62911,LPL 2025 Split 1,2025-01-15,WBG,Ultra Prime,Rosielove,WBG,-37
62911,LPL 2025 Split 1,2025-01-15,WBG,Ultra Prime,Breathe,Ultra Prime,-233
62911,LPL 2025 Split 1,2025-01-15,WBG,Ultra Prime,Tian,Ultra Prime,-243
62911,LPL 2025 Split 1,2025-01-15,WBG,Ultra Prime,xiaohu,Ultra Prime,209
62911,LPL 2025 Split 1,2025-01-15,WBG,Ultra Prime,Light,Ultra Prime,291
62911,LPL 2025 Split 1,2025-01-15,WBG,Ultra Prime,Hang,Ultra Prime,37
62912,LPL 2025 Split 1,2025-01-15,WBG,Ultra Prime,1Jiang,WBG,-770
62912,LPL 2025 Split 1,2025-01-15,WBG,Ultra Prime,Junhao,WBG,153
62912,LPL 2025 Split 1,2025-01-15,WBG,Ultra Prime,Saber,WBG,-1892
62912,LPL 2025 Split 1,2025-01-15,WBG,Ultra Prime,Wako,WBG,-285
62912,LPL 2025 Split 1,2025-01-15,WBG,Ultra Prime,Rosielove,WBG,-664
62912,LPL 2025 Split 1,2025-01-15,WBG,Ultra Prime,Breathe,Ultra Prime,770
62912,LPL 2025 Split 1,2025-01-15,WBG,Ultra Prime,Tian,Ultra Prime,-153
62912,LPL 2025 Split 1,2025-01-15,WBG,Ultra Prime,xiaohu,Ultra Prime,1892
62912,LPL 2025 Split 1,2025-01-15,WBG,Ultra Prime,Light,Ultra Prime,285
62912,LPL 2025 Split 1,2025-01-15,WBG,Ultra Prime,Hang,Ultra Prime,664
62913,LPL 2025 Split 1,2025-01-15,WBG,Ultra Prime,Breathe,WBG,-217
62913,LPL 2025 Split 1,2025-01-15,WBG,Ultra Prime,Tian,WBG,1914
62913,LPL 2025 Split 1,2025-01-15,WBG,Ultra Prime,xiaohu,WBG,1602
62913,LPL 2025 Split 1,2025-01-15,WBG,Ultra Prime,Light,WBG,1140
62913,LPL 2025 Split 1,2025-01-15,WBG,Ultra Prime,Hang,WBG,827
62913,LPL 2025 Split 1,2025-01-15,WBG,Ultra Prime,1Jiang,Ultra Prime,217
62913,LPL 2025 Split 1,2025-01-15,WBG,Ultra Prime,Junhao,Ultra Prime,-1914
62913,LPL 2025 Split 1,2025-01-15,WBG,Ultra Prime,Saber,Ultra Prime,-1602
62913,LPL 2025 Split 1,2025-01-15,WBG,Ultra Prime,Wako,Ultra Prime,-1140
62913,LPL 2025 Split 1,2025-01-15,WBG,Ultra Prime,Rosielove,Ultra Prime,-827
62914,LPL 2025 Split 1,2025-01-15,WBG,Ultra Prime,1Jiang,WBG,988
62914,LPL 2025 Split 1,2025-01-15,WBG,Ultra Prime,Junhao,WBG,-787
62914,LPL 2025 Split 1,2025-01-15,WBG,Ultra Prime,Saber,WBG,-1403
62914,LPL 2025 Split 1,2025-01-15,WBG,Ultra Prime,Wako,WBG,-1700
62914,LPL 2025 Split 1,2025-01-15,WBG,Ultra Prime,Rosielove,WBG,-136
62914,LPL 2025 Split 1,2025-01-15,WBG,Ultra Prime,Breathe,Ultra Prime,-988
62914,LPL 2025 Split 1,2025-01-15,WBG,Ultra Prime,Tian,Ultra Prime,787
62914,LPL 2025 Split 1,2025-01-15,WBG,Ultra Prime,xiaohu,Ultra Prime,1403
62914,LPL 2025 Split 1,2025-01-15,WBG,Ultra Prime,Light,Ultra Prime,1700
62914,LPL 2025 Split 1,2025-01-15,WBG,Ultra Prime,Hang,Ultra Prime,136
62906,LPL 2025 Split 1,2025-01-14,RNG,FPX,Xiaoxu,RNG,-469
62906,LPL 2025 Split 1,2025-01-14,RNG,FPX,milkyway,RNG,186
62906,LPL 2025 Split 1,2025-01-14,RNG,FPX,Tangyuan,RNG,349
62906,LPL 2025 Split 1,2025-01-14,RNG,FPX,JiaQi,RNG,-360
62906,LPL 2025 Split 1,2025-01-14,RNG,FPX,Lele,RNG,-115
62906,LPL 2025 Split 1,2025-01-14,RNG,FPX,sheer,FPX,469
62906,LPL 2025 Split 1,2025-01-14,RNG,FPX,sorrow,FPX,-186
62906,LPL 2025 Split 1,2025-01-14,RNG,FPX,Care,FPX,-349
62906,LPL 2025 Split 1,2025-01-14,RNG,FPX,bat,FPX,360
62906,LPL 2025 Split 1,2025-01-14,RNG,FPX,Jwei,FPX,115
62907,LPL 2025 Split 1,2025-01-14,RNG,FPX,Xiaoxu,RNG,169
62907,LPL 2025 Split 1,2025-01-14,RNG,FPX,milkyway,RNG,774
62907,LPL 2025 Split 1,2025-01-14,RNG,FPX,Tangyuan,RNG,192
62907,LPL 2025 Split 1,2025-01-14,RNG,FPX,JiaQi,RNG,2487
62907,LPL 2025 Split 1,2025-01-14,RNG,FPX,Lele,RNG,539
62907,LPL 2025 Split 1,2025-01-14,RNG,FPX,sheer,FPX,-169
62907,LPL 2025 Split 1,2025-01-14,RNG,FPX,sorrow,FPX,-774
62907,LPL 2025 Split 1,2025-01-14,RNG,FPX,Care,FPX,-192
62907,LPL 2025 Split 1,2025-01-14,RNG,FPX,bat,FPX,-2487
62907,LPL 2025 Split 1,2025-01-14,RNG,FPX,Jwei,FPX,-539
62908,LPL 2025 Split 1,2025-01-14,RNG,FPX,sheer,RNG,-1197
62908,LPL 2025 Split 1,2025-01-14,RNG,FPX,sorrow,RNG,-647
62908,LPL 2025 Split 1,2025-01-14,RNG,FPX,Care,RNG,-1350
62908,LPL 2025 Split 1,2025-01-14,RNG,FPX,bat,RNG,1462
62908,LPL 2025 Split 1,2025-01-14,RNG,FPX,Jwei,RNG,605
62908,LPL 2025 Split 1,2025-01-14,RNG,FPX,Xiaoxu,FPX,1197
62908,LPL 2025 Split 1,2025-01-14,RNG,FPX,milkyway,FPX,647
62908,LPL 2025 Split 1,2025-01-14,RNG,FPX,Tangyuan,FPX,1350
62908,LPL 2025 Split 1,2025-01-14,RNG,FPX,JiaQi,FPX,-1462
62908,LPL 2025 Split 1,2025-01-14,RNG,FPX,Lele,FPX,-605
62909,LPL 2025 Split 1,2025-01-14,RNG,FPX,sheer,RNG,143
62909,LPL 2025 Split 1,2025-01-14,RNG,FPX,sorrow,RNG,420
62909,LPL 2025 Split 1,2025-01-14,RNG,FPX,Care,RNG,430
62909,LPL 2025 Split 1,2025-01-14,RNG,FPX,bat,RNG,-1351
62909,LPL 2025 Split 1,2025-01-14,RNG,FPX,Jwei,RNG,-119
62909,LPL 2025 Split 1,2025-01-14,RNG,FPX,Xiaoxu,FPX,-143
62909,LPL 2025 Split 1,2025-01-14,RNG,FPX,milkyway,FPX,-420
62909,LPL 2025 Split 1,2025-01-14,RNG,FPX,Tangyuan,FPX,-430
62909,LPL 2025 Split 1,2025-01-14,RNG,FPX,JiaQi,FPX,1351
62909,LPL 2025 Split 1,2025-01-14,RNG,FPX,Lele,FPX,119
62901,LPL 2025 Split 1,2025-01-13,TT,LNG Esports,Zika,TT,628
62901,LPL 2025 Split 1,2025-01-13,TT,LNG Esports,WeiWei,TT,217
62901,LPL 2025 Split 1,2025-01-13,TT,LNG Esports,Haichao,TT,-260
62901,LPL 2025 Split 1,2025-01-13,TT,LNG Esports,Photic,TT,-985
62901,LPL 2025 Split 1,2025-01-13,TT,LNG Esports,Zhuo,TT,-65
62901,LPL 2025 Split 1,2025-01-13,TT,LNG Esports,Hoya,LNG Esports,-628
62901,LPL 2025 Split 1,2025-01-13,TT,LNG Esports,Beichuan,LNG Esports,-217
62901,LPL 2025 Split 1,2025-01-13,TT,LNG Esports,SeTab,LNG Esports,260
62901,LPL 2025 Split 1,2025-01-13,TT,LNG Esports,1xn,LNG Esports,985
62901,LPL 2025 Split 1,2025-01-13,TT,LNG Esports,Feather,LNG Esports,65
62902,LPL 2025 Split 1,2025-01-13,TT,LNG Esports,Hoya,TT,-745
62902,LPL 2025 Split 1,2025-01-13,TT,LNG Esports,Beichuan,TT,-185
62902,LPL 2025 Split 1,2025-01-13,TT,LNG Esports,SeTab,TT,109
62902,LPL 2025 Split 1,2025-01-13,TT,LNG Esports,1xn,TT,225
62902,LPL 2025 Split 1,2025-01-13,TT,LNG Esports,Feather,TT,72
62902,LPL 2025 Split 1,2025-01-13,TT,LNG Esports,Zika,LNG Esports,745
62902,LPL 2025 Split 1,2025-01-13,TT,LNG Esports,WeiWei,LNG Esports,185
62902,LPL 2025 Split 1,2025-01-13,TT,LNG Esports,Haichao,LNG Esports,-109
62902,LPL 2025 Split 1,2025-01-13,TT,LNG Esports,Photic,LNG Esports,-225
62902,LPL 2025 Split 1,2025-01-13,TT,LNG Esports,Zhuo,LNG Esports,-72
62903,LPL 2025 Split 1,2025-01-13,TT,LNG Esports,Zika,TT,645
62903,LPL 2025 Split 1,2025-01-13,TT,LNG Esports,WeiWei,TT,751
62903,LPL 2025 Split 1,2025-01-13,TT,LNG Esports,Haichao,TT,-279
62903,LPL 2025 Split 1,2025-01-13,TT,LNG Esports,Photic,TT,-282
62903,LPL 2025 Split 1,2025-01-13,TT,LNG Esports,Zhuo,TT,-102
62903,LPL 2025 Split 1,2025-01-13,TT,LNG Esports,Hoya,LNG Esports,-645
62903,LPL 2025 Split 1,2025-01-13,TT,LNG Esports,Beichuan,LNG Esports,-751
62903,LPL 2025 Split 1,2025-01-13,TT,LNG Esports,SeTab,LNG Esports,279
62903,LPL 2025 Split 1,2025-01-13,TT,LNG Esports,1xn,LNG Esports,282
62903,LPL 2025 Split 1,2025-01-13,TT,LNG Esports,Feather,LNG Esports,102
62904,LPL 2025 Split 1,2025-01-13,TT,LNG Esports,Zika,TT,307
62904,LPL 2025 Split 1,2025-01-13,TT,LNG Esports,WeiWei,TT,-1528
62904,LPL 2025 Split 1,2025-01-13,TT,LNG Esports,Haichao,TT,-280
62904,LPL 2025 Split 1,2025-01-13,TT,LNG Esports,Photic,TT,-579
62904,LPL 2025 Split 1,2025-01-13,TT,LNG Esports,Zhuo,TT,-164
62904,LPL 2025 Split 1,2025-01-13,TT,LNG Esports,Hoya,LNG Esports,-307
62904,LPL 2025 Split 1,2025-01-13,TT,LNG Esports,Beichuan,LNG Esports,1528
62904,LPL 2025 Split 1,2025-01-13,TT,LNG Esports,SeTab,LNG Esports,280
62904,LPL 2025 Split 1,2025-01-13,TT,LNG Esports,1xn,LNG Esports,579
62904,LPL 2025 Split 1,2025-01-13,TT,LNG Esports,Feather,LNG Esports,164
62896,LPL 2025 Split 1,2025-01-12,OMG,WBG,Breathe,OMG,-600
62896,LPL 2025 Split 1,2025-01-12,OMG,WBG,Tian,OMG,528
62896,LPL 2025 Split 1,2025-01-12,OMG,WBG,xiaohu,OMG,1072
62896,LPL 2025 Split 1,2025-01-12,OMG,WBG,Light,OMG,-199
62896,LPL 2025 Split 1,2025-01-12,OMG,WBG,Hang,OMG,250
62896,LPL 2025 Split 1,2025-01-12,OMG,WBG,Hery,WBG,600
62896,LPL 2025 Split 1,2025-01-12,OMG,WBG,Heng,WBG,-528
62896,LPL 2025 Split 1,2025-01-12,OMG,WBG,Linfeng,WBG,-1072
62896,LPL 2025 Split 1,2025-01-12,OMG,WBG,Starry,WBG,199
62896,LPL 2025 Split 1,2025-01-12,OMG,WBG,Moham,WBG,-250
62897,LPL 2025 Split 1,2025-01-12,OMG,WBG,Hery,OMG,-191
62897,LPL 2025 Split 1,2025-01-12,OMG,WBG,Heng,OMG,197
62897,LPL 2025 Split 1,2025-01-12,OMG,WBG,Linfeng,OMG,-922
62897,LPL 2025 Split 1,2025-01-12,OMG,WBG,Starry,OMG,-1727
62897,LPL 2025 Split 1,2025-01-12,OMG,WBG,Moham,OMG,-245
62897,LPL 2025 Split 1,2025-01-12,OMG,WBG,Breathe,WBG,191
62897,LPL 2025 Split 1,2025-01-12,OMG,WBG,Tian,WBG,-197
62897,LPL 2025 Split 1,2025-01-12,OMG,WBG,xiaohu,WBG,922
62897,LPL 2025 Split 1,2025-01-12,OMG,WBG,Light,WBG,1727
62897,LPL 2025 Split 1,2025-01-12,OMG,WBG,Hang,WBG,245
62898,LPL 2025 Split 1,2025-01-12,OMG,WBG,Hery,OMG,-403
62898,LPL 2025 Split 1,2025-01-12,OMG,WBG,Heng,OMG,936
62898,LPL 2025 Split 1,2025-01-12,OMG,WBG,Linfeng,OMG,178
62898,LPL 2025 Split 1,2025-01-12,OMG,WBG,Starry,OMG,672
62898,LPL 2025 Split 1,2025-01-12,OMG,WBG,Moham,OMG,1077
62898,LPL 2025 Split 1,2025-01-12,OMG,WBG,Breathe,WBG,403
62898,LPL 2025 Split 1,2025-01-12,OMG,WBG,Tian,WBG,-936
62898,LPL 2025 Split 1,2025-01-12,OMG,WBG,xiaohu,WBG,-178
62898,LPL 2025 Split 1,2025-01-12,OMG,WBG,Light,WBG,-672
62898,LPL 2025 Split 1,2025-01-12,OMG,WBG,Hang,WBG,-1077
64653,LPL 2025 Split 1 Playoffs,2025-03-01,AL,Top Esports,369,AL,301
64653,LPL 2025 Split 1 Playoffs,2025-03-01,AL,Top Esports,Kanavi,AL,79
64653,LPL 2025 Split 1 Playoffs,2025-03-01,AL,Top Esports,Creme,AL,54
64653,LPL 2025 Split 1 Playoffs,2025-03-01,AL,Top Esports,JackeyLove,AL,-800
64653,LPL 2025 Split 1 Playoffs,2025-03-01,AL,Top Esports,Crisp,AL,-184
64653,LPL 2025 Split 1 Playoffs,2025-03-01,AL,Top Esports,Flandre,Top Esports,-301
64653,LPL 2025 Split 1 Playoffs,2025-03-01,AL,Top Esports,Tarzan,Top Esports,-79
64653,LPL 2025 Split 1 Playoffs,2025-03-01,AL,Top Esports,Shanks,Top Esports,-54
64653,LPL 2025 Split 1 Playoffs,2025-03-01,AL,Top Esports,Hope,Top Esports,800
64653,LPL 2025 Split 1 Playoffs,2025-03-01,AL,Top Esports,Kael,Top Esports,184
64654,LPL 2025 Split 1 Playoffs,2025-03-01,AL,Top Esports,Flandre,AL,192
64654,LPL 2025 Split 1 Playoffs,2025-03-01,AL,Top Esports,Tarzan,AL,-359
64654,LPL 2025 Split 1 Playoffs,2025-03-01,AL,Top Esports,Shanks,AL,-256
64654,LPL 2025 Split 1 Playoffs,2025-03-01,AL,Top Esports,Hope,AL,1709
64654,LPL 2025 Split 1 Playoffs,2025-03-01,AL,Top Esports,Kael,AL,728
64654,LPL 2025 Split 1 Playoffs,2025-03-01,AL,Top Esports,369,Top Esports,-192
64654,LPL 2025 Split 1 Playoffs,2025-03-01,AL,Top Esports,Kanavi,Top Esports,359
64654,LPL 2025 Split 1 Playoffs,2025-03-01,AL,Top Esports,Creme,Top Esports,256
64654,LPL 2025 Split 1 Playoffs,2025-03-01,AL,Top Esports,JackeyLove,Top Esports,-1709
64654,LPL 2025 Split 1 Playoffs,2025-03-01,AL,Top Esports,Crisp,Top Esports,-728
64655,LPL 2025 Split 1 Playoffs,2025-03-01,AL,Top Esports,369,AL,913
64655,LPL 2025 Split 1 Playoffs,2025-03-01,AL,Top Esports,Kanavi,AL,845
64655,LPL 2025 Split 1 Playoffs,2025-03-01,AL,Top Esports,Creme,AL,138
64655,LPL 2025 Split 1 Playoffs,2025-03-01,AL,Top Esports,JackeyLove,AL,-1267
64655,LPL 2025 Split 1 Playoffs,2025-03-01,AL,Top Esports,Crisp,AL,102
64655,LPL 2025 Split 1 Playoffs,2025-03-01,AL,Top Esports,Flandre,Top Esports,-913
64655,LPL 2025 Split 1 Playoffs,2025-03-01,AL,Top Esports,Tarzan,Top Esports,-845
64655,LPL 2025 Split 1 Playoffs,2025-03-01,AL,Top Esports,Shanks,Top Esports,-138
64655,LPL 2025 Split 1 Playoffs,2025-03-01,AL,Top Esports,Hope,Top Esports,1267
64655,LPL 2025 Split 1 Playoffs,2025-03-01,AL,Top Esports,Kael,Top Esports,-102
64656,LPL 2025 Split 1 Playoffs,2025-03-01,AL,Top Esports,Flandre,AL,-604
64656,LPL 2025 Split 1 Playoffs,2025-03-01,AL,Top Esports,Tarzan,AL,-910
64656,LPL 2025 Split 1 Playoffs,2025-03-01,AL,Top Esports,Shanks,AL,-732
64656,LPL 2025 Split 1 Playoffs,2025-03-01,AL,Top Esports,Hope,AL,1171
64656,LPL 2025 Split 1 Playoffs,2025-03-01,AL,Top Esports,Kael,AL,-384
64656,LPL 2025 Split 1 Playoffs,2025-03-01,AL,Top Esports,369,Top Esports,604
64656,LPL 2025 Split 1 Playoffs,2025-03-01,AL,Top Esports,Kanavi,Top Esports,910
64656,LPL 2025 Split 1 Playoffs,2025-03-01,AL,Top Esports,Creme,Top Esports,732
64656,LPL 2025 Split 1 Playoffs,2025-03-01,AL,Top Esports,JackeyLove,Top Esports,-1171
64656,LPL 2025 Split 1 Playoffs,2025-03-01,AL,Top Esports,Crisp,Top Esports,384
64597,LPL 2025 Split 1 Playoffs,2025-02-27,JD Gaming,Top Esports,Ale,JD Gaming,-13
64597,LPL 2025 Split 1 Playoffs,2025-02-27,JD Gaming,Top Esports,XUN,JD Gaming,-80
64597,LPL 2025 Split 1 Playoffs,2025-02-27,JD Gaming,Top Esports,Scout,JD Gaming,-156
64597,LPL 2025 Split 1 Playoffs,2025-02-27,JD Gaming,Top Esports,Peyz,JD Gaming,-111
64597,LPL 2025 Split 1 Playoffs,2025-02-27,JD Gaming,Top Esports,Missing,JD Gaming,-311
64597,LPL 2025 Split 1 Playoffs,2025-02-27,JD Gaming,Top Esports,369,Top Esports,13
64597,LPL 2025 Split 1 Playoffs,2025-02-27,JD Gaming,Top Esports,Kanavi,Top Esports,80
64597,LPL 2025 Split 1 Playoffs,2025-02-27,JD Gaming,Top Esports,Creme,Top Esports,156
64597,LPL 2025 Split 1 Playoffs,2025-02-27,JD Gaming,Top Esports,JackeyLove,Top Esports,111
64597,LPL 2025 Split 1 Playoffs,2025-02-27,JD Gaming,Top Esports,Crisp,Top Esports,311
64598,LPL 2025 Split 1 Playoffs,2025-02-27,JD Gaming,Top Esports,369,JD Gaming,112
64598,LPL 2025 Split 1 Playoffs,2025-02-27,JD Gaming,Top Esports,Kanavi,JD Gaming,696
64598,LPL 2025 Split 1 Playoffs,2025-02-27,JD Gaming,Top Esports,Creme,JD Gaming,171
64598,LPL 2025 Split 1 Playoffs,2025-02-27,JD Gaming,Top Esports,JackeyLove,JD Gaming,1190
64598,LPL 2025 Split 1 Playoffs,2025-02-27,JD Gaming,Top Esports,Crisp,JD Gaming,475
64598,LPL 2025 Split 1 Playoffs,2025-02-27,JD Gaming,Top Esports,Ale,Top Esports,-112
64598,LPL 2025 Split 1 Playoffs,2025-02-27,JD Gaming,Top Esports,XUN,Top Esports,-696
64598,LPL 2025 Split 1 Playoffs,2025-02-27,JD Gaming,Top Esports,Scout,Top Esports,-171
64598,LPL 2025 Split 1 Playoffs,2025-02-27,JD Gaming,Top Esports,Peyz,Top Esports,-1190
64598,LPL 2025 Split 1 Playoffs,2025-02-27,JD Gaming,Top Esports,Missing,Top Esports,-475
64599,LPL 2025 Split 1 Playoffs,2025-02-27,JD Gaming,Top Esports,Ale,JD Gaming,-900
64599,LPL 2025 Split 1 Playoffs,2025-02-27,JD Gaming,Top Esports,XUN,JD Gaming,-449
64599,LPL 2025 Split 1 Playoffs,2025-02-27,JD Gaming,Top Esports,Scout,JD Gaming,532
64599,LPL 2025 Split 1 Playoffs,2025-02-27,JD Gaming,Top Esports,Peyz,JD Gaming,7
64599,LPL 2025 Split 1 Playoffs,2025-02-27,JD Gaming,Top Esports,Missing,JD Gaming,35
64599,LPL 2025 Split 1 Playoffs,2025-02-27,JD Gaming,Top Esports,369,Top Esports,900
64599,LPL 2025 Split 1 Playoffs,2025-02-27,JD Gaming,Top Esports,Kanavi,Top Esports,449
64599,LPL 2025 Split 1 Playoffs,2025-02-27,JD Gaming,Top Esports,Creme,Top Esports,-532
64599,LPL 2025 Split 1 Playoffs,2025-02-27,JD Gaming,Top Esports,JackeyLove,Top Esports,-7
64599,LPL 2025 Split 1 Playoffs,2025-02-27,JD Gaming,Top Esports,Crisp,Top Esports,-35
64600,LPL 2025 Split 1 Playoffs,2025-02-27,JD Gaming,Top Esports,Ale,JD Gaming,-421
64600,LPL 2025 Split 1 Playoffs,2025-02-27,JD Gaming,Top Esports,XUN,JD Gaming,91
64600,LPL 2025 Split 1 Playoffs,2025-02-27,JD Gaming,Top Esports,Scout,JD Gaming,-238
64600,LPL 2025 Split 1 Playoffs,2025-02-27,JD Gaming,Top Esports,Peyz,JD Gaming,-532
64600,LPL 2025 Split 1 Playoffs,2025-02-27,JD Gaming,Top Esports,Missing,JD Gaming,103
64600,LPL 2025 Split 1 Playoffs,2025-02-27,JD Gaming,Top Esports,369,Top Esports,421
64600,LPL 2025 Split 1 Playoffs,2025-02-27,JD Gaming,Top Esports,Kanavi,Top Esports,-91
64600,LPL 2025 Split 1 Playoffs,2025-02-27,JD Gaming,Top Esports,Creme,Top Esports,238
64600,LPL 2025 Split 1 Playoffs,2025-02-27,JD Gaming,Top Esports,JackeyLove,Top Esports,532
64600,LPL 2025 Split 1 Playoffs,2025-02-27,JD Gaming,Top Esports,Crisp,Top Esports,-103
64565,LPL 2025 Split 1 Playoffs,2025-02-26,BLG,Top Esports,Bin,BLG,-140
64565,LPL 2025 Split 1 Playoffs,2025-02-26,BLG,Top Esports,Wei,BLG,221
64565,LPL 2025 Split 1 Playoffs,2025-02-26,BLG,Top Esports,Knight,BLG,427
64565,LPL 2025 Split 1 Playoffs,2025-02-26,BLG,Top Esports,Elk,BLG,167
64565,LPL 2025 Split 1 Playoffs,2025-02-26,BLG,Top Esports,ON,BLG,476
64565,LPL 2025 Split 1 Playoffs,2025-02-26,BLG,Top Esports,369,Top Esports,140
64565,LPL 2025 Split 1 Playoffs,2025-02-26,BLG,Top Esports,Kanavi,Top Esports,-221
64565,LPL 2025 Split 1 Playoffs,2025-02-26,BLG,Top Esports,Creme,Top Esports,-427
64565,LPL 2025 Split 1 Playoffs,2025-02-26,BLG,Top Esports,JackeyLove,Top Esports,-167
64565,LPL 2025 Split 1 Playoffs,2025-02-26,BLG,Top Esports,Crisp,Top Esports,-476
64566,LPL 2025 Split 1 Playoffs,2025-02-26,BLG,Top Esports,369,BLG,1202
64566,LPL 2025 Split 1 Playoffs,2025-02-26,BLG,Top Esports,Kanavi,BLG,1116
64566,LPL 2025 Split 1 Playoffs,2025-02-26,BLG,Top Esports,Creme,BLG,330
64566,LPL 2025 Split 1 Playoffs,2025-02-26,BLG,Top Esports,JackeyLove,BLG,464
64566,LPL 2025 Split 1 Playoffs,2025-02-26,BLG,Top Esports,Crisp,BLG,274
64566,LPL 2025 Split 1 Playoffs,2025-02-26,BLG,Top Esports,Bin,Top Esports,-1202
64566,LPL 2025 Split 1 Playoffs,2025-02-26,BLG,Top Esports,Wei,Top Esports,-1116
64566,LPL 2025 Split 1 Playoffs,2025-02-26,BLG,Top Esports,Knight,Top Esports,-330
64566,LPL 2025 Split 1 Playoffs,2025-02-26,BLG,Top Esports,Elk,Top Esports,-464
64566,LPL 2025 Split 1 Playoffs,2025-02-26,BLG,Top Esports,ON,Top Esports,-274
64567,LPL 2025 Split 1 Playoffs,2025-02-26,BLG,Top Esports,Bin,BLG,127
64567,LPL 2025 Split 1 Playoffs,2025-02-26,BLG,Top Esports,Wei,BLG,251
64567,LPL 2025 Split 1 Playoffs,2025-02-26,BLG,Top Esports,Knight,BLG,-227
64567,LPL 2025 Split 1 Playoffs,2025-02-26,BLG,Top Esports,Elk,BLG,802
64567,LPL 2025 Split 1 Playoffs,2025-02-26,BLG,Top Esports,ON,BLG,66
64567,LPL 2025 Split 1 Playoffs,2025-02-26,BLG,Top Esports,369,Top Esports,-127
64567,LPL 2025 Split 1 Playoffs,2025-02-26,BLG,Top Esports,Kanavi,Top Esports,-251
64567,LPL 2025 Split 1 Playoffs,2025-02-26,BLG,Top Esports,Creme,Top Esports,227
64567,LPL 2025 Split 1 Playoffs,2025-02-26,BLG,Top Esports,JackeyLove,Top Esports,-802
64567,LPL 2025 Split 1 Playoffs,2025-02-26,BLG,Top Esports,Crisp,Top Esports,-66
64568,LPL 2025 Split 1 Playoffs,2025-02-26,BLG,Top Esports,Bin,BLG,-421
64568,LPL 2025 Split 1 Playoffs,2025-02-26,BLG,Top Esports,Wei,BLG,243
64568,LPL 2025 Split 1 Playoffs,2025-02-26,BLG,Top Esports,Knight,BLG,306
64568,LPL 2025 Split 1 Playoffs,2025-02-26,BLG,Top Esports,Elk,BLG,-360
64568,LPL 2025 Split 1 Playoffs,2025-02-26,BLG,Top Esports,ON,BLG,-245
64568,LPL 2025 Split 1 Playoffs,2025-02-26,BLG,Top Esports,369,Top Esports,421
64568,LPL 2025 Split 1 Playoffs,2025-02-26,BLG,Top Esports,Kanavi,Top Esports,-243
64568,LPL 2025 Split 1 Playoffs,2025-02-26,BLG,Top Esports,Creme,Top Esports,-306
64568,LPL 2025 Split 1 Playoffs,2025-02-26,BLG,Top Esports,JackeyLove,Top Esports,360
64568,LPL 2025 Split 1 Playoffs,2025-02-26,BLG,Top Esports,Crisp,Top Esports,245
64530,LPL 2025 Split 1 Playoffs,2025-02-25,JD Gaming,AL,Ale,JD Gaming,1166
64530,LPL 2025 Split 1 Playoffs,2025-02-25,JD Gaming,AL,XUN,JD Gaming,241
64530,LPL 2025 Split 1 Playoffs,2025-02-25,JD Gaming,AL,Scout,JD Gaming,-345
64530,LPL 2025 Split 1 Playoffs,2025-02-25,JD Gaming,AL,Peyz,JD Gaming,164
64530,LPL 2025 Split 1 Playoffs,2025-02-25,JD Gaming,AL,Missing,JD Gaming,125
64530,LPL 2025 Split 1 Playoffs,2025-02-25,JD Gaming,AL,Flandre,AL,-1166
64530,LPL 2025 Split 1 Playoffs,2025-02-25,JD Gaming,AL,Tarzan,AL,-241
64530,LPL 2025 Split 1 Playoffs,2025-02-25,JD Gaming,AL,Shanks,AL,345
64530,LPL 2025 Split 1 Playoffs,2025-02-25,JD Gaming,AL,Hope,AL,-164
64530,LPL 2025 Split 1 Playoffs,2025-02-25,JD Gaming,AL,Kael,AL,-125
64531,LPL 2025 Split 1 Playoffs,2025-02-25,JD Gaming,AL,Ale,JD Gaming,-195
64531,LPL 2025 Split 1 Playoffs,2025-02-25,JD Gaming,AL,XUN,JD Gaming,1148
64531,LPL 2025 Split 1 Playoffs,2025-02-25,JD Gaming,AL,Scout,JD Gaming,-353
64531,LPL 2025 Split 1 Playoffs,2025-02-25,JD Gaming,AL,Peyz,JD Gaming,-536
64531,LPL 2025 Split 1 Playoffs,2025-02-25,JD Gaming,AL,Missing,JD Gaming,515
64531,LPL 2025 Split 1 Playoffs,2025-02-25,JD Gaming,AL,Flandre,AL,195
64531,LPL 2025 Split 1 Playoffs,2025-02-25,JD Gaming,AL,Tarzan,AL,-1148
64531,LPL 2025 Split 1 Playoffs,2025-02-25,JD Gaming,AL,Shanks,AL,353
64531,LPL 2025 Split 1 Playoffs,2025-02-25,JD Gaming,AL,Hope,AL,536
64531,LPL 2025 Split 1 Playoffs,2025-02-25,JD Gaming,AL,Kael,AL,-515
64532,LPL 2025 Split 1 Playoffs,2025-02-25,JD Gaming,AL,Flandre,JD Gaming,-1037
64532,LPL 2025 Split 1 Playoffs,2025-02-25,JD Gaming,AL,Tarzan,JD Gaming,22
64532,LPL 2025 Split 1 Playoffs,2025-02-25,JD Gaming,AL,Shanks,JD Gaming,-565
64532,LPL 2025 Split 1 Playoffs,2025-02-25,JD Gaming,AL,Hope,JD Gaming,-847
64532,LPL 2025 Split 1 Playoffs,2025-02-25,JD Gaming,AL,Kael,JD Gaming,-391
64532,LPL 2025 Split 1 Playoffs,2025-02-25,JD Gaming,AL,Ale,AL,1037
64532,LPL 2025 Split 1 Playoffs,2025-02-25,JD Gaming,AL,XUN,AL,-22
64532,LPL 2025 Split 1 Playoffs,2025-02-25,JD Gaming,AL,Scout,AL,565
64532,LPL 2025 Split 1 Playoffs,2025-02-25,JD Gaming,AL,Peyz,AL,847
64532,LPL 2025 Split 1 Playoffs,2025-02-25,JD Gaming,AL,Missing,AL,391
64533,LPL 2025 Split 1 Playoffs,2025-02-25,JD Gaming,AL,Ale,JD Gaming,-475
64533,LPL 2025 Split 1 Playoffs,2025-02-25,JD Gaming,AL,XUN,JD Gaming,-107
64533,LPL 2025 Split 1 Playoffs,2025-02-25,JD Gaming,AL,Scout,JD Gaming,325
64533,LPL 2025 Split 1 Playoffs,2025-02-25,JD Gaming,AL,Peyz,JD Gaming,1322
64533,LPL 2025 Split 1 Playoffs,2025-02-25,JD Gaming,AL,Missing,JD Gaming,114
64533,LPL 2025 Split 1 Playoffs,2025-02-25,JD Gaming,AL,Flandre,AL,475
64533,LPL 2025 Split 1 Playoffs,2025-02-25,JD Gaming,AL,Tarzan,AL,107
64533,LPL 2025 Split 1 Playoffs,2025-02-25,JD Gaming,AL,Shanks,AL,-325
64533,LPL 2025 Split 1 Playoffs,2025-02-25,JD Gaming,AL,Hope,AL,-1322
64533,LPL 2025 Split 1 Playoffs,2025-02-25,JD Gaming,AL,Kael,AL,-114
64534,LPL 2025 Split 1 Playoffs,2025-02-25,JD Gaming,AL,Flandre,JD Gaming,-667
64534,LPL 2025 Split 1 Playoffs,2025-02-25,JD Gaming,AL,Tarzan,JD Gaming,658
64534,LPL 2025 Split 1 Playoffs,2025-02-25,JD Gaming,AL,Shanks,JD Gaming,-345
64534,LPL 2025 Split 1 Playoffs,2025-02-25,JD Gaming,AL,Hope,JD Gaming,1064
64534,LPL 2025 Split 1 Playoffs,2025-02-25,JD Gaming,AL,Kael,JD Gaming,870
64534,LPL 2025 Split 1 Playoffs,2025-02-25,JD Gaming,AL,Ale,AL,667
64534,LPL 2025 Split 1 Playoffs,2025-02-25,JD Gaming,AL,XUN,AL,-658
64534,LPL 2025 Split 1 Playoffs,2025-02-25,JD Gaming,AL,Scout,AL,345
64534,LPL 2025 Split 1 Playoffs,2025-02-25,JD Gaming,AL,Peyz,AL,-1064
64534,LPL 2025 Split 1 Playoffs,2025-02-25,JD Gaming,AL,Missing,AL,-870
64525,LPL 2025 Split 1 Playoffs,2025-02-24,NIP,Top Esports,shanji,NIP,-251
64525,LPL 2025 Split 1 Playoffs,2025-02-24,NIP,Top Esports,AKi,NIP,-343
64525,LPL 2025 Split 1 Playoffs,2025-02-24,NIP,Top Esports,Doinb,NIP,497
64525,LPL 2025 Split 1 Playoffs,2025-02-24,NIP,Top Esports,Leave,NIP,1489
64525,LPL 2025 Split 1 Playoffs,2025-02-24,NIP,Top Esports,Ppgod,NIP,595
64525,LPL 2025 Split 1 Playoffs,2025-02-24,NIP,Top Esports,369,Top Esports,251
64525,LPL 2025 Split 1 Playoffs,2025-02-24,NIP,Top Esports,Kanavi,Top Esports,343
64525,LPL 2025 Split 1 Playoffs,2025-02-24,NIP,Top Esports,Creme,Top Esports,-497
64525,LPL 2025 Split 1 Playoffs,2025-02-24,NIP,Top Esports,JackeyLove,Top Esports,-1489
64525,LPL 2025 Split 1 Playoffs,2025-02-24,NIP,Top Esports,Crisp,Top Esports,-595
64526,LPL 2025 Split 1 Playoffs,2025-02-24,NIP,Top Esports,369,NIP,373
64526,LPL 2025 Split 1 Playoffs,2025-02-24,NIP,Top Esports,Kanavi,NIP,78
64526,LPL 2025 Split 1 Playoffs,2025-02-24,NIP,Top Esports,Creme,NIP,108
64526,LPL 2025 Split 1 Playoffs,2025-02-24,NIP,Top Esports,JackeyLove,NIP,810
64526,LPL 2025 Split 1 Playoffs,2025-02-24,NIP,Top Esports,Crisp,NIP,162
64526,LPL 2025 Split 1 Playoffs,2025-02-24,NIP,Top Esports,shanji,Top Esports,-373
64526,LPL 2025 Split 1 Playoffs,2025-02-24,NIP,Top Esports,AKi,Top Esports,-78
64526,LPL 2025 Split 1 Playoffs,2025-02-24,NIP,Top Esports,Doinb,Top Esports,-108
64526,LPL 2025 Split 1 Playoffs,2025-02-24,NIP,Top Esports,Leave,Top Esports,-810
64526,LPL 2025 Split 1 Playoffs,2025-02-24,NIP,Top Esports,Ppgod,Top Esports,-162
64527,LPL 2025 Split 1 Playoffs,2025-02-24,NIP,Top Esports,shanji,NIP,-491
64527,LPL 2025 Split 1 Playoffs,2025-02-24,NIP,Top Esports,AKi,NIP,-773
64527,LPL 2025 Split 1 Playoffs,2025-02-24,NIP,Top Esports,Doinb,NIP,0
64527,LPL 2025 Split 1 Playoffs,2025-02-24,NIP,Top Esports,Leave,NIP,-1490
64527,LPL 2025 Split 1 Playoffs,2025-02-24,NIP,Top Esports,Ppgod,NIP,292
64527,LPL 2025 Split 1 Playoffs,2025-02-24,NIP,Top Esports,369,Top Esports,491
64527,LPL 2025 Split 1 Playoffs,2025-02-24,NIP,Top Esports,Kanavi,Top Esports,773
64527,LPL 2025 Split 1 Playoffs,2025-02-24,NIP,Top Esports,Creme,Top Esports,0
64527,LPL 2025 Split 1 Playoffs,2025-02-24,NIP,Top Esports,JackeyLove,Top Esports,1490
64527,LPL 2025 Split 1 Playoffs,2025-02-24,NIP,Top Esports,Crisp,Top Esports,-292
64528,LPL 2025 Split 1 Playoffs,2025-02-24,NIP,Top Esports,shanji,NIP,-500
64528,LPL 2025 Split 1 Playoffs,2025-02-24,NIP,Top Esports,AKi,NIP,-148
64528,LPL 2025 Split 1 Playoffs,2025-02-24,NIP,Top Esports,Doinb,NIP,494
64528,LPL 2025 Split 1 Playoffs,2025-02-24,NIP,Top Esports,Leave,NIP,12
64528,LPL 2025 Split 1 Playoffs,2025-02-24,NIP,Top Esports,Ppgod,NIP,-496
64528,LPL 2025 Split 1 Playoffs,2025-02-24,NIP,Top Esports,369,Top Esports,500
64528,LPL 2025 Split 1 Playoffs,2025-02-24,NIP,Top Esports,Kanavi,Top Esports,148
64528,LPL 2025 Split 1 Playoffs,2025-02-24,NIP,Top Esports,Creme,Top Esports,-494
64528,LPL 2025 Split 1 Playoffs,2025-02-24,NIP,Top Esports,JackeyLove,Top Esports,-12
64528,LPL 2025 Split 1 Playoffs,2025-02-24,NIP,Top Esports,Crisp,Top Esports,496
64520,LPL 2025 Split 1 Playoffs,2025-02-24,TT,BLG,Bin,TT,1043
64520,LPL 2025 Split 1 Playoffs,2025-02-24,TT,BLG,Wei,TT,-29
64520,LPL 2025 Split 1 Playoffs,2025-02-24,TT,BLG,Knight,TT,632
64520,LPL 2025 Split 1 Playoffs,2025-02-24,TT,BLG,Elk,TT,342
64520,LPL 2025 Split 1 Playoffs,2025-02-24,TT,BLG,ON,TT,612
64520,LPL 2025 Split 1 Playoffs,2025-02-24,TT,BLG,Hoya,BLG,-1043
64520,LPL 2025 Split 1 Playoffs,2025-02-24,TT,BLG,Beichuan,BLG,29
64520,LPL 2025 Split 1 Playoffs,2025-02-24,TT,BLG,SeTab,BLG,-632
64520,LPL 2025 Split 1 Playoffs,2025-02-24,TT,BLG,1xn,BLG,-342
64520,LPL 2025 Split 1 Playoffs,2025-02-24,TT,BLG,Feather,BLG,-612
64521,LPL 2025 Split 1 Playoffs,2025-02-24,TT,BLG,Bin,TT,665
64521,LPL 2025 Split 1 Playoffs,2025-02-24,TT,BLG,Wei,TT,1338
64521,LPL 2025 Split 1 Playoffs,2025-02-24,TT,BLG,Knight,TT,1318
64521,LPL 2025 Split 1 Playoffs,2025-02-24,TT,BLG,Elk,TT,866
64521,LPL 2025 Split 1 Playoffs,2025-02-24,TT,BLG,ON,TT,682
64521,LPL 2025 Split 1 Playoffs,2025-02-24,TT,BLG,Hoya,BLG,-665
64521,LPL 2025 Split 1 Playoffs,2025-02-24,TT,BLG,Beichuan,BLG,-1338
64521,LPL 2025 Split 1 Playoffs,2025-02-24,TT,BLG,SeTab,BLG,-1318
64521,LPL 2025 Split 1 Playoffs,2025-02-24,TT,BLG,1xn,BLG,-866
64521,LPL 2025 Split 1 Playoffs,2025-02-24,TT,BLG,Feather,BLG,-682
64522,LPL 2025 Split 1 Playoffs,2025-02-24,TT,BLG,Hoya,TT,-91
64522,LPL 2025 Split 1 Playoffs,2025-02-24,TT,BLG,Beichuan,TT,-1173
64522,LPL 2025 Split 1 Playoffs,2025-02-24,TT,BLG,SeTab,TT,7
64522,LPL 2025 Split 1 Playoffs,2025-02-24,TT,BLG,1xn,TT,-176
64522,LPL 2025 Split 1 Playoffs,2025-02-24,TT,BLG,Feather,TT,399
64522,LPL 2025 Split 1 Playoffs,2025-02-24,TT,BLG,Bin,BLG,91
64522,LPL 2025 Split 1 Playoffs,2025-02-24,TT,BLG,Wei,BLG,1173
64522,LPL 2025 Split 1 Playoffs,2025-02-24,TT,BLG,Knight,BLG,-7
64522,LPL 2025 Split 1 Playoffs,2025-02-24,TT,BLG,Elk,BLG,176
64522,LPL 2025 Split 1 Playoffs,2025-02-24,TT,BLG,ON,BLG,-399
64523,LPL 2025 Split 1 Playoffs,2025-02-24,TT,BLG,Hoya,TT,-279
64523,LPL 2025 Split 1 Playoffs,2025-02-24,TT,BLG,Beichuan,TT,256
64523,LPL 2025 Split 1 Playoffs,2025-02-24,TT,BLG,SeTab,TT,-2282
64523,LPL 2025 Split 1 Playoffs,2025-02-24,TT,BLG,1xn,TT,361
64523,LPL 2025 Split 1 Playoffs,2025-02-24,TT,BLG,Feather,TT,-648
64523,LPL 2025 Split 1 Playoffs,2025-02-24,TT,BLG,Bin,BLG,279
64523,LPL 2025 Split 1 Playoffs,2025-02-24,TT,BLG,Wei,BLG,-256
64523,LPL 2025 Split 1 Playoffs,2025-02-24,TT,BLG,Knight,BLG,2282
64523,LPL 2025 Split 1 Playoffs,2025-02-24,TT,BLG,Elk,BLG,-361
64523,LPL 2025 Split 1 Playoffs,2025-02-24,TT,BLG,ON,BLG,648
64219,LPL 2025 Split 1 Playoffs,2025-02-23,Top Esports,IG,TheShy,Top Esports,-217
64219,LPL 2025 Split 1 Playoffs,2025-02-23,Top Esports,IG,Jiejie,Top Esports,-648
64219,LPL 2025 Split 1 Playoffs,2025-02-23,Top Esports,IG,RooKie,Top Esports,-1477
64219,LPL 2025 Split 1 Playoffs,2025-02-23,Top Esports,IG,GALA,Top Esports,361
64219,LPL 2025 Split 1 Playoffs,2025-02-23,Top Esports,IG,meiko,Top Esports,80
64219,LPL 2025 Split 1 Playoffs,2025-02-23,Top Esports,IG,369,IG,217
64219,LPL 2025 Split 1 Playoffs,2025-02-23,Top Esports,IG,Kanavi,IG,648
64219,LPL 2025 Split 1 Playoffs,2025-02-23,Top Esports,IG,Creme,IG,1477
64219,LPL 2025 Split 1 Playoffs,2025-02-23,Top Esports,IG,JackeyLove,IG,-361
64219,LPL 2025 Split 1 Playoffs,2025-02-23,Top Esports,IG,Crisp,IG,-80
64220,LPL 2025 Split 1 Playoffs,2025-02-23,Top Esports,IG,TheShy,Top Esports,444
64220,LPL 2025 Split 1 Playoffs,2025-02-23,Top Esports,IG,Jiejie,Top Esports,-58
64220,LPL 2025 Split 1 Playoffs,2025-02-23,Top Esports,IG,RooKie,Top Esports,390
64220,LPL 2025 Split 1 Playoffs,2025-02-23,Top Esports,IG,GALA,Top Esports,356
64220,LPL 2025 Split 1 Playoffs,2025-02-23,Top Esports,IG,meiko,Top Esports,-213
64220,LPL 2025 Split 1 Playoffs,2025-02-23,Top Esports,IG,369,IG,-444
64220,LPL 2025 Split 1 Playoffs,2025-02-23,Top Esports,IG,Kanavi,IG,58
64220,LPL 2025 Split 1 Playoffs,2025-02-23,Top Esports,IG,Creme,IG,-390
64220,LPL 2025 Split 1 Playoffs,2025-02-23,Top Esports,IG,JackeyLove,IG,-356
64220,LPL 2025 Split 1 Playoffs,2025-02-23,Top Esports,IG,Crisp,IG,213
64221,LPL 2025 Split 1 Playoffs,2025-02-23,Top Esports,IG,TheShy,Top Esports,-861
64221,LPL 2025 Split 1 Playoffs,2025-02-23,Top Esports,IG,Jiejie,Top Esports,-44
64221,LPL 2025 Split 1 Playoffs,2025-02-23,Top Esports,IG,RooKie,Top Esports,322
64221,LPL 2025 Split 1 Playoffs,2025-02-23,Top Esports,IG,GALA,Top Esports,479
64221,LPL 2025 Split 1 Playoffs,2025-02-23,Top Esports,IG,meiko,Top Esports,1072
64221,LPL 2025 Split 1 Playoffs,2025-02-23,Top Esports,IG,369,IG,861
64221,LPL 2025 Split 1 Playoffs,2025-02-23,Top Esports,IG,Kanavi,IG,44
64221,LPL 2025 Split 1 Playoffs,2025-02-23,Top Esports,IG,Creme,IG,-322
64221,LPL 2025 Split 1 Playoffs,2025-02-23,Top Esports,IG,JackeyLove,IG,-479
64221,LPL 2025 Split 1 Playoffs,2025-02-23,Top Esports,IG,Crisp,IG,-1072
64222,LPL 2025 Split 1 Playoffs,2025-02-23,Top Esports,IG,369,Top Esports,318
64222,LPL 2025 Split 1 Playoffs,2025-02-23,Top Esports,IG,Kanavi,Top Esports,129
64222,LPL 2025 Split 1 Playoffs,2025-02-23,Top Esports,IG,Creme,Top Esports,791
64222,LPL 2025 Split 1 Playoffs,2025-02-23,Top Esports,IG,JackeyLove,Top Esports,146
64222,LPL 2025 Split 1 Playoffs,2025-02-23,Top Esports,IG,Crisp,Top Esports,648
64222,LPL 2025 Split 1 Playoffs,2025-02-23,Top Esports,IG,TheShy,IG,-318
64222,LPL 2025 Split 1 Playoffs,2025-02-23,Top Esports,IG,Jiejie,IG,-129
64222,LPL 2025 Split 1 Playoffs,2025-02-23,Top Esports,IG,RooKie,IG,-791
64222,LPL 2025 Split 1 Playoffs,2025-02-23,Top Esports,IG,GALA,IG,-146
64222,LPL 2025 Split 1 Playoffs,2025-02-23,Top Esports,IG,meiko,IG,-648
64214,LPL 2025 Split 1 Playoffs,2025-02-23,BLG,WBG,Breathe,BLG,-199
64214,LPL 2025 Split 1 Playoffs,2025-02-23,BLG,WBG,Tian,BLG,-744
64214,LPL 2025 Split 1 Playoffs,2025-02-23,BLG,WBG,xiaohu,BLG,-371
64214,LPL 2025 Split 1 Playoffs,2025-02-23,BLG,WBG,Light,BLG,281
64214,LPL 2025 Split 1 Playoffs,2025-02-23,BLG,WBG,Hang,BLG,472
64214,LPL 2025 Split 1 Playoffs,2025-02-23,BLG,WBG,Bin,WBG,199
64214,LPL 2025 Split 1 Playoffs,2025-02-23,BLG,WBG,Wei,WBG,744
64214,LPL 2025 Split 1 Playoffs,2025-02-23,BLG,WBG,Knight,WBG,371
64214,LPL 2025 Split 1 Playoffs,2025-02-23,BLG,WBG,Elk,WBG,-281
64214,LPL 2025 Split 1 Playoffs,2025-02-23,BLG,WBG,ON,WBG,-472
64215,LPL 2025 Split 1 Playoffs,2025-02-23,BLG,WBG,Breathe,BLG,-122
64215,LPL 2025 Split 1 Playoffs,2025-02-23,BLG,WBG,Tian,BLG,-72
64215,LPL 2025 Split 1 Playoffs,2025-02-23,BLG,WBG,xiaohu,BLG,-303
64215,LPL 2025 Split 1 Playoffs,2025-02-23,BLG,WBG,Light,BLG,122
64215,LPL 2025 Split 1 Playoffs,2025-02-23,BLG,WBG,Hang,BLG,547
64215,LPL 2025 Split 1 Playoffs,2025-02-23,BLG,WBG,Bin,WBG,122
64215,LPL 2025 Split 1 Playoffs,2025-02-23,BLG,WBG,Wei,WBG,72
64215,LPL 2025 Split 1 Playoffs,2025-02-23,BLG,WBG,Knight,WBG,303
64215,LPL 2025 Split 1 Playoffs,2025-02-23,BLG,WBG,Elk,WBG,-122
64215,LPL 2025 Split 1 Playoffs,2025-02-23,BLG,WBG,ON,WBG,-547
64216,LPL 2025 Split 1 Playoffs,2025-02-23,BLG,WBG,Bin,BLG,-875
64216,LPL 2025 Split 1 Playoffs,2025-02-23,BLG,WBG,Wei,BLG,-1046
64216,LPL 2025 Split 1 Playoffs,2025-02-23,BLG,WBG,Knight,BLG,-255
64216,LPL 2025 Split 1 Playoffs,2025-02-23,BLG,WBG,Elk,BLG,-541
64216,LPL 2025 Split 1 Playoffs,2025-02-23,BLG,WBG,ON,BLG,572
64216,LPL 2025 Split 1 Playoffs,2025-02-23,BLG,WBG,Breathe,WBG,875
64216,LPL 2025 Split 1 Playoffs,2025-02-23,BLG,WBG,Tian,WBG,1046
64216,LPL 2025 Split 1 Playoffs,2025-02-23,BLG,WBG,xiaohu,WBG,255
64216,LPL 2025 Split 1 Playoffs,2025-02-23,BLG,WBG,Light,WBG,541
64216,LPL 2025 Split 1 Playoffs,2025-02-23,BLG,WBG,Hang,WBG,-572
64217,LPL 2025 Split 1 Playoffs,2025-02-23,BLG,WBG,Breathe,BLG,641
64217,LPL 2025 Split 1 Playoffs,2025-02-23,BLG,WBG,Tian,BLG,51
64217,LPL 2025 Split 1 Playoffs,2025-02-23,BLG,WBG,xiaohu,BLG,288
64217,LPL 2025 Split 1 Playoffs,2025-02-23,BLG,WBG,Light,BLG,-350
64217,LPL 2025 Split 1 Playoffs,2025-02-23,BLG,WBG,Hang,BLG,-708
64217,LPL 2025 Split 1 Playoffs,2025-02-23,BLG,WBG,Bin,WBG,-641
64217,LPL 2025 Split 1 Playoffs,2025-02-23,BLG,WBG,Wei,WBG,-51
64217,LPL 2025 Split 1 Playoffs,2025-02-23,BLG,WBG,Knight,WBG,-288
64217,LPL 2025 Split 1 Playoffs,2025-02-23,BLG,WBG,Elk,WBG,350
64217,LPL 2025 Split 1 Playoffs,2025-02-23,BLG,WBG,ON,WBG,708
64229,LPL 2025 Split 1 Playoffs,2025-02-22,NIP,AL,shanji,NIP,-3
64229,LPL 2025 Split 1 Playoffs,2025-02-22,NIP,AL,AKi,NIP,421
64229,LPL 2025 Split 1 Playoffs,2025-02-22,NIP,AL,Doinb,NIP,485
64229,LPL 2025 Split 1 Playoffs,2025-02-22,NIP,AL,Leave,NIP,707
64229,LPL 2025 Split 1 Playoffs,2025-02-22,NIP,AL,Ppgod,NIP,185
64229,LPL 2025 Split 1 Playoffs,2025-02-22,NIP,AL,Flandre,AL,3
64229,LPL 2025 Split 1 Playoffs,2025-02-22,NIP,AL,Tarzan,AL,-421
64229,LPL 2025 Split 1 Playoffs,2025-02-22,NIP,AL,Shanks,AL,-485
64229,LPL 2025 Split 1 Playoffs,2025-02-22,NIP,AL,Hope,AL,-707
64229,LPL 2025 Split 1 Playoffs,2025-02-22,NIP,AL,Kael,AL,-185
64230,LPL 2025 Split 1 Playoffs,2025-02-22,NIP,AL,Flandre,NIP,-602
64230,LPL 2025 Split 1 Playoffs,2025-02-22,NIP,AL,Tarzan,NIP,-687
64230,LPL 2025 Split 1 Playoffs,2025-02-22,NIP,AL,Shanks,NIP,499
64230,LPL 2025 Split 1 Playoffs,2025-02-22,NIP,AL,Hope,NIP,189
64230,LPL 2025 Split 1 Playoffs,2025-02-22,NIP,AL,Kael,NIP,-168
64230,LPL 2025 Split 1 Playoffs,2025-02-22,NIP,AL,shanji,AL,602
64230,LPL 2025 Split 1 Playoffs,2025-02-22,NIP,AL,AKi,AL,687
64230,LPL 2025 Split 1 Playoffs,2025-02-22,NIP,AL,Doinb,AL,-499
64230,LPL 2025 Split 1 Playoffs,2025-02-22,NIP,AL,Leave,AL,-189
64230,LPL 2025 Split 1 Playoffs,2025-02-22,NIP,AL,Ppgod,AL,168
64231,LPL 2025 Split 1 Playoffs,2025-02-22,NIP,AL,shanji,NIP,483
64231,LPL 2025 Split 1 Playoffs,2025-02-22,NIP,AL,AKi,NIP,117
64231,LPL 2025 Split 1 Playoffs,2025-02-22,NIP,AL,Doinb,NIP,-10
64231,LPL 2025 Split 1 Playoffs,2025-02-22,NIP,AL,Leave,NIP,-728
64231,LPL 2025 Split 1 Playoffs,2025-02-22,NIP,AL,Ppgod,NIP,501
64231,LPL 2025 Split 1 Playoffs,2025-02-22,NIP,AL,Flandre,AL,-483
64231,LPL 2025 Split 1 Playoffs,2025-02-22,NIP,AL,Tarzan,AL,-117
64231,LPL 2025 Split 1 Playoffs,2025-02-22,NIP,AL,Shanks,AL,10
64231,LPL 2025 Split 1 Playoffs,2025-02-22,NIP,AL,Hope,AL,728
64231,LPL 2025 Split 1 Playoffs,2025-02-22,NIP,AL,Kael,AL,-501
64232,LPL 2025 Split 1 Playoffs,2025-02-22,NIP,AL,Flandre,NIP,1054
64232,LPL 2025 Split 1 Playoffs,2025-02-22,NIP,AL,Tarzan,NIP,154
64232,LPL 2025 Split 1 Playoffs,2025-02-22,NIP,AL,Shanks,NIP,-159
64232,LPL 2025 Split 1 Playoffs,2025-02-22,NIP,AL,Hope,NIP,969
64232,LPL 2025 Split 1 Playoffs,2025-02-22,NIP,AL,Kael,NIP,1018
64232,LPL 2025 Split 1 Playoffs,2025-02-22,NIP,AL,shanji,AL,-1054
64232,LPL 2025 Split 1 Playoffs,2025-02-22,NIP,AL,AKi,AL,-154
64232,LPL 2025 Split 1 Playoffs,2025-02-22,NIP,AL,Doinb,AL,159
64232,LPL 2025 Split 1 Playoffs,2025-02-22,NIP,AL,Leave,AL,-969
64232,LPL 2025 Split 1 Playoffs,2025-02-22,NIP,AL,Ppgod,AL,-1018
64233,LPL 2025 Split 1 Playoffs,2025-02-22,NIP,AL,Flandre,NIP,361
64233,LPL 2025 Split 1 Playoffs,2025-02-22,NIP,AL,Tarzan,NIP,1721
64233,LPL 2025 Split 1 Playoffs,2025-02-22,NIP,AL,Shanks,NIP,2335
64233,LPL 2025 Split 1 Playoffs,2025-02-22,NIP,AL,Hope,NIP,329
64233,LPL 2025 Split 1 Playoffs,2025-02-22,NIP,AL,Kael,NIP,-102
64233,LPL 2025 Split 1 Playoffs,2025-02-22,NIP,AL,shanji,AL,-361
64233,LPL 2025 Split 1 Playoffs,2025-02-22,NIP,AL,AKi,AL,-1721
64233,LPL 2025 Split 1 Playoffs,2025-02-22,NIP,AL,Doinb,AL,-2335
64233,LPL 2025 Split 1 Playoffs,2025-02-22,NIP,AL,Leave,AL,-329
64233,LPL 2025 Split 1 Playoffs,2025-02-22,NIP,AL,Ppgod,AL,102
64224,LPL 2025 Split 1 Playoffs,2025-02-22,TT,JD Gaming,Ale,TT,1280
64224,LPL 2025 Split 1 Playoffs,2025-02-22,TT,JD Gaming,XUN,TT,-40
64224,LPL 2025 Split 1 Playoffs,2025-02-22,TT,JD Gaming,Scout,TT,72
64224,LPL 2025 Split 1 Playoffs,2025-02-22,TT,JD Gaming,Peyz,TT,695
64224,LPL 2025 Split 1 Playoffs,2025-02-22,TT,JD Gaming,Missing,TT,340
64224,LPL 2025 Split 1 Playoffs,2025-02-22,TT,JD Gaming,Hoya,JD Gaming,-1280
64224,LPL 2025 Split 1 Playoffs,2025-02-22,TT,JD Gaming,Beichuan,JD Gaming,40
64224,LPL 2025 Split 1 Playoffs,2025-02-22,TT,JD Gaming,SeTab,JD Gaming,-72
64224,LPL 2025 Split 1 Playoffs,2025-02-22,TT,JD Gaming,1xn,JD Gaming,-695
64224,LPL 2025 Split 1 Playoffs,2025-02-22,TT,JD Gaming,Feather,JD Gaming,-340
64225,LPL 2025 Split 1 Playoffs,2025-02-22,TT,JD Gaming,Hoya,TT,1175
64225,LPL 2025 Split 1 Playoffs,2025-02-22,TT,JD Gaming,Beichuan,TT,1363
64225,LPL 2025 Split 1 Playoffs,2025-02-22,TT,JD Gaming,SeTab,TT,452
64225,LPL 2025 Split 1 Playoffs,2025-02-22,TT,JD Gaming,1xn,TT,395
64225,LPL 2025 Split 1 Playoffs,2025-02-22,TT,JD Gaming,Feather,TT,577
64225,LPL 2025 Split 1 Playoffs,2025-02-22,TT,JD Gaming,Ale,JD Gaming,-1175
64225,LPL 2025 Split 1 Playoffs,2025-02-22,TT,JD Gaming,XUN,JD Gaming,-1363
64225,LPL 2025 Split 1 Playoffs,2025-02-22,TT,JD Gaming,Scout,JD Gaming,-452
64225,LPL 2025 Split 1 Playoffs,2025-02-22,TT,JD Gaming,Peyz,JD Gaming,-395
64225,LPL 2025 Split 1 Playoffs,2025-02-22,TT,JD Gaming,Missing,JD Gaming,-577
64226,LPL 2025 Split 1 Playoffs,2025-02-22,TT,JD Gaming,Ale,TT,1952
64226,LPL 2025 Split 1 Playoffs,2025-02-22,TT,JD Gaming,XUN,TT,-63
64226,LPL 2025 Split 1 Playoffs,2025-02-22,TT,JD Gaming,Scout,TT,-109
64226,LPL 2025 Split 1 Playoffs,2025-02-22,TT,JD Gaming,Peyz,TT,-2405
64226,LPL 2025 Split 1 Playoffs,2025-02-22,TT,JD Gaming,Missing,TT,331
64226,LPL 2025 Split 1 Playoffs,2025-02-22,TT,JD Gaming,Hoya,JD Gaming,-1952
64226,LPL 2025 Split 1 Playoffs,2025-02-22,TT,JD Gaming,Beichuan,JD Gaming,63
64226,LPL 2025 Split 1 Playoffs,2025-02-22,TT,JD Gaming,SeTab,JD Gaming,109
64226,LPL 2025 Split 1 Playoffs,2025-02-22,TT,JD Gaming,1xn,JD Gaming,2405
64226,LPL 2025 Split 1 Playoffs,2025-02-22,TT,JD Gaming,Feather,JD Gaming,-331
64227,LPL 2025 Split 1 Playoffs,2025-02-22,TT,JD Gaming,Hoya,TT,-210
64227,LPL 2025 Split 1 Playoffs,2025-02-22,TT,JD Gaming,Beichuan,TT,431
64227,LPL 2025 Split 1 Playoffs,2025-02-22,TT,JD Gaming,SeTab,TT,226
64227,LPL 2025 Split 1 Playoffs,2025-02-22,TT,JD Gaming,1xn,TT,-377
64227,LPL 2025 Split 1 Playoffs,2025-02-22,TT,JD Gaming,Feather,TT,-281
64227,LPL 2025 Split 1 Playoffs,2025-02-22,TT,JD Gaming,Ale,JD Gaming,210
64227,LPL 2025 Split 1 Playoffs,2025-02-22,TT,JD Gaming,XUN,JD Gaming,-431
64227,LPL 2025 Split 1 Playoffs,2025-02-22,TT,JD Gaming,Scout,JD Gaming,-226
64227,LPL 2025 Split 1 Playoffs,2025-02-22,TT,JD Gaming,Peyz,JD Gaming,377
64227,LPL 2025 Split 1 Playoffs,2025-02-22,TT,JD Gaming,Missing,JD Gaming,281
65389,LPL 2025 Split 2 Placements,2025-03-31,Ultra Prime,Team WE,1Jiang,Ultra Prime,-788
65389,LPL 2025 Split 2 Placements,2025-03-31,Ultra Prime,Team WE,Junhao,Ultra Prime,-21
65389,LPL 2025 Split 2 Placements,2025-03-31,Ultra Prime,Team WE,Saber,Ultra Prime,-483
65389,LPL 2025 Split 2 Placements,2025-03-31,Ultra Prime,Team WE,Wako,Ultra Prime,-595
65389,LPL 2025 Split 2 Placements,2025-03-31,Ultra Prime,Team WE,Xiaoxia,Ultra Prime,-187
65389,LPL 2025 Split 2 Placements,2025-03-31,Ultra Prime,Team WE,Cube,Team WE,788
65389,LPL 2025 Split 2 Placements,2025-03-31,Ultra Prime,Team WE,Monki,Team WE,21
65389,LPL 2025 Split 2 Placements,2025-03-31,Ultra Prime,Team WE,Karis,Team WE,483
65389,LPL 2025 Split 2 Placements,2025-03-31,Ultra Prime,Team WE,Taeyoon,Team WE,595
65389,LPL 2025 Split 2 Placements,2025-03-31,Ultra Prime,Team WE,Vampire,Team WE,187
65390,LPL 2025 Split 2 Placements,2025-03-31,Ultra Prime,Team WE,Cube,Ultra Prime,70
65390,LPL 2025 Split 2 Placements,2025-03-31,Ultra Prime,Team WE,Monki,Ultra Prime,-885
65390,LPL 2025 Split 2 Placements,2025-03-31,Ultra Prime,Team WE,Karis,Ultra Prime,299
65390,LPL 2025 Split 2 Placements,2025-03-31,Ultra Prime,Team WE,Taeyoon,Ultra Prime,312
65390,LPL 2025 Split 2 Placements,2025-03-31,Ultra Prime,Team WE,Vampire,Ultra Prime,-221
65390,LPL 2025 Split 2 Placements,2025-03-31,Ultra Prime,Team WE,1Jiang,Team WE,-70
65390,LPL 2025 Split 2 Placements,2025-03-31,Ultra Prime,Team WE,Junhao,Team WE,885
65390,LPL 2025 Split 2 Placements,2025-03-31,Ultra Prime,Team WE,Saber,Team WE,-299
65390,LPL 2025 Split 2 Placements,2025-03-31,Ultra Prime,Team WE,Wako,Team WE,-312
65390,LPL 2025 Split 2 Placements,2025-03-31,Ultra Prime,Team WE,Xiaoxia,Team WE,221
65391,LPL 2025 Split 2 Placements,2025-03-31,Ultra Prime,Team WE,1Jiang,Ultra Prime,-13
65391,LPL 2025 Split 2 Placements,2025-03-31,Ultra Prime,Team WE,Junhao,Ultra Prime,140
65391,LPL 2025 Split 2 Placements,2025-03-31,Ultra Prime,Team WE,Saber,Ultra Prime,-880
65391,LPL 2025 Split 2 Placements,2025-03-31,Ultra Prime,Team WE,Wako,Ultra Prime,962
65391,LPL 2025 Split 2 Placements,2025-03-31,Ultra Prime,Team WE,Xiaoxia,Ultra Prime,-560
65391,LPL 2025 Split 2 Placements,2025-03-31,Ultra Prime,Team WE,Cube,Team WE,13
65391,LPL 2025 Split 2 Placements,2025-03-31,Ultra Prime,Team WE,Monki,Team WE,-140
65391,LPL 2025 Split 2 Placements,2025-03-31,Ultra Prime,Team WE,Karis,Team WE,880
65391,LPL 2025 Split 2 Placements,2025-03-31,Ultra Prime,Team WE,Taeyoon,Team WE,-962
65391,LPL 2025 Split 2 Placements,2025-03-31,Ultra Prime,Team WE,Vampire,Team WE,560
65366,LPL 2025 Split 2 Placements,2025-03-31,LGD Gaming,Team WE,Cube,LGD Gaming,966
65366,LPL 2025 Split 2 Placements,2025-03-31,LGD Gaming,Team WE,Monki,LGD Gaming,1135
65366,LPL 2025 Split 2 Placements,2025-03-31,LGD Gaming,Team WE,Karis,LGD Gaming,401
65366,LPL 2025 Split 2 Placements,2025-03-31,LGD Gaming,Team WE,Taeyoon,LGD Gaming,-676
65366,LPL 2025 Split 2 Placements,2025-03-31,LGD Gaming,Team WE,Vampire,LGD Gaming,231
65366,LPL 2025 Split 2 Placements,2025-03-31,LGD Gaming,Team WE,sasi,Team WE,-966
65366,LPL 2025 Split 2 Placements,2025-03-31,LGD Gaming,Team WE,Climber,Team WE,-1135
65366,LPL 2025 Split 2 Placements,2025-03-31,LGD Gaming,Team WE,xqw,Team WE,-401
65366,LPL 2025 Split 2 Placements,2025-03-31,LGD Gaming,Team WE,Shaoye,Team WE,676
65366,LPL 2025 Split 2 Placements,2025-03-31,LGD Gaming,Team WE,Ycx,Team WE,-231
65367,LPL 2025 Split 2 Placements,2025-03-31,LGD Gaming,Team WE,sasi,LGD Gaming,-1009
65367,LPL 2025 Split 2 Placements,2025-03-31,LGD Gaming,Team WE,Climber,LGD Gaming,292
65367,LPL 2025 Split 2 Placements,2025-03-31,LGD Gaming,Team WE,xqw,LGD Gaming,643
65367,LPL 2025 Split 2 Placements,2025-03-31,LGD Gaming,Team WE,Shaoye,LGD Gaming,-219
65367,LPL 2025 Split 2 Placements,2025-03-31,LGD Gaming,Team WE,Ycx,LGD Gaming,342
65367,LPL 2025 Split 2 Placements,2025-03-31,LGD Gaming,Team WE,Cube,Team WE,1009
65367,LPL 2025 Split 2 Placements,2025-03-31,LGD Gaming,Team WE,Monki,Team WE,-292
65367,LPL 2025 Split 2 Placements,2025-03-31,LGD Gaming,Team WE,Karis,Team WE,-643
65367,LPL 2025 Split 2 Placements,2025-03-31,LGD Gaming,Team WE,Taeyoon,Team WE,219
65367,LPL 2025 Split 2 Placements,2025-03-31,LGD Gaming,Team WE,Vampire,Team WE,-342
65363,LPL 2025 Split 2 Placements,2025-03-30,FPX,Ultra Prime,sheer,FPX,288
65363,LPL 2025 Split 2 Placements,2025-03-30,FPX,Ultra Prime,Shad0w,FPX,846
65363,LPL 2025 Split 2 Placements,2025-03-30,FPX,Ultra Prime,Care,FPX,92
65363,LPL 2025 Split 2 Placements,2025-03-30,FPX,Ultra Prime,Assum,FPX,953
65363,LPL 2025 Split 2 Placements,2025-03-30,FPX,Ultra Prime,Jwei,FPX,771
65363,LPL 2025 Split 2 Placements,2025-03-30,FPX,Ultra Prime,1Jiang,Ultra Prime,-288
65363,LPL 2025 Split 2 Placements,2025-03-30,FPX,Ultra Prime,Junhao,Ultra Prime,-846
65363,LPL 2025 Split 2 Placements,2025-03-30,FPX,Ultra Prime,Saber,Ultra Prime,-92
65363,LPL 2025 Split 2 Placements,2025-03-30,FPX,Ultra Prime,Wako,Ultra Prime,-953
65363,LPL 2025 Split 2 Placements,2025-03-30,FPX,Ultra Prime,Xiaoxia,Ultra Prime,-771
65364,LPL 2025 Split 2 Placements,2025-03-30,FPX,Ultra Prime,1Jiang,FPX,324
65364,LPL 2025 Split 2 Placements,2025-03-30,FPX,Ultra Prime,Junhao,FPX,67
65364,LPL 2025 Split 2 Placements,2025-03-30,FPX,Ultra Prime,Saber,FPX,789
65364,LPL 2025 Split 2 Placements,2025-03-30,FPX,Ultra Prime,Wako,FPX,-31
65364,LPL 2025 Split 2 Placements,2025-03-30,FPX,Ultra Prime,Xiaoxia,FPX,-692
65364,LPL 2025 Split 2 Placements,2025-03-30,FPX,Ultra Prime,sheer,Ultra Prime,-324
65364,LPL 2025 Split 2 Placements,2025-03-30,FPX,Ultra Prime,Shad0w,Ultra Prime,-67
65364,LPL 2025 Split 2 Placements,2025-03-30,FPX,Ultra Prime,Care,Ultra Prime,-789
65364,LPL 2025 Split 2 Placements,2025-03-30,FPX,Ultra Prime,Assum,Ultra Prime,31
65364,LPL 2025 Split 2 Placements,2025-03-30,FPX,Ultra Prime,Jwei,Ultra Prime,692
65365,LPL 2025 Split 2 Placements,2025-03-30,FPX,Ultra Prime,sheer,FPX,2016
65365,LPL 2025 Split 2 Placements,2025-03-30,FPX,Ultra Prime,Shad0w,FPX,-616
65365,LPL 2025 Split 2 Placements,2025-03-30,FPX,Ultra Prime,Care,FPX,653
65365,LPL 2025 Split 2 Placements,2025-03-30,FPX,Ultra Prime,Assum,FPX,1287
65365,LPL 2025 Split 2 Placements,2025-03-30,FPX,Ultra Prime,Jwei,FPX,197
65365,LPL 2025 Split 2 Placements,2025-03-30,FPX,Ultra Prime,1Jiang,Ultra Prime,-2016
65365,LPL 2025 Split 2 Placements,2025-03-30,FPX,Ultra Prime,Junhao,Ultra Prime,616
65365,LPL 2025 Split 2 Placements,2025-03-30,FPX,Ultra Prime,Saber,Ultra Prime,-653
65365,LPL 2025 Split 2 Placements,2025-03-30,FPX,Ultra Prime,Wako,Ultra Prime,-1287
65365,LPL 2025 Split 2 Placements,2025-03-30,FPX,Ultra Prime,Xiaoxia,Ultra Prime,-197
65362,LPL 2025 Split 2 Placements,2025-03-30,Ultra Prime,Team WE,Cube,Ultra Prime,-138
65362,LPL 2025 Split 2 Placements,2025-03-30,Ultra Prime,Team WE,Monki,Ultra Prime,-267
65362,LPL 2025 Split 2 Placements,2025-03-30,Ultra Prime,Team WE,Karis,Ultra Prime,-41
65362,LPL 2025 Split 2 Placements,2025-03-30,Ultra Prime,Team WE,Taeyoon,Ultra Prime,1190
65362,LPL 2025 Split 2 Placements,2025-03-30,Ultra Prime,Team WE,Vampire,Ultra Prime,461
65362,LPL 2025 Split 2 Placements,2025-03-30,Ultra Prime,Team WE,1Jiang,Team WE,138
65362,LPL 2025 Split 2 Placements,2025-03-30,Ultra Prime,Team WE,Junhao,Team WE,267
65362,LPL 2025 Split 2 Placements,2025-03-30,Ultra Prime,Team WE,Saber,Team WE,41
65362,LPL 2025 Split 2 Placements,2025-03-30,Ultra Prime,Team WE,Wako,Team WE,-1190
65362,LPL 2025 Split 2 Placements,2025-03-30,Ultra Prime,Team WE,Xiaoxia,Team WE,-461
65361,LPL 2025 Split 2 Placements,2025-03-30,FPX,LGD Gaming,sasi,FPX,-490
65361,LPL 2025 Split 2 Placements,2025-03-30,FPX,LGD Gaming,Climber,FPX,-188
65361,LPL 2025 Split 2 Placements,2025-03-30,FPX,LGD Gaming,xqw,FPX,485
65361,LPL 2025 Split 2 Placements,2025-03-30,FPX,LGD Gaming,Shaoye,FPX,-566
65361,LPL 2025 Split 2 Placements,2025-03-30,FPX,LGD Gaming,Ycx,FPX,52
65361,LPL 2025 Split 2 Placements,2025-03-30,FPX,LGD Gaming,sheer,LGD Gaming,490
65361,LPL 2025 Split 2 Placements,2025-03-30,FPX,LGD Gaming,Shad0w,LGD Gaming,188
65361,LPL 2025 Split 2 Placements,2025-03-30,FPX,LGD Gaming,Care,LGD Gaming,-485
65361,LPL 2025 Split 2 Placements,2025-03-30,FPX,LGD Gaming,Assum,LGD Gaming,566
65361,LPL 2025 Split 2 Placements,2025-03-30,FPX,LGD Gaming,Jwei,LGD Gaming,-52
65116,LPL 2025 Split 2 Placements,2025-03-29,FPX,NIP,sheer,FPX,716
65116,LPL 2025 Split 2 Placements,2025-03-29,FPX,NIP,Shad0w,FPX,2758
65116,LPL 2025 Split 2 Placements,2025-03-29,FPX,NIP,Care,FPX,-331
65116,LPL 2025 Split 2 Placements,2025-03-29,FPX,NIP,Assum,FPX,942
65116,LPL 2025 Split 2 Placements,2025-03-29,FPX,NIP,Jwei,FPX,116
65116,LPL 2025 Split 2 Placements,2025-03-29,FPX,NIP,shanji,NIP,-716
65116,LPL 2025 Split 2 Placements,2025-03-29,FPX,NIP,AKi,NIP,-2758
65116,LPL 2025 Split 2 Placements,2025-03-29,FPX,NIP,Doinb,NIP,331
65116,LPL 2025 Split 2 Placements,2025-03-29,FPX,NIP,Leave,NIP,-942
65116,LPL 2025 Split 2 Placements,2025-03-29,FPX,NIP,Ppgod,NIP,-116
65115,LPL 2025 Split 2 Placements,2025-03-29,Top Esports,OMG,369,Top Esports,1122
65115,LPL 2025 Split 2 Placements,2025-03-29,Top Esports,OMG,Kanavi,Top Esports,939
65115,LPL 2025 Split 2 Placements,2025-03-29,Top Esports,OMG,Creme,Top Esports,138
65115,LPL 2025 Split 2 Placements,2025-03-29,Top Esports,OMG,JackeyLove,Top Esports,-2081
65115,LPL 2025 Split 2 Placements,2025-03-29,Top Esports,OMG,Crisp,Top Esports,-164
65115,LPL 2025 Split 2 Placements,2025-03-29,Top Esports,OMG,Hery,OMG,-1122
65115,LPL 2025 Split 2 Placements,2025-03-29,Top Esports,OMG,Heng,OMG,-939
65115,LPL 2025 Split 2 Placements,2025-03-29,Top Esports,OMG,Linfeng,OMG,-138
65115,LPL 2025 Split 2 Placements,2025-03-29,Top Esports,OMG,Starry,OMG,2081
65115,LPL 2025 Split 2 Placements,2025-03-29,Top Esports,OMG,Moham,OMG,164
65114,LPL 2025 Split 2 Placements,2025-03-29,FPX,OMG,sheer,FPX,197
65114,LPL 2025 Split 2 Placements,2025-03-29,FPX,OMG,Shad0w,FPX,-586
65114,LPL 2025 Split 2 Placements,2025-03-29,FPX,OMG,Care,FPX,-39
65114,LPL 2025 Split 2 Placements,2025-03-29,FPX,OMG,Assum,FPX,-902
65114,LPL 2025 Split 2 Placements,2025-03-29,FPX,OMG,Jwei,FPX,-174
65114,LPL 2025 Split 2 Placements,2025-03-29,FPX,OMG,Hery,OMG,-197
65114,LPL 2025 Split 2 Placements,2025-03-29,FPX,OMG,Heng,OMG,586
65114,LPL 2025 Split 2 Placements,2025-03-29,FPX,OMG,Linfeng,OMG,39
65114,LPL 2025 Split 2 Placements,2025-03-29,FPX,OMG,Starry,OMG,902
65114,LPL 2025 Split 2 Placements,2025-03-29,FPX,OMG,Moham,OMG,174
65113,LPL 2025 Split 2 Placements,2025-03-29,NIP,Top Esports,shanji,NIP,-1106
65113,LPL 2025 Split 2 Placements,2025-03-29,NIP,Top Esports,AKi,NIP,-1346
65113,LPL 2025 Split 2 Placements,2025-03-29,NIP,Top Esports,Doinb,NIP,812
65113,LPL 2025 Split 2 Placements,2025-03-29,NIP,Top Esports,Leave,NIP,-762
65113,LPL 2025 Split 2 Placements,2025-03-29,NIP,Top Esports,Ppgod,NIP,-230
65113,LPL 2025 Split 2 Placements,2025-03-29,NIP,Top Esports,369,Top Esports,1106
65113,LPL 2025 Split 2 Placements,2025-03-29,NIP,Top Esports,Kanavi,Top Esports,1346
65113,LPL 2025 Split 2 Placements,2025-03-29,NIP,Top Esports,Creme,Top Esports,-812
65113,LPL 2025 Split 2 Placements,2025-03-29,NIP,Top Esports,JackeyLove,Top Esports,762
65113,LPL 2025 Split 2 Placements,2025-03-29,NIP,Top Esports,Crisp,Top Esports,230
65112,LPL 2025 Split 2 Placements,2025-03-29,Top Esports,FPX,369,Top Esports,1619
65112,LPL 2025 Split 2 Placements,2025-03-29,Top Esports,FPX,Kanavi,Top Esports,943
65112,LPL 2025 Split 2 Placements,2025-03-29,Top Esports,FPX,Creme,Top Esports,146
65112,LPL 2025 Split 2 Placements,2025-03-29,Top Esports,FPX,JackeyLove,Top Esports,-126
65112,LPL 2025 Split 2 Placements,2025-03-29,Top Esports,FPX,Crisp,Top Esports,522
65112,LPL 2025 Split 2 Placements,2025-03-29,Top Esports,FPX,sheer,FPX,-1619
65112,LPL 2025 Split 2 Placements,2025-03-29,Top Esports,FPX,Shad0w,FPX,-943
65112,LPL 2025 Split 2 Placements,2025-03-29,Top Esports,FPX,Care,FPX,-146
65112,LPL 2025 Split 2 Placements,2025-03-29,Top Esports,FPX,Assum,FPX,126
65112,LPL 2025 Split 2 Placements,2025-03-29,Top Esports,FPX,Jwei,FPX,-522
65111,LPL 2025 Split 2 Placements,2025-03-29,OMG,NIP,Hery,OMG,96
65111,LPL 2025 Split 2 Placements,2025-03-29,OMG,NIP,Heng,OMG,-315
65111,LPL 2025 Split 2 Placements,2025-03-29,OMG,NIP,Linfeng,OMG,-694
65111,LPL 2025 Split 2 Placements,2025-03-29,OMG,NIP,Starry,OMG,-1177
65111,LPL 2025 Split 2 Placements,2025-03-29,OMG,NIP,Moham,OMG,-470
65111,LPL 2025 Split 2 Placements,2025-03-29,OMG,NIP,shanji,NIP,-96
65111,LPL 2025 Split 2 Placements,2025-03-29,OMG,NIP,AKi,NIP,315
65111,LPL 2025 Split 2 Placements,2025-03-29,OMG,NIP,Doinb,NIP,694
65111,LPL 2025 Split 2 Placements,2025-03-29,OMG,NIP,Leave,NIP,1177
65111,LPL 2025 Split 2 Placements,2025-03-29,OMG,NIP,Ppgod,NIP,470
65360,LPL 2025 Split 2 Placements,2025-03-28,Ultra Prime,RNG,Xiaoxu,Ultra Prime,-98
65360,LPL 2025 Split 2 Placements,2025-03-28,Ultra Prime,RNG,milkyway,Ultra Prime,-1194
65360,LPL 2025 Split 2 Placements,2025-03-28,Ultra Prime,RNG,Tangyuan,Ultra Prime,-135
65360,LPL 2025 Split 2 Placements,2025-03-28,Ultra Prime,RNG,JiaQi,Ultra Prime,-232
65360,LPL 2025 Split 2 Placements,2025-03-28,Ultra Prime,RNG,Niket,Ultra Prime,-66
65360,LPL 2025 Split 2 Placements,2025-03-28,Ultra Prime,RNG,1Jiang,RNG,98
65360,LPL 2025 Split 2 Placements,2025-03-28,Ultra Prime,RNG,Junhao,RNG,1194
65360,LPL 2025 Split 2 Placements,2025-03-28,Ultra Prime,RNG,Saber,RNG,135
65360,LPL 2025 Split 2 Placements,2025-03-28,Ultra Prime,RNG,Wako,RNG,232
65360,LPL 2025 Split 2 Placements,2025-03-28,Ultra Prime,RNG,Xiaoxia,RNG,66
65110,LPL 2025 Split 2 Placements,2025-03-28,Ultra Prime,TT,1Jiang,Ultra Prime,-240
65110,LPL 2025 Split 2 Placements,2025-03-28,Ultra Prime,TT,Junhao,Ultra Prime,-191
65110,LPL 2025 Split 2 Placements,2025-03-28,Ultra Prime,TT,Saber,Ultra Prime,-209
65110,LPL 2025 Split 2 Placements,2025-03-28,Ultra Prime,TT,Wako,Ultra Prime,191
65110,LPL 2025 Split 2 Placements,2025-03-28,Ultra Prime,TT,Xiaoxia,Ultra Prime,356
65110,LPL 2025 Split 2 Placements,2025-03-28,Ultra Prime,TT,Hoya,TT,240
65110,LPL 2025 Split 2 Placements,2025-03-28,Ultra Prime,TT,Beichuan,TT,191
65110,LPL 2025 Split 2 Placements,2025-03-28,Ultra Prime,TT,SeTab,TT,209
65110,LPL 2025 Split 2 Placements,2025-03-28,Ultra Prime,TT,1xn,TT,-191
65110,LPL 2025 Split 2 Placements,2025-03-28,Ultra Prime,TT,Feather,TT,-356
65109,LPL 2025 Split 2 Placements,2025-03-28,AL,RNG,Flandre,AL,-85
65109,LPL 2025 Split 2 Placements,2025-03-28,AL,RNG,Tarzan,AL,213
65109,LPL 2025 Split 2 Placements,2025-03-28,AL,RNG,Shanks,AL,113
65109,LPL 2025 Split 2 Placements,2025-03-28,AL,RNG,Hope,AL,427
65109,LPL 2025 Split 2 Placements,2025-03-28,AL,RNG,Kael,AL,117
65109,LPL 2025 Split 2 Placements,2025-03-28,AL,RNG,Xiaoxu,RNG,85
65109,LPL 2025 Split 2 Placements,2025-03-28,AL,RNG,milkyway,RNG,-213
65109,LPL 2025 Split 2 Placements,2025-03-28,AL,RNG,Tangyuan,RNG,-113
65109,LPL 2025 Split 2 Placements,2025-03-28,AL,RNG,JiaQi,RNG,-427
65109,LPL 2025 Split 2 Placements,2025-03-28,AL,RNG,Niket,RNG,-117
65108,LPL 2025 Split 2 Placements,2025-03-28,Ultra Prime,RNG,1Jiang,Ultra Prime,299
65108,LPL 2025 Split 2 Placements,2025-03-28,Ultra Prime,RNG,Junhao,Ultra Prime,1044
65108,LPL 2025 Split 2 Placements,2025-03-28,Ultra Prime,RNG,Saber,Ultra Prime,579
65108,LPL 2025 Split 2 Placements,2025-03-28,Ultra Prime,RNG,Wako,Ultra Prime,1108
65108,LPL 2025 Split 2 Placements,2025-03-28,Ultra Prime,RNG,Xiaoxia,Ultra Prime,401
65108,LPL 2025 Split 2 Placements,2025-03-28,Ultra Prime,RNG,Xiaoxu,RNG,-299
65108,LPL 2025 Split 2 Placements,2025-03-28,Ultra Prime,RNG,milkyway,RNG,-1044
65108,LPL 2025 Split 2 Placements,2025-03-28,Ultra Prime,RNG,Tangyuan,RNG,-579
65108,LPL 2025 Split 2 Placements,2025-03-28,Ultra Prime,RNG,JiaQi,RNG,-1108
65108,LPL 2025 Split 2 Placements,2025-03-28,Ultra Prime,RNG,Niket,RNG,-401
65107,LPL 2025 Split 2 Placements,2025-03-28,TT,AL,Hoya,TT,-1876
65107,LPL 2025 Split 2 Placements,2025-03-28,TT,AL,Beichuan,TT,-730
65107,LPL 2025 Split 2 Placements,2025-03-28,TT,AL,SeTab,TT,-206
65107,LPL 2025 Split 2 Placements,2025-03-28,TT,AL,1xn,TT,158
65107,LPL 2025 Split 2 Placements,2025-03-28,TT,AL,Feather,TT,-152
65107,LPL 2025 Split 2 Placements,2025-03-28,TT,AL,Flandre,AL,1876
65107,LPL 2025 Split 2 Placements,2025-03-28,TT,AL,Tarzan,AL,730
65107,LPL 2025 Split 2 Placements,2025-03-28,TT,AL,Shanks,AL,206
65107,LPL 2025 Split 2 Placements,2025-03-28,TT,AL,Hope,AL,-158
65107,LPL 2025 Split 2 Placements,2025-03-28,TT,AL,Kael,AL,152
65106,LPL 2025 Split 2 Placements,2025-03-28,AL,Ultra Prime,Flandre,AL,255
65106,LPL 2025 Split 2 Placements,2025-03-28,AL,Ultra Prime,Tarzan,AL,-35
65106,LPL 2025 Split 2 Placements,2025-03-28,AL,Ultra Prime,Shanks,AL,79
65106,LPL 2025 Split 2 Placements,2025-03-28,AL,Ultra Prime,Hope,AL,1389
65106,LPL 2025 Split 2 Placements,2025-03-28,AL,Ultra Prime,Kael,AL,370
65106,LPL 2025 Split 2 Placements,2025-03-28,AL,Ultra Prime,1Jiang,Ultra Prime,-255
65106,LPL 2025 Split 2 Placements,2025-03-28,AL,Ultra Prime,Junhao,Ultra Prime,35
65106,LPL 2025 Split 2 Placements,2025-03-28,AL,Ultra Prime,Saber,Ultra Prime,-79
65106,LPL 2025 Split 2 Placements,2025-03-28,AL,Ultra Prime,Wako,Ultra Prime,-1389
65106,LPL 2025 Split 2 Placements,2025-03-28,AL,Ultra Prime,Xiaoxia,Ultra Prime,-370
65105,LPL 2025 Split 2 Placements,2025-03-28,RNG,TT,Xiaoxu,RNG,6
65105,LPL 2025 Split 2 Placements,2025-03-28,RNG,TT,milkyway,RNG,-674
65105,LPL 2025 Split 2 Placements,2025-03-28,RNG,TT,Tangyuan,RNG,-184
65105,LPL 2025 Split 2 Placements,2025-03-28,RNG,TT,JiaQi,RNG,-325
65105,LPL 2025 Split 2 Placements,2025-03-28,RNG,TT,Niket,RNG,-415
65105,LPL 2025 Split 2 Placements,2025-03-28,RNG,TT,Hoya,TT,-6
65105,LPL 2025 Split 2 Placements,2025-03-28,RNG,TT,Beichuan,TT,674
65105,LPL 2025 Split 2 Placements,2025-03-28,RNG,TT,SeTab,TT,184
65105,LPL 2025 Split 2 Placements,2025-03-28,RNG,TT,1xn,TT,325
65105,LPL 2025 Split 2 Placements,2025-03-28,RNG,TT,Feather,TT,415
65104,LPL 2025 Split 2 Placements,2025-03-27,LNG Esports,IG,Zika,LNG Esports,-33
65104,LPL 2025 Split 2 Placements,2025-03-27,LNG Esports,IG,WeiWei,LNG Esports,-95
65104,LPL 2025 Split 2 Placements,2025-03-27,LNG Esports,IG,Haichao,LNG Esports,805
65104,LPL 2025 Split 2 Placements,2025-03-27,LNG Esports,IG,Photic,LNG Esports,350
65104,LPL 2025 Split 2 Placements,2025-03-27,LNG Esports,IG,Zhuo,LNG Esports,169
65104,LPL 2025 Split 2 Placements,2025-03-27,LNG Esports,IG,TheShy,IG,33
65104,LPL 2025 Split 2 Placements,2025-03-27,LNG Esports,IG,Jiejie,IG,95
65104,LPL 2025 Split 2 Placements,2025-03-27,LNG Esports,IG,RooKie,IG,-805
65104,LPL 2025 Split 2 Placements,2025-03-27,LNG Esports,IG,GALA,IG,-350
65104,LPL 2025 Split 2 Placements,2025-03-27,LNG Esports,IG,meiko,IG,-169
65103,LPL 2025 Split 2 Placements,2025-03-27,JD Gaming,LGD Gaming,Ale,JD Gaming,531
65103,LPL 2025 Split 2 Placements,2025-03-27,JD Gaming,LGD Gaming,XUN,JD Gaming,974
65103,LPL 2025 Split 2 Placements,2025-03-27,JD Gaming,LGD Gaming,Scout,JD Gaming,909
65103,LPL 2025 Split 2 Placements,2025-03-27,JD Gaming,LGD Gaming,Peyz,JD Gaming,830
65103,LPL 2025 Split 2 Placements,2025-03-27,JD Gaming,LGD Gaming,Missing,JD Gaming,254
65103,LPL 2025 Split 2 Placements,2025-03-27,JD Gaming,LGD Gaming,sasi,LGD Gaming,-531
65103,LPL 2025 Split 2 Placements,2025-03-27,JD Gaming,LGD Gaming,Climber,LGD Gaming,-974
65103,LPL 2025 Split 2 Placements,2025-03-27,JD Gaming,LGD Gaming,xqw,LGD Gaming,-909
65103,LPL 2025 Split 2 Placements,2025-03-27,JD Gaming,LGD Gaming,Shaoye,LGD Gaming,-830
65103,LPL 2025 Split 2 Placements,2025-03-27,JD Gaming,LGD Gaming,Ycx,LGD Gaming,-254
65102,LPL 2025 Split 2 Placements,2025-03-27,LNG Esports,LGD Gaming,Zika,LNG Esports,-495
65102,LPL 2025 Split 2 Placements,2025-03-27,LNG Esports,LGD Gaming,WeiWei,LNG Esports,-319
65102,LPL 2025 Split 2 Placements,2025-03-27,LNG Esports,LGD Gaming,Haichao,LNG Esports,871
65102,LPL 2025 Split 2 Placements,2025-03-27,LNG Esports,LGD Gaming,Photic,LNG Esports,-1073
65102,LPL 2025 Split 2 Placements,2025-03-27,LNG Esports,LGD Gaming,Zhuo,LNG Esports,-575
65102,LPL 2025 Split 2 Placements,2025-03-27,LNG Esports,LGD Gaming,sasi,LGD Gaming,495
65102,LPL 2025 Split 2 Placements,2025-03-27,LNG Esports,LGD Gaming,Climber,LGD Gaming,319
65102,LPL 2025 Split 2 Placements,2025-03-27,LNG Esports,LGD Gaming,xqw,LGD Gaming,-871
65102,LPL 2025 Split 2 Placements,2025-03-27,LNG Esports,LGD Gaming,Shaoye,LGD Gaming,1073
65102,LPL 2025 Split 2 Placements,2025-03-27,LNG Esports,LGD Gaming,Ycx,LGD Gaming,575
65101,LPL 2025 Split 2 Placements,2025-03-27,IG,JD Gaming,TheShy,IG,-46
65101,LPL 2025 Split 2 Placements,2025-03-27,IG,JD Gaming,Jiejie,IG,385
65101,LPL 2025 Split 2 Placements,2025-03-27,IG,JD Gaming,RooKie,IG,-63
65101,LPL 2025 Split 2 Placements,2025-03-27,IG,JD Gaming,GALA,IG,301
65101,LPL 2025 Split 2 Placements,2025-03-27,IG,JD Gaming,meiko,IG,141
65101,LPL 2025 Split 2 Placements,2025-03-27,IG,JD Gaming,Ale,JD Gaming,46
65101,LPL 2025 Split 2 Placements,2025-03-27,IG,JD Gaming,XUN,JD Gaming,-385
65101,LPL 2025 Split 2 Placements,2025-03-27,IG,JD Gaming,Scout,JD Gaming,63
65101,LPL 2025 Split 2 Placements,2025-03-27,IG,JD Gaming,Peyz,JD Gaming,-301
65101,LPL 2025 Split 2 Placements,2025-03-27,IG,JD Gaming,Missing,JD Gaming,-141
65100,LPL 2025 Split 2 Placements,2025-03-27,JD Gaming,LNG Esports,Ale,JD Gaming,-806
65100,LPL 2025 Split 2 Placements,2025-03-27,JD Gaming,LNG Esports,XUN,JD Gaming,-630
65100,LPL 2025 Split 2 Placements,2025-03-27,JD Gaming,LNG Esports,Scout,JD Gaming,250
65100,LPL 2025 Split 2 Placements,2025-03-27,JD Gaming,LNG Esports,Peyz,JD Gaming,645
65100,LPL 2025 Split 2 Placements,2025-03-27,JD Gaming,LNG Esports,Missing,JD Gaming,75
65100,LPL 2025 Split 2 Placements,2025-03-27,JD Gaming,LNG Esports,Zika,LNG Esports,806
65100,LPL 2025 Split 2 Placements,2025-03-27,JD Gaming,LNG Esports,WeiWei,LNG Esports,630
65100,LPL 2025 Split 2 Placements,2025-03-27,JD Gaming,LNG Esports,Haichao,LNG Esports,-250
65100,LPL 2025 Split 2 Placements,2025-03-27,JD Gaming,LNG Esports,Photic,LNG Esports,-645
65100,LPL 2025 Split 2 Placements,2025-03-27,JD Gaming,LNG Esports,Zhuo,LNG Esports,-75
65099,LPL 2025 Split 2 Placements,2025-03-27,LGD Gaming,IG,sasi,LGD Gaming,-960
65099,LPL 2025 Split 2 Placements,2025-03-27,LGD Gaming,IG,Climber,LGD Gaming,-292
65099,LPL 2025 Split 2 Placements,2025-03-27,LGD Gaming,IG,xqw,LGD Gaming,-109
65099,LPL 2025 Split 2 Placements,2025-03-27,LGD Gaming,IG,Shaoye,LGD Gaming,-1267
65099,LPL 2025 Split 2 Placements,2025-03-27,LGD Gaming,IG,Ycx,LGD Gaming,141
65099,LPL 2025 Split 2 Placements,2025-03-27,LGD Gaming,IG,TheShy,IG,960
65099,LPL 2025 Split 2 Placements,2025-03-27,LGD Gaming,IG,Jiejie,IG,292
65099,LPL 2025 Split 2 Placements,2025-03-27,LGD Gaming,IG,RooKie,IG,109
65099,LPL 2025 Split 2 Placements,2025-03-27,LGD Gaming,IG,GALA,IG,1267
65099,LPL 2025 Split 2 Placements,2025-03-27,LGD Gaming,IG,meiko,IG,-141
65359,LPL 2025 Split 2 Placements,2025-03-26,EDG,Team WE,Zdz,EDG,232
65359,LPL 2025 Split 2 Placements,2025-03-26,EDG,Team WE,Xiaohao,EDG,-101
65359,LPL 2025 Split 2 Placements,2025-03-26,EDG,Team WE,Angel,EDG,-18
65359,LPL 2025 Split 2 Placements,2025-03-26,EDG,Team WE,Ahn,EDG,661
65359,LPL 2025 Split 2 Placements,2025-03-26,EDG,Team WE,Wink,EDG,95
65359,LPL 2025 Split 2 Placements,2025-03-26,EDG,Team WE,Cube,Team WE,-232
65359,LPL 2025 Split 2 Placements,2025-03-26,EDG,Team WE,Monki,Team WE,101
65359,LPL 2025 Split 2 Placements,2025-03-26,EDG,Team WE,Karis,Team WE,18
65359,LPL 2025 Split 2 Placements,2025-03-26,EDG,Team WE,Taeyoon,Team WE,-661
65359,LPL 2025 Split 2 Placements,2025-03-26,EDG,Team WE,Vampire,Team WE,-95
65098,LPL 2025 Split 2 Placements,2025-03-26,Team WE,WBG,Cube,Team WE,117
65098,LPL 2025 Split 2 Placements,2025-03-26,Team WE,WBG,Monki,Team WE,-585
65098,LPL 2025 Split 2 Placements,2025-03-26,Team WE,WBG,Karis,Team WE,-132
65098,LPL 2025 Split 2 Placements,2025-03-26,Team WE,WBG,Taeyoon,Team WE,-650
65098,LPL 2025 Split 2 Placements,2025-03-26,Team WE,WBG,Vampire,Team WE,346
65098,LPL 2025 Split 2 Placements,2025-03-26,Team WE,WBG,Breathe,WBG,-117
65098,LPL 2025 Split 2 Placements,2025-03-26,Team WE,WBG,Tian,WBG,585
65098,LPL 2025 Split 2 Placements,2025-03-26,Team WE,WBG,xiaohu,WBG,132
65098,LPL 2025 Split 2 Placements,2025-03-26,Team WE,WBG,Light,WBG,650
65098,LPL 2025 Split 2 Placements,2025-03-26,Team WE,WBG,Hang,WBG,-346
65097,LPL 2025 Split 2 Placements,2025-03-26,BLG,EDG,Bin,BLG,860
65097,LPL 2025 Split 2 Placements,2025-03-26,BLG,EDG,Wei,BLG,-1032
65097,LPL 2025 Split 2 Placements,2025-03-26,BLG,EDG,Knight,BLG,670
65097,LPL 2025 Split 2 Placements,2025-03-26,BLG,EDG,Elk,BLG,403
65097,LPL 2025 Split 2 Placements,2025-03-26,BLG,EDG,ON,BLG,325
65097,LPL 2025 Split 2 Placements,2025-03-26,BLG,EDG,Zdz,EDG,-860
65097,LPL 2025 Split 2 Placements,2025-03-26,BLG,EDG,Xiaohao,EDG,1032
65097,LPL 2025 Split 2 Placements,2025-03-26,BLG,EDG,Angel,EDG,-670
65097,LPL 2025 Split 2 Placements,2025-03-26,BLG,EDG,Ahn,EDG,-403
65097,LPL 2025 Split 2 Placements,2025-03-26,BLG,EDG,Wink,EDG,-325
65096,LPL 2025 Split 2 Placements,2025-03-26,Team WE,EDG,Cube,Team WE,353
65096,LPL 2025 Split 2 Placements,2025-03-26,Team WE,EDG,Monki,Team WE,-388
65096,LPL 2025 Split 2 Placements,2025-03-26,Team WE,EDG,Karis,Team WE,507
65096,LPL 2025 Split 2 Placements,2025-03-26,Team WE,EDG,Taeyoon,Team WE,246
65096,LPL 2025 Split 2 Placements,2025-03-26,Team WE,EDG,Vampire,Team WE,553
65096,LPL 2025 Split 2 Placements,2025-03-26,Team WE,EDG,Zdz,EDG,-353
65096,LPL 2025 Split 2 Placements,2025-03-26,Team WE,EDG,Xiaohao,EDG,388
65096,LPL 2025 Split 2 Placements,2025-03-26,Team WE,EDG,Angel,EDG,-507
65096,LPL 2025 Split 2 Placements,2025-03-26,Team WE,EDG,Ahn,EDG,-246
65096,LPL 2025 Split 2 Placements,2025-03-26,Team WE,EDG,Wink,EDG,-553
65095,LPL 2025 Split 2 Placements,2025-03-26,WBG,BLG,Breathe,WBG,236
65095,LPL 2025 Split 2 Placements,2025-03-26,WBG,BLG,Tian,WBG,152
65095,LPL 2025 Split 2 Placements,2025-03-26,WBG,BLG,xiaohu,WBG,-488
65095,LPL 2025 Split 2 Placements,2025-03-26,WBG,BLG,Light,WBG,-943
65095,LPL 2025 Split 2 Placements,2025-03-26,WBG,BLG,Hang,WBG,198
65095,LPL 2025 Split 2 Placements,2025-03-26,WBG,BLG,Bin,BLG,-236
65095,LPL 2025 Split 2 Placements,2025-03-26,WBG,BLG,Wei,BLG,-152
65095,LPL 2025 Split 2 Placements,2025-03-26,WBG,BLG,Knight,BLG,488
65095,LPL 2025 Split 2 Placements,2025-03-26,WBG,BLG,Elk,BLG,943
65095,LPL 2025 Split 2 Placements,2025-03-26,WBG,BLG,ON,BLG,-198
65094,LPL 2025 Split 2 Placements,2025-03-26,BLG,Team WE,Bin,BLG,497
65094,LPL 2025 Split 2 Placements,2025-03-26,BLG,Team WE,Wei,BLG,-10
65094,LPL 2025 Split 2 Placements,2025-03-26,BLG,Team WE,Knight,BLG,939
65094,LPL 2025 Split 2 Placements,2025-03-26,BLG,Team WE,Elk,BLG,-241
65094,LPL 2025 Split 2 Placements,2025-03-26,BLG,Team WE,ON,BLG,-707
65094,LPL 2025 Split 2 Placements,2025-03-26,BLG,Team WE,Cube,Team WE,-497
65094,LPL 2025 Split 2 Placements,2025-03-26,BLG,Team WE,Monki,Team WE,10
65094,LPL 2025 Split 2 Placements,2025-03-26,BLG,Team WE,Karis,Team WE,-939
65094,LPL 2025 Split 2 Placements,2025-03-26,BLG,Team WE,Taeyoon,Team WE,241
65094,LPL 2025 Split 2 Placements,2025-03-26,BLG,Team WE,Vampire,Team WE,707
65093,LPL 2025 Split 2 Placements,2025-03-26,EDG,WBG,Zdz,EDG,1847
65093,LPL 2025 Split 2 Placements,2025-03-26,EDG,WBG,Xiaohao,EDG,-217
65093,LPL 2025 Split 2 Placements,2025-03-26,EDG,WBG,Angel,EDG,-684
65093,LPL 2025 Split 2 Placements,2025-03-26,EDG,WBG,Ahn,EDG,-233
65093,LPL 2025 Split 2 Placements,2025-03-26,EDG,WBG,Wink,EDG,-571
65093,LPL 2025 Split 2 Placements,2025-03-26,EDG,WBG,Breathe,WBG,-1847
65093,LPL 2025 Split 2 Placements,2025-03-26,EDG,WBG,Tian,WBG,217
65093,LPL 2025 Split 2 Placements,2025-03-26,EDG,WBG,xiaohu,WBG,684
65093,LPL 2025 Split 2 Placements,2025-03-26,EDG,WBG,Light,WBG,233
65093,LPL 2025 Split 2 Placements,2025-03-26,EDG,WBG,Hang,WBG,571
65092,LPL 2025 Split 2 Placements,2025-03-25,OMG,Top Esports,Hery,OMG,-815
65092,LPL 2025 Split 2 Placements,2025-03-25,OMG,Top Esports,Heng,OMG,-445
65092,LPL 2025 Split 2 Placements,2025-03-25,OMG,Top Esports,Linfeng,OMG,-1466
65092,LPL 2025 Split 2 Placements,2025-03-25,OMG,Top Esports,Starry,OMG,-556
65092,LPL 2025 Split 2 Placements,2025-03-25,OMG,Top Esports,Moham,OMG,-178
65092,LPL 2025 Split 2 Placements,2025-03-25,OMG,Top Esports,369,Top Esports,815
65092,LPL 2025 Split 2 Placements,2025-03-25,OMG,Top Esports,Kanavi,Top Esports,445
65092,LPL 2025 Split 2 Placements,2025-03-25,OMG,Top Esports,Creme,Top Esports,1466
65092,LPL 2025 Split 2 Placements,2025-03-25,OMG,Top Esports,JackeyLove,Top Esports,556
65092,LPL 2025 Split 2 Placements,2025-03-25,OMG,Top Esports,Crisp,Top Esports,178
65091,LPL 2025 Split 2 Placements,2025-03-25,NIP,FPX,shanji,NIP,-162
65091,LPL 2025 Split 2 Placements,2025-03-25,NIP,FPX,AKi,NIP,48
65091,LPL 2025 Split 2 Placements,2025-03-25,NIP,FPX,Doinb,NIP,150
65091,LPL 2025 Split 2 Placements,2025-03-25,NIP,FPX,Leave,NIP,291
65091,LPL 2025 Split 2 Placements,2025-03-25,NIP,FPX,Ppgod,NIP,206
65091,LPL 2025 Split 2 Placements,2025-03-25,NIP,FPX,sheer,FPX,162
65091,LPL 2025 Split 2 Placements,2025-03-25,NIP,FPX,Shad0w,FPX,-48
65091,LPL 2025 Split 2 Placements,2025-03-25,NIP,FPX,Care,FPX,-150
65091,LPL 2025 Split 2 Placements,2025-03-25,NIP,FPX,Assum,FPX,-291
65091,LPL 2025 Split 2 Placements,2025-03-25,NIP,FPX,Jwei,FPX,-206
65090,LPL 2025 Split 2 Placements,2025-03-25,Top Esports,NIP,369,Top Esports,1829
65090,LPL 2025 Split 2 Placements,2025-03-25,Top Esports,NIP,Kanavi,Top Esports,513
65090,LPL 2025 Split 2 Placements,2025-03-25,Top Esports,NIP,Creme,Top Esports,-771
65090,LPL 2025 Split 2 Placements,2025-03-25,Top Esports,NIP,JackeyLove,Top Esports,2071
65090,LPL 2025 Split 2 Placements,2025-03-25,Top Esports,NIP,Crisp,Top Esports,-178
65090,LPL 2025 Split 2 Placements,2025-03-25,Top Esports,NIP,shanji,NIP,-1829
65090,LPL 2025 Split 2 Placements,2025-03-25,Top Esports,NIP,AKi,NIP,-513
65090,LPL 2025 Split 2 Placements,2025-03-25,Top Esports,NIP,Doinb,NIP,771
65090,LPL 2025 Split 2 Placements,2025-03-25,Top Esports,NIP,Leave,NIP,-2071
65090,LPL 2025 Split 2 Placements,2025-03-25,Top Esports,NIP,Ppgod,NIP,178
65089,LPL 2025 Split 2 Placements,2025-03-25,OMG,FPX,Hery,OMG,-232
65089,LPL 2025 Split 2 Placements,2025-03-25,OMG,FPX,Heng,OMG,-244
65089,LPL 2025 Split 2 Placements,2025-03-25,OMG,FPX,Linfeng,OMG,-364
65089,LPL 2025 Split 2 Placements,2025-03-25,OMG,FPX,Starry,OMG,-559
65089,LPL 2025 Split 2 Placements,2025-03-25,OMG,FPX,Moham,OMG,-400
65089,LPL 2025 Split 2 Placements,2025-03-25,OMG,FPX,sheer,FPX,232
65089,LPL 2025 Split 2 Placements,2025-03-25,OMG,FPX,Shad0w,FPX,244
65089,LPL 2025 Split 2 Placements,2025-03-25,OMG,FPX,Care,FPX,364
65089,LPL 2025 Split 2 Placements,2025-03-25,OMG,FPX,Assum,FPX,559
65089,LPL 2025 Split 2 Placements,2025-03-25,OMG,FPX,Jwei,FPX,400
65088,LPL 2025 Split 2 Placements,2025-03-25,FPX,Top Esports,sheer,FPX,-20
65088,LPL 2025 Split 2 Placements,2025-03-25,FPX,Top Esports,Shad0w,FPX,228
65088,LPL 2025 Split 2 Placements,2025-03-25,FPX,Top Esports,Care,FPX,-671
65088,LPL 2025 Split 2 Placements,2025-03-25,FPX,Top Esports,Assum,FPX,-776
65088,LPL 2025 Split 2 Placements,2025-03-25,FPX,Top Esports,Jwei,FPX,-298
65088,LPL 2025 Split 2 Placements,2025-03-25,FPX,Top Esports,369,Top Esports,20
65088,LPL 2025 Split 2 Placements,2025-03-25,FPX,Top Esports,Kanavi,Top Esports,-228
65088,LPL 2025 Split 2 Placements,2025-03-25,FPX,Top Esports,Creme,Top Esports,671
65088,LPL 2025 Split 2 Placements,2025-03-25,FPX,Top Esports,JackeyLove,Top Esports,776
65088,LPL 2025 Split 2 Placements,2025-03-25,FPX,Top Esports,Crisp,Top Esports,298
65087,LPL 2025 Split 2 Placements,2025-03-25,NIP,OMG,shanji,NIP,435
65087,LPL 2025 Split 2 Placements,2025-03-25,NIP,OMG,AKi,NIP,488
65087,LPL 2025 Split 2 Placements,2025-03-25,NIP,OMG,Doinb,NIP,-337
65087,LPL 2025 Split 2 Placements,2025-03-25,NIP,OMG,Leave,NIP,764
65087,LPL 2025 Split 2 Placements,2025-03-25,NIP,OMG,Ppgod,NIP,591
65087,LPL 2025 Split 2 Placements,2025-03-25,NIP,OMG,Hery,OMG,-435
65087,LPL 2025 Split 2 Placements,2025-03-25,NIP,OMG,Heng,OMG,-488
65087,LPL 2025 Split 2 Placements,2025-03-25,NIP,OMG,Linfeng,OMG,337
65087,LPL 2025 Split 2 Placements,2025-03-25,NIP,OMG,Starry,OMG,-764
65087,LPL 2025 Split 2 Placements,2025-03-25,NIP,OMG,Moham,OMG,-591
65086,LPL 2025 Split 2 Placements,2025-03-24,RNG,AL,Xiaoxu,RNG,-1138
65086,LPL 2025 Split 2 Placements,2025-03-24,RNG,AL,milkyway,RNG,501
65086,LPL 2025 Split 2 Placements,2025-03-24,RNG,AL,Tangyuan,RNG,398
65086,LPL 2025 Split 2 Placements,2025-03-24,RNG,AL,JiaQi,RNG,923
65086,LPL 2025 Split 2 Placements,2025-03-24,RNG,AL,Niket,RNG,-175
65086,LPL 2025 Split 2 Placements,2025-03-24,RNG,AL,Flandre,AL,1138
65086,LPL 2025 Split 2 Placements,2025-03-24,RNG,AL,Tarzan,AL,-501
65086,LPL 2025 Split 2 Placements,2025-03-24,RNG,AL,Shanks,AL,-398
65086,LPL 2025 Split 2 Placements,2025-03-24,RNG,AL,Hope,AL,-923
65086,LPL 2025 Split 2 Placements,2025-03-24,RNG,AL,Kael,AL,175
65085,LPL 2025 Split 2 Placements,2025-03-24,TT,Ultra Prime,Hoya,TT,-506
65085,LPL 2025 Split 2 Placements,2025-03-24,TT,Ultra Prime,Beichuan,TT,-767
65085,LPL 2025 Split 2 Placements,2025-03-24,TT,Ultra Prime,SeTab,TT,169
65085,LPL 2025 Split 2 Placements,2025-03-24,TT,Ultra Prime,1xn,TT,203
65085,LPL 2025 Split 2 Placements,2025-03-24,TT,Ultra Prime,Feather,TT,83
65085,LPL 2025 Split 2 Placements,2025-03-24,TT,Ultra Prime,1Jiang,Ultra Prime,506
65085,LPL 2025 Split 2 Placements,2025-03-24,TT,Ultra Prime,Junhao,Ultra Prime,767
65085,LPL 2025 Split 2 Placements,2025-03-24,TT,Ultra Prime,Saber,Ultra Prime,-169
65085,LPL 2025 Split 2 Placements,2025-03-24,TT,Ultra Prime,Wako,Ultra Prime,-203
65085,LPL 2025 Split 2 Placements,2025-03-24,TT,Ultra Prime,Xiaoxia,Ultra Prime,-83
65084,LPL 2025 Split 2 Placements,2025-03-24,AL,TT,Flandre,AL,1655
65084,LPL 2025 Split 2 Placements,2025-03-24,AL,TT,Tarzan,AL,1455
65084,LPL 2025 Split 2 Placements,2025-03-24,AL,TT,Shanks,AL,2033
65084,LPL 2025 Split 2 Placements,2025-03-24,AL,TT,Hope,AL,486
65084,LPL 2025 Split 2 Placements,2025-03-24,AL,TT,Kael,AL,611
65084,LPL 2025 Split 2 Placements,2025-03-24,AL,TT,Hoya,TT,-1655
65084,LPL 2025 Split 2 Placements,2025-03-24,AL,TT,Beichuan,TT,-1455
65084,LPL 2025 Split 2 Placements,2025-03-24,AL,TT,SeTab,TT,-2033
65084,LPL 2025 Split 2 Placements,2025-03-24,AL,TT,1xn,TT,-486
65084,LPL 2025 Split 2 Placements,2025-03-24,AL,TT,Feather,TT,-611
65083,LPL 2025 Split 2 Placements,2025-03-24,RNG,Ultra Prime,Xiaoxu,RNG,83
65083,LPL 2025 Split 2 Placements,2025-03-24,RNG,Ultra Prime,milkyway,RNG,-912
65083,LPL 2025 Split 2 Placements,2025-03-24,RNG,Ultra Prime,Tangyuan,RNG,186
65083,LPL 2025 Split 2 Placements,2025-03-24,RNG,Ultra Prime,JiaQi,RNG,-1159
65083,LPL 2025 Split 2 Placements,2025-03-24,RNG,Ultra Prime,Niket,RNG,-518
65083,LPL 2025 Split 2 Placements,2025-03-24,RNG,Ultra Prime,1Jiang,Ultra Prime,-83
65083,LPL 2025 Split 2 Placements,2025-03-24,RNG,Ultra Prime,Junhao,Ultra Prime,912
65083,LPL 2025 Split 2 Placements,2025-03-24,RNG,Ultra Prime,Saber,Ultra Prime,-186
65083,LPL 2025 Split 2 Placements,2025-03-24,RNG,Ultra Prime,Wako,Ultra Prime,1159
65083,LPL 2025 Split 2 Placements,2025-03-24,RNG,Ultra Prime,Xiaoxia,Ultra Prime,518
65082,LPL 2025 Split 2 Placements,2025-03-24,Ultra Prime,AL,1Jiang,Ultra Prime,-615
65082,LPL 2025 Split 2 Placements,2025-03-24,Ultra Prime,AL,Junhao,Ultra Prime,1502
65082,LPL 2025 Split 2 Placements,2025-03-24,Ultra Prime,AL,Saber,Ultra Prime,209
65082,LPL 2025 Split 2 Placements,2025-03-24,Ultra Prime,AL,Wako,Ultra Prime,-32
65082,LPL 2025 Split 2 Placements,2025-03-24,Ultra Prime,AL,Xiaoxia,Ultra Prime,-542
65082,LPL 2025 Split 2 Placements,2025-03-24,Ultra Prime,AL,Flandre,AL,615
65082,LPL 2025 Split 2 Placements,2025-03-24,Ultra Prime,AL,Tarzan,AL,-1502
65082,LPL 2025 Split 2 Placements,2025-03-24,Ultra Prime,AL,Shanks,AL,-209
65082,LPL 2025 Split 2 Placements,2025-03-24,Ultra Prime,AL,Hope,AL,32
65082,LPL 2025 Split 2 Placements,2025-03-24,Ultra Prime,AL,Kael,AL,542
65081,LPL 2025 Split 2 Placements,2025-03-24,TT,RNG,Hoya,TT,-345
65081,LPL 2025 Split 2 Placements,2025-03-24,TT,RNG,Beichuan,TT,-878
65081,LPL 2025 Split 2 Placements,2025-03-24,TT,RNG,SeTab,TT,-327
65081,LPL 2025 Split 2 Placements,2025-03-24,TT,RNG,1xn,TT,1299
65081,LPL 2025 Split 2 Placements,2025-03-24,TT,RNG,Feather,TT,865
65081,LPL 2025 Split 2 Placements,2025-03-24,TT,RNG,Xiaoxu,RNG,345
65081,LPL 2025 Split 2 Placements,2025-03-24,TT,RNG,milkyway,RNG,878
65081,LPL 2025 Split 2 Placements,2025-03-24,TT,RNG,Tangyuan,RNG,327
65081,LPL 2025 Split 2 Placements,2025-03-24,TT,RNG,JiaQi,RNG,-1299
65081,LPL 2025 Split 2 Placements,2025-03-24,TT,RNG,Niket,RNG,-865
65071,LPL 2025 Split 2 Placements,2025-03-23,LGD Gaming,JD Gaming,sasi,LGD Gaming,-231
65071,LPL 2025 Split 2 Placements,2025-03-23,LGD Gaming,JD Gaming,Climber,LGD Gaming,-565
65071,LPL 2025 Split 2 Placements,2025-03-23,LGD Gaming,JD Gaming,xqw,LGD Gaming,333
65071,LPL 2025 Split 2 Placements,2025-03-23,LGD Gaming,JD Gaming,Shaoye,LGD Gaming,590
65071,LPL 2025 Split 2 Placements,2025-03-23,LGD Gaming,JD Gaming,Ycx,LGD Gaming,153
65071,LPL 2025 Split 2 Placements,2025-03-23,LGD Gaming,JD Gaming,Ale,JD Gaming,231
65071,LPL 2025 Split 2 Placements,2025-03-23,LGD Gaming,JD Gaming,XUN,JD Gaming,565
65071,LPL 2025 Split 2 Placements,2025-03-23,LGD Gaming,JD Gaming,Scout,JD Gaming,-333
65071,LPL 2025 Split 2 Placements,2025-03-23,LGD Gaming,JD Gaming,Peyz,JD Gaming,-590
65071,LPL 2025 Split 2 Placements,2025-03-23,LGD Gaming,JD Gaming,Missing,JD Gaming,-153
65070,LPL 2025 Split 2 Placements,2025-03-23,IG,LNG Esports,TheShy,IG,252
65070,LPL 2025 Split 2 Placements,2025-03-23,IG,LNG Esports,Jiejie,IG,189
65070,LPL 2025 Split 2 Placements,2025-03-23,IG,LNG Esports,RooKie,IG,310
65070,LPL 2025 Split 2 Placements,2025-03-23,IG,LNG Esports,GALA,IG,482
65070,LPL 2025 Split 2 Placements,2025-03-23,IG,LNG Esports,meiko,IG,-38
65070,LPL 2025 Split 2 Placements,2025-03-23,IG,LNG Esports,Zika,LNG Esports,-252
65070,LPL 2025 Split 2 Placements,2025-03-23,IG,LNG Esports,WeiWei,LNG Esports,-189
65070,LPL 2025 Split 2 Placements,2025-03-23,IG,LNG Esports,Haichao,LNG Esports,-310
65070,LPL 2025 Split 2 Placements,2025-03-23,IG,LNG Esports,Photic,LNG Esports,-482
65070,LPL 2025 Split 2 Placements,2025-03-23,IG,LNG Esports,Zhuo,LNG Esports,38
65069,LPL 2025 Split 2 Placements,2025-03-23,JD Gaming,IG,Ale,JD Gaming,311
65069,LPL 2025 Split 2 Placements,2025-03-23,JD Gaming,IG,XUN,JD Gaming,26
65069,LPL 2025 Split 2 Placements,2025-03-23,JD Gaming,IG,Scout,JD Gaming,-491
65069,LPL 2025 Split 2 Placements,2025-03-23,JD Gaming,IG,Peyz,JD Gaming,-1231
65069,LPL 2025 Split 2 Placements,2025-03-23,JD Gaming,IG,Missing,JD Gaming,-856
65069,LPL 2025 Split 2 Placements,2025-03-23,JD Gaming,IG,TheShy,IG,-311
65069,LPL 2025 Split 2 Placements,2025-03-23,JD Gaming,IG,Jiejie,IG,-26
65069,LPL 2025 Split 2 Placements,2025-03-23,JD Gaming,IG,RooKie,IG,491
65069,LPL 2025 Split 2 Placements,2025-03-23,JD Gaming,IG,GALA,IG,1231
65069,LPL 2025 Split 2 Placements,2025-03-23,JD Gaming,IG,meiko,IG,856
65068,LPL 2025 Split 2 Placements,2025-03-23,LGD Gaming,LNG Esports,sasi,LGD Gaming,135
65068,LPL 2025 Split 2 Placements,2025-03-23,LGD Gaming,LNG Esports,Climber,LGD Gaming,-226
65068,LPL 2025 Split 2 Placements,2025-03-23,LGD Gaming,LNG Esports,xqw,LGD Gaming,36
65068,LPL 2025 Split 2 Placements,2025-03-23,LGD Gaming,LNG Esports,Shaoye,LGD Gaming,-247
65068,LPL 2025 Split 2 Placements,2025-03-23,LGD Gaming,LNG Esports,Ycx,LGD Gaming,466
65068,LPL 2025 Split 2 Placements,2025-03-23,LGD Gaming,LNG Esports,Zika,LNG Esports,-135
65068,LPL 2025 Split 2 Placements,2025-03-23,LGD Gaming,LNG Esports,WeiWei,LNG Esports,226
65068,LPL 2025 Split 2 Placements,2025-03-23,LGD Gaming,LNG Esports,Haichao,LNG Esports,-36
65068,LPL 2025 Split 2 Placements,2025-03-23,LGD Gaming,LNG Esports,Photic,LNG Esports,247
65068,LPL 2025 Split 2 Placements,2025-03-23,LGD Gaming,LNG Esports,Zhuo,LNG Esports,-466
65067,LPL 2025 Split 2 Placements,2025-03-23,LNG Esports,JD Gaming,Zika,LNG Esports,-249
65067,LPL 2025 Split 2 Placements,2025-03-23,LNG Esports,JD Gaming,WeiWei,LNG Esports,-263
65067,LPL 2025 Split 2 Placements,2025-03-23,LNG Esports,JD Gaming,Haichao,LNG Esports,86
65067,LPL 2025 Split 2 Placements,2025-03-23,LNG Esports,JD Gaming,Photic,LNG Esports,-980
65067,LPL 2025 Split 2 Placements,2025-03-23,LNG Esports,JD Gaming,Zhuo,LNG Esports,9
65067,LPL 2025 Split 2 Placements,2025-03-23,LNG Esports,JD Gaming,Ale,JD Gaming,249
65067,LPL 2025 Split 2 Placements,2025-03-23,LNG Esports,JD Gaming,XUN,JD Gaming,263
65067,LPL 2025 Split 2 Placements,2025-03-23,LNG Esports,JD Gaming,Scout,JD Gaming,-86
65067,LPL 2025 Split 2 Placements,2025-03-23,LNG Esports,JD Gaming,Peyz,JD Gaming,980
65067,LPL 2025 Split 2 Placements,2025-03-23,LNG Esports,JD Gaming,Missing,JD Gaming,-9
65066,LPL 2025 Split 2 Placements,2025-03-23,IG,LGD Gaming,TheShy,IG,425
65066,LPL 2025 Split 2 Placements,2025-03-23,IG,LGD Gaming,Jiejie,IG,615
65066,LPL 2025 Split 2 Placements,2025-03-23,IG,LGD Gaming,RooKie,IG,-1023
65066,LPL 2025 Split 2 Placements,2025-03-23,IG,LGD Gaming,GALA,IG,-330
65066,LPL 2025 Split 2 Placements,2025-03-23,IG,LGD Gaming,meiko,IG,-438
65066,LPL 2025 Split 2 Placements,2025-03-23,IG,LGD Gaming,sasi,LGD Gaming,-425
65066,LPL 2025 Split 2 Placements,2025-03-23,IG,LGD Gaming,Climber,LGD Gaming,-615
65066,LPL 2025 Split 2 Placements,2025-03-23,IG,LGD Gaming,xqw,LGD Gaming,1023
65066,LPL 2025 Split 2 Placements,2025-03-23,IG,LGD Gaming,Shaoye,LGD Gaming,330
65066,LPL 2025 Split 2 Placements,2025-03-23,IG,LGD Gaming,Ycx,LGD Gaming,438
65065,LPL 2025 Split 2 Placements,2025-03-22,EDG,BLG,Zdz,EDG,272
65065,LPL 2025 Split 2 Placements,2025-03-22,EDG,BLG,Xiaohao,EDG,781
65065,LPL 2025 Split 2 Placements,2025-03-22,EDG,BLG,Angel,EDG,-256
65065,LPL 2025 Split 2 Placements,2025-03-22,EDG,BLG,Ahn,EDG,25
65065,LPL 2025 Split 2 Placements,2025-03-22,EDG,BLG,Wink,EDG,193
65065,LPL 2025 Split 2 Placements,2025-03-22,EDG,BLG,Bin,BLG,-272
65065,LPL 2025 Split 2 Placements,2025-03-22,EDG,BLG,Wei,BLG,-781
65065,LPL 2025 Split 2 Placements,2025-03-22,EDG,BLG,Knight,BLG,256
65065,LPL 2025 Split 2 Placements,2025-03-22,EDG,BLG,Elk,BLG,-25
65065,LPL 2025 Split 2 Placements,2025-03-22,EDG,BLG,ON,BLG,-193
65064,LPL 2025 Split 2 Placements,2025-03-22,WBG,Team WE,Breathe,WBG,937
65064,LPL 2025 Split 2 Placements,2025-03-22,WBG,Team WE,Tian,WBG,754
65064,LPL 2025 Split 2 Placements,2025-03-22,WBG,Team WE,xiaohu,WBG,921
65064,LPL 2025 Split 2 Placements,2025-03-22,WBG,Team WE,Light,WBG,-165
65064,LPL 2025 Split 2 Placements,2025-03-22,WBG,Team WE,Hang,WBG,-334
65064,LPL 2025 Split 2 Placements,2025-03-22,WBG,Team WE,Cube,Team WE,-937
65064,LPL 2025 Split 2 Placements,2025-03-22,WBG,Team WE,Monki,Team WE,-754
65064,LPL 2025 Split 2 Placements,2025-03-22,WBG,Team WE,Karis,Team WE,-921
65064,LPL 2025 Split 2 Placements,2025-03-22,WBG,Team WE,Taeyoon,Team WE,165
65064,LPL 2025 Split 2 Placements,2025-03-22,WBG,Team WE,Vampire,Team WE,334
65063,LPL 2025 Split 2 Placements,2025-03-22,BLG,WBG,Bin,BLG,-141
65063,LPL 2025 Split 2 Placements,2025-03-22,BLG,WBG,Wei,BLG,391
65063,LPL 2025 Split 2 Placements,2025-03-22,BLG,WBG,Knight,BLG,70
65063,LPL 2025 Split 2 Placements,2025-03-22,BLG,WBG,Elk,BLG,1061
65063,LPL 2025 Split 2 Placements,2025-03-22,BLG,WBG,ON,BLG,128
65063,LPL 2025 Split 2 Placements,2025-03-22,BLG,WBG,Breathe,WBG,141
65063,LPL 2025 Split 2 Placements,2025-03-22,BLG,WBG,Tian,WBG,-391
65063,LPL 2025 Split 2 Placements,2025-03-22,BLG,WBG,xiaohu,WBG,-70
65063,LPL 2025 Split 2 Placements,2025-03-22,BLG,WBG,Light,WBG,-1061
65063,LPL 2025 Split 2 Placements,2025-03-22,BLG,WBG,Hang,WBG,-128
65062,LPL 2025 Split 2 Placements,2025-03-22,EDG,Team WE,Zdz,EDG,1019
65062,LPL 2025 Split 2 Placements,2025-03-22,EDG,Team WE,Xiaohao,EDG,614
65062,LPL 2025 Split 2 Placements,2025-03-22,EDG,Team WE,Angel,EDG,77
65062,LPL 2025 Split 2 Placements,2025-03-22,EDG,Team WE,Ahn,EDG,-65
65062,LPL 2025 Split 2 Placements,2025-03-22,EDG,Team WE,Wink,EDG,693
65062,LPL 2025 Split 2 Placements,2025-03-22,EDG,Team WE,Cube,Team WE,-1019
65062,LPL 2025 Split 2 Placements,2025-03-22,EDG,Team WE,Monki,Team WE,-614
65062,LPL 2025 Split 2 Placements,2025-03-22,EDG,Team WE,Karis,Team WE,-77
65062,LPL 2025 Split 2 Placements,2025-03-22,EDG,Team WE,Taeyoon,Team WE,65
65062,LPL 2025 Split 2 Placements,2025-03-22,EDG,Team WE,Vampire,Team WE,-693
65061,LPL 2025 Split 2 Placements,2025-03-22,Team WE,BLG,Cube,Team WE,-839
65061,LPL 2025 Split 2 Placements,2025-03-22,Team WE,BLG,Monki,Team WE,-241
65061,LPL 2025 Split 2 Placements,2025-03-22,Team WE,BLG,Karis,Team WE,472
65061,LPL 2025 Split 2 Placements,2025-03-22,Team WE,BLG,Taeyoon,Team WE,237
65061,LPL 2025 Split 2 Placements,2025-03-22,Team WE,BLG,Vampire,Team WE,326
65061,LPL 2025 Split 2 Placements,2025-03-22,Team WE,BLG,Bin,BLG,839
65061,LPL 2025 Split 2 Placements,2025-03-22,Team WE,BLG,Wei,BLG,241
65061,LPL 2025 Split 2 Placements,2025-03-22,Team WE,BLG,Knight,BLG,-472
65061,LPL 2025 Split 2 Placements,2025-03-22,Team WE,BLG,Elk,BLG,-237
65061,LPL 2025 Split 2 Placements,2025-03-22,Team WE,BLG,ON,BLG,-326
65060,LPL 2025 Split 2 Placements,2025-03-22,WBG,EDG,Breathe,WBG,-292
65060,LPL 2025 Split 2 Placements,2025-03-22,WBG,EDG,Tian,WBG,-137
65060,LPL 2025 Split 2 Placements,2025-03-22,WBG,EDG,xiaohu,WBG,557
65060,LPL 2025 Split 2 Placements,2025-03-22,WBG,EDG,Light,WBG,-63
65060,LPL 2025 Split 2 Placements,2025-03-22,WBG,EDG,Hang,WBG,-739
65060,LPL 2025 Split 2 Placements,2025-03-22,WBG,EDG,Zdz,EDG,292
65060,LPL 2025 Split 2 Placements,2025-03-22,WBG,EDG,Xiaohao,EDG,137
65060,LPL 2025 Split 2 Placements,2025-03-22,WBG,EDG,Angel,EDG,-557
65060,LPL 2025 Split 2 Placements,2025-03-22,WBG,EDG,Ahn,EDG,63
65060,LPL 2025 Split 2 Placements,2025-03-22,WBG,EDG,Wink,EDG,739
68228,LPL 2025 Split 2,2025-05-22,NIP,TT,Hoya,NIP,316
68228,LPL 2025 Split 2,2025-05-22,NIP,TT,xiaohuangren,NIP,468
68228,LPL 2025 Split 2,2025-05-22,NIP,TT,SeTab,NIP,852
68228,LPL 2025 Split 2,2025-05-22,NIP,TT,1xn,NIP,466
68228,LPL 2025 Split 2,2025-05-22,NIP,TT,Feather,NIP,-208
68228,LPL 2025 Split 2,2025-05-22,NIP,TT,Solokill,TT,-316
68228,LPL 2025 Split 2,2025-05-22,NIP,TT,AKi,TT,-468
68228,LPL 2025 Split 2,2025-05-22,NIP,TT,Doinb,TT,-852
68228,LPL 2025 Split 2,2025-05-22,NIP,TT,Leave,TT,-466
68228,LPL 2025 Split 2,2025-05-22,NIP,TT,Ppgod,TT,208
68229,LPL 2025 Split 2,2025-05-22,NIP,TT,Solokill,NIP,-180
68229,LPL 2025 Split 2,2025-05-22,NIP,TT,AKi,NIP,-11
68229,LPL 2025 Split 2,2025-05-22,NIP,TT,Doinb,NIP,-384
68229,LPL 2025 Split 2,2025-05-22,NIP,TT,Leave,NIP,-271
68229,LPL 2025 Split 2,2025-05-22,NIP,TT,Ppgod,NIP,-233
68229,LPL 2025 Split 2,2025-05-22,NIP,TT,Hoya,TT,180
68229,LPL 2025 Split 2,2025-05-22,NIP,TT,xiaohuangren,TT,11
68229,LPL 2025 Split 2,2025-05-22,NIP,TT,SeTab,TT,384
68229,LPL 2025 Split 2,2025-05-22,NIP,TT,1xn,TT,271
68229,LPL 2025 Split 2,2025-05-22,NIP,TT,Feather,TT,233
68225,LPL 2025 Split 2,2025-05-22,Team WE,WBG,Cube,Team WE,-193
68225,LPL 2025 Split 2,2025-05-22,Team WE,WBG,Monki,Team WE,-199
68225,LPL 2025 Split 2,2025-05-22,Team WE,WBG,Karis,Team WE,-147
68225,LPL 2025 Split 2,2025-05-22,Team WE,WBG,Taeyoon,Team WE,123
68225,LPL 2025 Split 2,2025-05-22,Team WE,WBG,Vampire,Team WE,-581
68225,LPL 2025 Split 2,2025-05-22,Team WE,WBG,Breathe,WBG,193
68225,LPL 2025 Split 2,2025-05-22,Team WE,WBG,Tian,WBG,199
68225,LPL 2025 Split 2,2025-05-22,Team WE,WBG,xiaohu,WBG,147
68225,LPL 2025 Split 2,2025-05-22,Team WE,WBG,Light,WBG,-123
68225,LPL 2025 Split 2,2025-05-22,Team WE,WBG,Hang,WBG,581
68226,LPL 2025 Split 2,2025-05-22,Team WE,WBG,Breathe,Team WE,876
68226,LPL 2025 Split 2,2025-05-22,Team WE,WBG,Tian,Team WE,43
68226,LPL 2025 Split 2,2025-05-22,Team WE,WBG,xiaohu,Team WE,382
68226,LPL 2025 Split 2,2025-05-22,Team WE,WBG,Light,Team WE,35
68226,LPL 2025 Split 2,2025-05-22,Team WE,WBG,Hang,Team WE,211
68226,LPL 2025 Split 2,2025-05-22,Team WE,WBG,Cube,WBG,-876
68226,LPL 2025 Split 2,2025-05-22,Team WE,WBG,Monki,WBG,-43
68226,LPL 2025 Split 2,2025-05-22,Team WE,WBG,Karis,WBG,-382
68226,LPL 2025 Split 2,2025-05-22,Team WE,WBG,Taeyoon,WBG,-35
68226,LPL 2025 Split 2,2025-05-22,Team WE,WBG,Vampire,WBG,-211
68222,LPL 2025 Split 2,2025-05-21,IG,BLG,Bin,IG,-107
68222,LPL 2025 Split 2,2025-05-21,IG,BLG,Beichuan,IG,21
68222,LPL 2025 Split 2,2025-05-21,IG,BLG,Knight,IG,447
68222,LPL 2025 Split 2,2025-05-21,IG,BLG,Elk,IG,194
68222,LPL 2025 Split 2,2025-05-21,IG,BLG,ON,IG,662
68222,LPL 2025 Split 2,2025-05-21,IG,BLG,TheShy,BLG,107
68222,LPL 2025 Split 2,2025-05-21,IG,BLG,Jiejie,BLG,-21
68222,LPL 2025 Split 2,2025-05-21,IG,BLG,RooKie,BLG,-447
68222,LPL 2025 Split 2,2025-05-21,IG,BLG,GALA,BLG,-194
68222,LPL 2025 Split 2,2025-05-21,IG,BLG,meiko,BLG,-662
68223,LPL 2025 Split 2,2025-05-21,IG,BLG,TheShy,IG,696
68223,LPL 2025 Split 2,2025-05-21,IG,BLG,Jiejie,IG,499
68223,LPL 2025 Split 2,2025-05-21,IG,BLG,RooKie,IG,-355
68223,LPL 2025 Split 2,2025-05-21,IG,BLG,GALA,IG,597
68223,LPL 2025 Split 2,2025-05-21,IG,BLG,meiko,IG,87
68223,LPL 2025 Split 2,2025-05-21,IG,BLG,Bin,BLG,-696
68223,LPL 2025 Split 2,2025-05-21,IG,BLG,Beichuan,BLG,-499
68223,LPL 2025 Split 2,2025-05-21,IG,BLG,Knight,BLG,355
68223,LPL 2025 Split 2,2025-05-21,IG,BLG,Elk,BLG,-597
68223,LPL 2025 Split 2,2025-05-21,IG,BLG,ON,BLG,-87
68224,LPL 2025 Split 2,2025-05-21,IG,BLG,Bin,IG,1241
68224,LPL 2025 Split 2,2025-05-21,IG,BLG,Beichuan,IG,-1375
68224,LPL 2025 Split 2,2025-05-21,IG,BLG,Knight,IG,338
68224,LPL 2025 Split 2,2025-05-21,IG,BLG,Elk,IG,331
68224,LPL 2025 Split 2,2025-05-21,IG,BLG,ON,IG,1440
68224,LPL 2025 Split 2,2025-05-21,IG,BLG,TheShy,BLG,-1241
68224,LPL 2025 Split 2,2025-05-21,IG,BLG,Jiejie,BLG,1375
68224,LPL 2025 Split 2,2025-05-21,IG,BLG,RooKie,BLG,-338
68224,LPL 2025 Split 2,2025-05-21,IG,BLG,GALA,BLG,-331
68224,LPL 2025 Split 2,2025-05-21,IG,BLG,meiko,BLG,-1440
68219,LPL 2025 Split 2,2025-05-21,JD Gaming,AL,Flandre,JD Gaming,-146
68219,LPL 2025 Split 2,2025-05-21,JD Gaming,AL,Tarzan,JD Gaming,-1121
68219,LPL 2025 Split 2,2025-05-21,JD Gaming,AL,Shanks,JD Gaming,-456
68219,LPL 2025 Split 2,2025-05-21,JD Gaming,AL,Hope,JD Gaming,-310
68219,LPL 2025 Split 2,2025-05-21,JD Gaming,AL,Kael,JD Gaming,4
68219,LPL 2025 Split 2,2025-05-21,JD Gaming,AL,Ale,AL,146
68219,LPL 2025 Split 2,2025-05-21,JD Gaming,AL,XUN,AL,1121
68219,LPL 2025 Split 2,2025-05-21,JD Gaming,AL,Scout,AL,456
68219,LPL 2025 Split 2,2025-05-21,JD Gaming,AL,Peyz,AL,310
68219,LPL 2025 Split 2,2025-05-21,JD Gaming,AL,Missing,AL,-4
68220,LPL 2025 Split 2,2025-05-21,JD Gaming,AL,Flandre,JD Gaming,-927
68220,LPL 2025 Split 2,2025-05-21,JD Gaming,AL,Tarzan,JD Gaming,150
68220,LPL 2025 Split 2,2025-05-21,JD Gaming,AL,Shanks,JD Gaming,204
68220,LPL 2025 Split 2,2025-05-21,JD Gaming,AL,Hope,JD Gaming,-551
68220,LPL 2025 Split 2,2025-05-21,JD Gaming,AL,Kael,JD Gaming,665
68220,LPL 2025 Split 2,2025-05-21,JD Gaming,AL,Ale,AL,927
68220,LPL 2025 Split 2,2025-05-21,JD Gaming,AL,XUN,AL,-150
68220,LPL 2025 Split 2,2025-05-21,JD Gaming,AL,Scout,AL,-204
68220,LPL 2025 Split 2,2025-05-21,JD Gaming,AL,Peyz,AL,551
68220,LPL 2025 Split 2,2025-05-21,JD Gaming,AL,Missing,AL,-665
68216,LPL 2025 Split 2,2025-05-20,Top Esports,BLG,Bin,Top Esports,368
68216,LPL 2025 Split 2,2025-05-20,Top Esports,BLG,Beichuan,Top Esports,1168
68216,LPL 2025 Split 2,2025-05-20,Top Esports,BLG,Knight,Top Esports,1304
68216,LPL 2025 Split 2,2025-05-20,Top Esports,BLG,Elk,Top Esports,1022
68216,LPL 2025 Split 2,2025-05-20,Top Esports,BLG,ON,Top Esports,689
68216,LPL 2025 Split 2,2025-05-20,Top Esports,BLG,369,BLG,-368
68216,LPL 2025 Split 2,2025-05-20,Top Esports,BLG,Kanavi,BLG,-1168
68216,LPL 2025 Split 2,2025-05-20,Top Esports,BLG,Creme,BLG,-1304
68216,LPL 2025 Split 2,2025-05-20,Top Esports,BLG,JackeyLove,BLG,-1022
68216,LPL 2025 Split 2,2025-05-20,Top Esports,BLG,Crisp,BLG,-689
68217,LPL 2025 Split 2,2025-05-20,Top Esports,BLG,369,Top Esports,221
68217,LPL 2025 Split 2,2025-05-20,Top Esports,BLG,Kanavi,Top Esports,30
68217,LPL 2025 Split 2,2025-05-20,Top Esports,BLG,Creme,Top Esports,-254
68217,LPL 2025 Split 2,2025-05-20,Top Esports,BLG,JackeyLove,Top Esports,-245
68217,LPL 2025 Split 2,2025-05-20,Top Esports,BLG,Crisp,Top Esports,-222
68217,LPL 2025 Split 2,2025-05-20,Top Esports,BLG,Bin,BLG,-221
68217,LPL 2025 Split 2,2025-05-20,Top Esports,BLG,Beichuan,BLG,-30
68217,LPL 2025 Split 2,2025-05-20,Top Esports,BLG,Knight,BLG,254
68217,LPL 2025 Split 2,2025-05-20,Top Esports,BLG,Elk,BLG,245
68217,LPL 2025 Split 2,2025-05-20,Top Esports,BLG,ON,BLG,222
68213,LPL 2025 Split 2,2025-05-20,FPX,IG,TheShy,FPX,-139
68213,LPL 2025 Split 2,2025-05-20,FPX,IG,Jiejie,FPX,219
68213,LPL 2025 Split 2,2025-05-20,FPX,IG,RooKie,FPX,296
68213,LPL 2025 Split 2,2025-05-20,FPX,IG,GALA,FPX,-536
68213,LPL 2025 Split 2,2025-05-20,FPX,IG,meiko,FPX,-347
68213,LPL 2025 Split 2,2025-05-20,FPX,IG,sheer,IG,139
68213,LPL 2025 Split 2,2025-05-20,FPX,IG,Shad0w,IG,-219
68213,LPL 2025 Split 2,2025-05-20,FPX,IG,Care,IG,-296
68213,LPL 2025 Split 2,2025-05-20,FPX,IG,Assum,IG,536
68213,LPL 2025 Split 2,2025-05-20,FPX,IG,Jwei,IG,347
68214,LPL 2025 Split 2,2025-05-20,FPX,IG,sheer,FPX,-1385
68214,LPL 2025 Split 2,2025-05-20,FPX,IG,Shad0w,FPX,176
68214,LPL 2025 Split 2,2025-05-20,FPX,IG,Care,FPX,1514
68214,LPL 2025 Split 2,2025-05-20,FPX,IG,Assum,FPX,719
68214,LPL 2025 Split 2,2025-05-20,FPX,IG,Jwei,FPX,128
68214,LPL 2025 Split 2,2025-05-20,FPX,IG,TheShy,IG,1385
68214,LPL 2025 Split 2,2025-05-20,FPX,IG,Jiejie,IG,-176
68214,LPL 2025 Split 2,2025-05-20,FPX,IG,RooKie,IG,-1514
68214,LPL 2025 Split 2,2025-05-20,FPX,IG,GALA,IG,-719
68214,LPL 2025 Split 2,2025-05-20,FPX,IG,meiko,IG,-128
68210,LPL 2025 Split 2,2025-05-19,NIP,JD Gaming,Ale,NIP,90
68210,LPL 2025 Split 2,2025-05-19,NIP,JD Gaming,XUN,NIP,985
68210,LPL 2025 Split 2,2025-05-19,NIP,JD Gaming,Scout,NIP,-558
68210,LPL 2025 Split 2,2025-05-19,NIP,JD Gaming,Peyz,NIP,56
68210,LPL 2025 Split 2,2025-05-19,NIP,JD Gaming,Missing,NIP,33
68210,LPL 2025 Split 2,2025-05-19,NIP,JD Gaming,Solokill,JD Gaming,-90
68210,LPL 2025 Split 2,2025-05-19,NIP,JD Gaming,AKi,JD Gaming,-985
68210,LPL 2025 Split 2,2025-05-19,NIP,JD Gaming,Doinb,JD Gaming,558
68210,LPL 2025 Split 2,2025-05-19,NIP,JD Gaming,Leave,JD Gaming,-56
68210,LPL 2025 Split 2,2025-05-19,NIP,JD Gaming,Ppgod,JD Gaming,-33
68211,LPL 2025 Split 2,2025-05-19,NIP,JD Gaming,Solokill,NIP,1928
68211,LPL 2025 Split 2,2025-05-19,NIP,JD Gaming,AKi,NIP,-572
68211,LPL 2025 Split 2,2025-05-19,NIP,JD Gaming,Doinb,NIP,-353
68211,LPL 2025 Split 2,2025-05-19,NIP,JD Gaming,Leave,NIP,-517
68211,LPL 2025 Split 2,2025-05-19,NIP,JD Gaming,Ppgod,NIP,-16
68211,LPL 2025 Split 2,2025-05-19,NIP,JD Gaming,Ale,JD Gaming,-1928
68211,LPL 2025 Split 2,2025-05-19,NIP,JD Gaming,XUN,JD Gaming,572
68211,LPL 2025 Split 2,2025-05-19,NIP,JD Gaming,Scout,JD Gaming,353
68211,LPL 2025 Split 2,2025-05-19,NIP,JD Gaming,Peyz,JD Gaming,517
68211,LPL 2025 Split 2,2025-05-19,NIP,JD Gaming,Missing,JD Gaming,16
68207,LPL 2025 Split 2,2025-05-19,WBG,FPX,Breathe,WBG,237
68207,LPL 2025 Split 2,2025-05-19,WBG,FPX,Tian,WBG,172
68207,LPL 2025 Split 2,2025-05-19,WBG,FPX,xiaohu,WBG,491
68207,LPL 2025 Split 2,2025-05-19,WBG,FPX,Light,WBG,924
68207,LPL 2025 Split 2,2025-05-19,WBG,FPX,Hang,WBG,445
68207,LPL 2025 Split 2,2025-05-19,WBG,FPX,sheer,FPX,-237
68207,LPL 2025 Split 2,2025-05-19,WBG,FPX,Shad0w,FPX,-172
68207,LPL 2025 Split 2,2025-05-19,WBG,FPX,Care,FPX,-491
68207,LPL 2025 Split 2,2025-05-19,WBG,FPX,Assum,FPX,-924
68207,LPL 2025 Split 2,2025-05-19,WBG,FPX,Jwei,FPX,-445
68208,LPL 2025 Split 2,2025-05-19,WBG,FPX,sheer,WBG,58
68208,LPL 2025 Split 2,2025-05-19,WBG,FPX,Shad0w,WBG,-422
68208,LPL 2025 Split 2,2025-05-19,WBG,FPX,Care,WBG,-293
68208,LPL 2025 Split 2,2025-05-19,WBG,FPX,Assum,WBG,28
68208,LPL 2025 Split 2,2025-05-19,WBG,FPX,Jwei,WBG,-316
68208,LPL 2025 Split 2,2025-05-19,WBG,FPX,Breathe,FPX,-58
68208,LPL 2025 Split 2,2025-05-19,WBG,FPX,Tian,FPX,422
68208,LPL 2025 Split 2,2025-05-19,WBG,FPX,xiaohu,FPX,293
68208,LPL 2025 Split 2,2025-05-19,WBG,FPX,Light,FPX,-28
68208,LPL 2025 Split 2,2025-05-19,WBG,FPX,Hang,FPX,316
67802,LPL 2025 Split 2,2025-05-18,AL,Team WE,Cube,AL,529
67802,LPL 2025 Split 2,2025-05-18,AL,Team WE,Monki,AL,-2102
67802,LPL 2025 Split 2,2025-05-18,AL,Team WE,Karis,AL,-650
67802,LPL 2025 Split 2,2025-05-18,AL,Team WE,Taeyoon,AL,-126
67802,LPL 2025 Split 2,2025-05-18,AL,Team WE,Vampire,AL,-216
67802,LPL 2025 Split 2,2025-05-18,AL,Team WE,Flandre,Team WE,-529
67802,LPL 2025 Split 2,2025-05-18,AL,Team WE,Tarzan,Team WE,2102
67802,LPL 2025 Split 2,2025-05-18,AL,Team WE,Shanks,Team WE,650
67802,LPL 2025 Split 2,2025-05-18,AL,Team WE,Hope,Team WE,126
67802,LPL 2025 Split 2,2025-05-18,AL,Team WE,Kael,Team WE,216
67803,LPL 2025 Split 2,2025-05-18,AL,Team WE,Cube,AL,477
67803,LPL 2025 Split 2,2025-05-18,AL,Team WE,Monki,AL,168
67803,LPL 2025 Split 2,2025-05-18,AL,Team WE,Karis,AL,-1073
67803,LPL 2025 Split 2,2025-05-18,AL,Team WE,Taeyoon,AL,-262
67803,LPL 2025 Split 2,2025-05-18,AL,Team WE,Vampire,AL,-318
67803,LPL 2025 Split 2,2025-05-18,AL,Team WE,Flandre,Team WE,-477
67803,LPL 2025 Split 2,2025-05-18,AL,Team WE,Tarzan,Team WE,-168
67803,LPL 2025 Split 2,2025-05-18,AL,Team WE,Shanks,Team WE,1073
67803,LPL 2025 Split 2,2025-05-18,AL,Team WE,Hope,Team WE,262
67803,LPL 2025 Split 2,2025-05-18,AL,Team WE,Kael,Team WE,318
67799,LPL 2025 Split 2,2025-05-18,Top Esports,TT,Hoya,Top Esports,742
67799,LPL 2025 Split 2,2025-05-18,Top Esports,TT,xiaohuangren,Top Esports,-405
67799,LPL 2025 Split 2,2025-05-18,Top Esports,TT,SeTab,Top Esports,585
67799,LPL 2025 Split 2,2025-05-18,Top Esports,TT,1xn,Top Esports,-1868
67799,LPL 2025 Split 2,2025-05-18,Top Esports,TT,Feather,Top Esports,-633
67799,LPL 2025 Split 2,2025-05-18,Top Esports,TT,369,TT,-742
67799,LPL 2025 Split 2,2025-05-18,Top Esports,TT,Kanavi,TT,405
67799,LPL 2025 Split 2,2025-05-18,Top Esports,TT,Creme,TT,-585
67799,LPL 2025 Split 2,2025-05-18,Top Esports,TT,JackeyLove,TT,1868
67799,LPL 2025 Split 2,2025-05-18,Top Esports,TT,Crisp,TT,633
67800,LPL 2025 Split 2,2025-05-18,Top Esports,TT,Hoya,Top Esports,-898
67800,LPL 2025 Split 2,2025-05-18,Top Esports,TT,xiaohuangren,Top Esports,727
67800,LPL 2025 Split 2,2025-05-18,Top Esports,TT,SeTab,Top Esports,2616
67800,LPL 2025 Split 2,2025-05-18,Top Esports,TT,1xn,Top Esports,667
67800,LPL 2025 Split 2,2025-05-18,Top Esports,TT,Feather,Top Esports,-203
67800,LPL 2025 Split 2,2025-05-18,Top Esports,TT,369,TT,898
67800,LPL 2025 Split 2,2025-05-18,Top Esports,TT,Kanavi,TT,-727
67800,LPL 2025 Split 2,2025-05-18,Top Esports,TT,Creme,TT,-2616
67800,LPL 2025 Split 2,2025-05-18,Top Esports,TT,JackeyLove,TT,-667
67800,LPL 2025 Split 2,2025-05-18,Top Esports,TT,Crisp,TT,203
67801,LPL 2025 Split 2,2025-05-18,Top Esports,TT,369,Top Esports,810
67801,LPL 2025 Split 2,2025-05-18,Top Esports,TT,Kanavi,Top Esports,-4
67801,LPL 2025 Split 2,2025-05-18,Top Esports,TT,Creme,Top Esports,-799
67801,LPL 2025 Split 2,2025-05-18,Top Esports,TT,JackeyLove,Top Esports,162
67801,LPL 2025 Split 2,2025-05-18,Top Esports,TT,Crisp,Top Esports,-379
67801,LPL 2025 Split 2,2025-05-18,Top Esports,TT,Hoya,TT,-810
67801,LPL 2025 Split 2,2025-05-18,Top Esports,TT,xiaohuangren,TT,4
67801,LPL 2025 Split 2,2025-05-18,Top Esports,TT,SeTab,TT,799
67801,LPL 2025 Split 2,2025-05-18,Top Esports,TT,1xn,TT,-162
67801,LPL 2025 Split 2,2025-05-18,Top Esports,TT,Feather,TT,379
67796,LPL 2025 Split 2,2025-05-17,JD Gaming,BLG,Ale,JD Gaming,133
67796,LPL 2025 Split 2,2025-05-17,JD Gaming,BLG,XUN,JD Gaming,501
67796,LPL 2025 Split 2,2025-05-17,JD Gaming,BLG,Scout,JD Gaming,-734
67796,LPL 2025 Split 2,2025-05-17,JD Gaming,BLG,Peyz,JD Gaming,-493
67796,LPL 2025 Split 2,2025-05-17,JD Gaming,BLG,Missing,JD Gaming,-624
67796,LPL 2025 Split 2,2025-05-17,JD Gaming,BLG,Bin,BLG,-133
67796,LPL 2025 Split 2,2025-05-17,JD Gaming,BLG,Beichuan,BLG,-501
67796,LPL 2025 Split 2,2025-05-17,JD Gaming,BLG,Knight,BLG,734
67796,LPL 2025 Split 2,2025-05-17,JD Gaming,BLG,Elk,BLG,493
67796,LPL 2025 Split 2,2025-05-17,JD Gaming,BLG,ON,BLG,624
67797,LPL 2025 Split 2,2025-05-17,JD Gaming,BLG,Bin,JD Gaming,1359
67797,LPL 2025 Split 2,2025-05-17,JD Gaming,BLG,Beichuan,JD Gaming,-574
67797,LPL 2025 Split 2,2025-05-17,JD Gaming,BLG,Knight,JD Gaming,-193
67797,LPL 2025 Split 2,2025-05-17,JD Gaming,BLG,Elk,JD Gaming,417
67797,LPL 2025 Split 2,2025-05-17,JD Gaming,BLG,ON,JD Gaming,264
67797,LPL 2025 Split 2,2025-05-17,JD Gaming,BLG,Ale,BLG,-1359
67797,LPL 2025 Split 2,2025-05-17,JD Gaming,BLG,XUN,BLG,574
67797,LPL 2025 Split 2,2025-05-17,JD Gaming,BLG,Scout,BLG,193
67797,LPL 2025 Split 2,2025-05-17,JD Gaming,BLG,Peyz,BLG,-417
67797,LPL 2025 Split 2,2025-05-17,JD Gaming,BLG,Missing,BLG,-264
67793,LPL 2025 Split 2,2025-05-17,WBG,Top Esports,Breathe,WBG,873
67793,LPL 2025 Split 2,2025-05-17,WBG,Top Esports,Tian,WBG,-229
67793,LPL 2025 Split 2,2025-05-17,WBG,Top Esports,xiaohu,WBG,-558
67793,LPL 2025 Split 2,2025-05-17,WBG,Top Esports,Light,WBG,-444
67793,LPL 2025 Split 2,2025-05-17,WBG,Top Esports,Erha,WBG,23
67793,LPL 2025 Split 2,2025-05-17,WBG,Top Esports,369,Top Esports,-873
67793,LPL 2025 Split 2,2025-05-17,WBG,Top Esports,Kanavi,Top Esports,229
67793,LPL 2025 Split 2,2025-05-17,WBG,Top Esports,Creme,Top Esports,558
67793,LPL 2025 Split 2,2025-05-17,WBG,Top Esports,JackeyLove,Top Esports,444
67793,LPL 2025 Split 2,2025-05-17,WBG,Top Esports,Crisp,Top Esports,-23
67794,LPL 2025 Split 2,2025-05-17,WBG,Top Esports,Breathe,WBG,509
67794,LPL 2025 Split 2,2025-05-17,WBG,Top Esports,Tian,WBG,1164
67794,LPL 2025 Split 2,2025-05-17,WBG,Top Esports,xiaohu,WBG,-1426
67794,LPL 2025 Split 2,2025-05-17,WBG,Top Esports,Light,WBG,1326
67794,LPL 2025 Split 2,2025-05-17,WBG,Top Esports,Erha,WBG,237
67794,LPL 2025 Split 2,2025-05-17,WBG,Top Esports,369,Top Esports,-509
67794,LPL 2025 Split 2,2025-05-17,WBG,Top Esports,Kanavi,Top Esports,-1164
67794,LPL 2025 Split 2,2025-05-17,WBG,Top Esports,Creme,Top Esports,1426
67794,LPL 2025 Split 2,2025-05-17,WBG,Top Esports,JackeyLove,Top Esports,-1326
67794,LPL 2025 Split 2,2025-05-17,WBG,Top Esports,Crisp,Top Esports,-237
67790,LPL 2025 Split 2,2025-05-16,IG,NIP,TheShy,IG,61
67790,LPL 2025 Split 2,2025-05-16,IG,NIP,Jiejie,IG,319
67790,LPL 2025 Split 2,2025-05-16,IG,NIP,RooKie,IG,283
67790,LPL 2025 Split 2,2025-05-16,IG,NIP,GALA,IG,248
67790,LPL 2025 Split 2,2025-05-16,IG,NIP,meiko,IG,-119
67790,LPL 2025 Split 2,2025-05-16,IG,NIP,Solokill,NIP,-61
67790,LPL 2025 Split 2,2025-05-16,IG,NIP,AKi,NIP,-319
67790,LPL 2025 Split 2,2025-05-16,IG,NIP,Doinb,NIP,-283
67790,LPL 2025 Split 2,2025-05-16,IG,NIP,Leave,NIP,-248
67790,LPL 2025 Split 2,2025-05-16,IG,NIP,Ppgod,NIP,119
67791,LPL 2025 Split 2,2025-05-16,IG,NIP,Solokill,IG,176
67791,LPL 2025 Split 2,2025-05-16,IG,NIP,AKi,IG,119
67791,LPL 2025 Split 2,2025-05-16,IG,NIP,Doinb,IG,334
67791,LPL 2025 Split 2,2025-05-16,IG,NIP,Leave,IG,-857
67791,LPL 2025 Split 2,2025-05-16,IG,NIP,Ppgod,IG,19
67791,LPL 2025 Split 2,2025-05-16,IG,NIP,TheShy,NIP,-176
67791,LPL 2025 Split 2,2025-05-16,IG,NIP,Jiejie,NIP,-119
67791,LPL 2025 Split 2,2025-05-16,IG,NIP,RooKie,NIP,-334
67791,LPL 2025 Split 2,2025-05-16,IG,NIP,GALA,NIP,857
67791,LPL 2025 Split 2,2025-05-16,IG,NIP,meiko,NIP,-19
67787,LPL 2025 Split 2,2025-05-16,FPX,JD Gaming,sheer,FPX,-54
67787,LPL 2025 Split 2,2025-05-16,FPX,JD Gaming,Shad0w,FPX,-643
67787,LPL 2025 Split 2,2025-05-16,FPX,JD Gaming,Care,FPX,-257
67787,LPL 2025 Split 2,2025-05-16,FPX,JD Gaming,Assum,FPX,-172
67787,LPL 2025 Split 2,2025-05-16,FPX,JD Gaming,Jwei,FPX,-299
67787,LPL 2025 Split 2,2025-05-16,FPX,JD Gaming,Ale,JD Gaming,54
67787,LPL 2025 Split 2,2025-05-16,FPX,JD Gaming,XUN,JD Gaming,643
67787,LPL 2025 Split 2,2025-05-16,FPX,JD Gaming,Scout,JD Gaming,257
67787,LPL 2025 Split 2,2025-05-16,FPX,JD Gaming,Peyz,JD Gaming,172
67787,LPL 2025 Split 2,2025-05-16,FPX,JD Gaming,Missing,JD Gaming,299
67788,LPL 2025 Split 2,2025-05-16,FPX,JD Gaming,sheer,FPX,-55
67788,LPL 2025 Split 2,2025-05-16,FPX,JD Gaming,Shad0w,FPX,-441
67788,LPL 2025 Split 2,2025-05-16,FPX,JD Gaming,Care,FPX,499
67788,LPL 2025 Split 2,2025-05-16,FPX,JD Gaming,Assum,FPX,251
67788,LPL 2025 Split 2,2025-05-16,FPX,JD Gaming,Jwei,FPX,158
67788,LPL 2025 Split 2,2025-05-16,FPX,JD Gaming,Ale,JD Gaming,55
67788,LPL 2025 Split 2,2025-05-16,FPX,JD Gaming,XUN,JD Gaming,441
67788,LPL 2025 Split 2,2025-05-16,FPX,JD Gaming,Scout,JD Gaming,-499
67788,LPL 2025 Split 2,2025-05-16,FPX,JD Gaming,Peyz,JD Gaming,-251
67788,LPL 2025 Split 2,2025-05-16,FPX,JD Gaming,Missing,JD Gaming,-158
67784,LPL 2025 Split 2,2025-05-15,Team WE,TT,Cube,Team WE,-275
67784,LPL 2025 Split 2,2025-05-15,Team WE,TT,Monki,Team WE,1025
67784,LPL 2025 Split 2,2025-05-15,Team WE,TT,Karis,Team WE,720
67784,LPL 2025 Split 2,2025-05-15,Team WE,TT,Taeyoon,Team WE,-92
67784,LPL 2025 Split 2,2025-05-15,Team WE,TT,Vampire,Team WE,128
67784,LPL 2025 Split 2,2025-05-15,Team WE,TT,Hoya,TT,275
67784,LPL 2025 Split 2,2025-05-15,Team WE,TT,xiaohuangren,TT,-1025
67784,LPL 2025 Split 2,2025-05-15,Team WE,TT,SeTab,TT,-720
67784,LPL 2025 Split 2,2025-05-15,Team WE,TT,1xn,TT,92
67784,LPL 2025 Split 2,2025-05-15,Team WE,TT,Feather,TT,-128
67785,LPL 2025 Split 2,2025-05-15,Team WE,TT,Hoya,Team WE,94
67785,LPL 2025 Split 2,2025-05-15,Team WE,TT,xiaohuangren,Team WE,-717
67785,LPL 2025 Split 2,2025-05-15,Team WE,TT,SeTab,Team WE,-753
67785,LPL 2025 Split 2,2025-05-15,Team WE,TT,1xn,Team WE,534
67785,LPL 2025 Split 2,2025-05-15,Team WE,TT,Feather,Team WE,82
67785,LPL 2025 Split 2,2025-05-15,Team WE,TT,Cube,TT,-94
67785,LPL 2025 Split 2,2025-05-15,Team WE,TT,Monki,TT,717
67785,LPL 2025 Split 2,2025-05-15,Team WE,TT,Karis,TT,753
67785,LPL 2025 Split 2,2025-05-15,Team WE,TT,Taeyoon,TT,-534
67785,LPL 2025 Split 2,2025-05-15,Team WE,TT,Vampire,TT,-82
67781,LPL 2025 Split 2,2025-05-15,AL,NIP,Flandre,AL,-395
67781,LPL 2025 Split 2,2025-05-15,AL,NIP,Tarzan,AL,739
67781,LPL 2025 Split 2,2025-05-15,AL,NIP,Shanks,AL,969
67781,LPL 2025 Split 2,2025-05-15,AL,NIP,Hope,AL,1347
67781,LPL 2025 Split 2,2025-05-15,AL,NIP,Kael,AL,326
67781,LPL 2025 Split 2,2025-05-15,AL,NIP,Solokill,NIP,395
67781,LPL 2025 Split 2,2025-05-15,AL,NIP,AKi,NIP,-739
67781,LPL 2025 Split 2,2025-05-15,AL,NIP,Doinb,NIP,-969
67781,LPL 2025 Split 2,2025-05-15,AL,NIP,Leave,NIP,-1347
67781,LPL 2025 Split 2,2025-05-15,AL,NIP,Ppgod,NIP,-326
67782,LPL 2025 Split 2,2025-05-15,AL,NIP,Solokill,AL,361
67782,LPL 2025 Split 2,2025-05-15,AL,NIP,AKi,AL,-916
67782,LPL 2025 Split 2,2025-05-15,AL,NIP,Doinb,AL,-580
67782,LPL 2025 Split 2,2025-05-15,AL,NIP,Leave,AL,421
67782,LPL 2025 Split 2,2025-05-15,AL,NIP,Ppgod,AL,-498
67782,LPL 2025 Split 2,2025-05-15,AL,NIP,Flandre,NIP,-361
67782,LPL 2025 Split 2,2025-05-15,AL,NIP,Tarzan,NIP,916
67782,LPL 2025 Split 2,2025-05-15,AL,NIP,Shanks,NIP,580
67782,LPL 2025 Split 2,2025-05-15,AL,NIP,Hope,NIP,-421
67782,LPL 2025 Split 2,2025-05-15,AL,NIP,Kael,NIP,498
67783,LPL 2025 Split 2,2025-05-15,AL,NIP,Flandre,AL,2042
67783,LPL 2025 Split 2,2025-05-15,AL,NIP,Tarzan,AL,805
67783,LPL 2025 Split 2,2025-05-15,AL,NIP,Shanks,AL,-58
67783,LPL 2025 Split 2,2025-05-15,AL,NIP,Hope,AL,386
67783,LPL 2025 Split 2,2025-05-15,AL,NIP,Kael,AL,679
67783,LPL 2025 Split 2,2025-05-15,AL,NIP,Solokill,NIP,-2042
67783,LPL 2025 Split 2,2025-05-15,AL,NIP,AKi,NIP,-805
67783,LPL 2025 Split 2,2025-05-15,AL,NIP,Doinb,NIP,58
67783,LPL 2025 Split 2,2025-05-15,AL,NIP,Leave,NIP,-386
67783,LPL 2025 Split 2,2025-05-15,AL,NIP,Ppgod,NIP,-679
67778,LPL 2025 Split 2,2025-05-14,Top Esports,Team WE,369,Top Esports,3
67778,LPL 2025 Split 2,2025-05-14,Top Esports,Team WE,Kanavi,Top Esports,-277
67778,LPL 2025 Split 2,2025-05-14,Top Esports,Team WE,Creme,Top Esports,432
67778,LPL 2025 Split 2,2025-05-14,Top Esports,Team WE,JackeyLove,Top Esports,183
67778,LPL 2025 Split 2,2025-05-14,Top Esports,Team WE,Crisp,Top Esports,303
67778,LPL 2025 Split 2,2025-05-14,Top Esports,Team WE,Cube,Team WE,-3
67778,LPL 2025 Split 2,2025-05-14,Top Esports,Team WE,Monki,Team WE,277
67778,LPL 2025 Split 2,2025-05-14,Top Esports,Team WE,Karis,Team WE,-432
67778,LPL 2025 Split 2,2025-05-14,Top Esports,Team WE,Taeyoon,Team WE,-183
67778,LPL 2025 Split 2,2025-05-14,Top Esports,Team WE,Vampire,Team WE,-303
67779,LPL 2025 Split 2,2025-05-14,Top Esports,Team WE,Cube,Top Esports,-130
67779,LPL 2025 Split 2,2025-05-14,Top Esports,Team WE,Monki,Top Esports,-1275
67779,LPL 2025 Split 2,2025-05-14,Top Esports,Team WE,Karis,Top Esports,-352
67779,LPL 2025 Split 2,2025-05-14,Top Esports,Team WE,Taeyoon,Top Esports,1307
67779,LPL 2025 Split 2,2025-05-14,Top Esports,Team WE,Vampire,Top Esports,-199
67779,LPL 2025 Split 2,2025-05-14,Top Esports,Team WE,369,Team WE,130
67779,LPL 2025 Split 2,2025-05-14,Top Esports,Team WE,Kanavi,Team WE,1275
67779,LPL 2025 Split 2,2025-05-14,Top Esports,Team WE,Creme,Team WE,352
67779,LPL 2025 Split 2,2025-05-14,Top Esports,Team WE,JackeyLove,Team WE,-1307
67779,LPL 2025 Split 2,2025-05-14,Top Esports,Team WE,Crisp,Team WE,199
67775,LPL 2025 Split 2,2025-05-14,WBG,JD Gaming,Breathe,WBG,-739
67775,LPL 2025 Split 2,2025-05-14,WBG,JD Gaming,Tian,WBG,-102
67775,LPL 2025 Split 2,2025-05-14,WBG,JD Gaming,xiaohu,WBG,570
67775,LPL 2025 Split 2,2025-05-14,WBG,JD Gaming,Light,WBG,522
67775,LPL 2025 Split 2,2025-05-14,WBG,JD Gaming,Erha,WBG,-165
67775,LPL 2025 Split 2,2025-05-14,WBG,JD Gaming,Ale,JD Gaming,739
67775,LPL 2025 Split 2,2025-05-14,WBG,JD Gaming,XUN,JD Gaming,102
67775,LPL 2025 Split 2,2025-05-14,WBG,JD Gaming,Scout,JD Gaming,-570
67775,LPL 2025 Split 2,2025-05-14,WBG,JD Gaming,Peyz,JD Gaming,-522
67775,LPL 2025 Split 2,2025-05-14,WBG,JD Gaming,Missing,JD Gaming,165
67776,LPL 2025 Split 2,2025-05-14,WBG,JD Gaming,Breathe,WBG,-1339
67776,LPL 2025 Split 2,2025-05-14,WBG,JD Gaming,Tian,WBG,146
67776,LPL 2025 Split 2,2025-05-14,WBG,JD Gaming,xiaohu,WBG,1013
67776,LPL 2025 Split 2,2025-05-14,WBG,JD Gaming,Light,WBG,-366
67776,LPL 2025 Split 2,2025-05-14,WBG,JD Gaming,Erha,WBG,-182
67776,LPL 2025 Split 2,2025-05-14,WBG,JD Gaming,Ale,JD Gaming,1339
67776,LPL 2025 Split 2,2025-05-14,WBG,JD Gaming,XUN,JD Gaming,-146
67776,LPL 2025 Split 2,2025-05-14,WBG,JD Gaming,Scout,JD Gaming,-1013
67776,LPL 2025 Split 2,2025-05-14,WBG,JD Gaming,Peyz,JD Gaming,366
67776,LPL 2025 Split 2,2025-05-14,WBG,JD Gaming,Missing,JD Gaming,182
67772,LPL 2025 Split 2,2025-05-13,JD Gaming,IG,TheShy,JD Gaming,193
67772,LPL 2025 Split 2,2025-05-13,JD Gaming,IG,Jiejie,JD Gaming,674
67772,LPL 2025 Split 2,2025-05-13,JD Gaming,IG,RooKie,JD Gaming,404
67772,LPL 2025 Split 2,2025-05-13,JD Gaming,IG,GALA,JD Gaming,1271
67772,LPL 2025 Split 2,2025-05-13,JD Gaming,IG,meiko,JD Gaming,128
67772,LPL 2025 Split 2,2025-05-13,JD Gaming,IG,Ale,IG,-193
67772,LPL 2025 Split 2,2025-05-13,JD Gaming,IG,XUN,IG,-674
67772,LPL 2025 Split 2,2025-05-13,JD Gaming,IG,Scout,IG,-404
67772,LPL 2025 Split 2,2025-05-13,JD Gaming,IG,Peyz,IG,-1271
67772,LPL 2025 Split 2,2025-05-13,JD Gaming,IG,Missing,IG,-128
67773,LPL 2025 Split 2,2025-05-13,JD Gaming,IG,Ale,JD Gaming,-1831
67773,LPL 2025 Split 2,2025-05-13,JD Gaming,IG,XUN,JD Gaming,-858
67773,LPL 2025 Split 2,2025-05-13,JD Gaming,IG,Scout,JD Gaming,354
67773,LPL 2025 Split 2,2025-05-13,JD Gaming,IG,Peyz,JD Gaming,-1024
67773,LPL 2025 Split 2,2025-05-13,JD Gaming,IG,Missing,JD Gaming,-362
67773,LPL 2025 Split 2,2025-05-13,JD Gaming,IG,TheShy,IG,1831
67773,LPL 2025 Split 2,2025-05-13,JD Gaming,IG,Jiejie,IG,858
67773,LPL 2025 Split 2,2025-05-13,JD Gaming,IG,RooKie,IG,-354
67773,LPL 2025 Split 2,2025-05-13,JD Gaming,IG,GALA,IG,1024
67773,LPL 2025 Split 2,2025-05-13,JD Gaming,IG,meiko,IG,362
67769,LPL 2025 Split 2,2025-05-13,BLG,NIP,Bin,BLG,-1129
67769,LPL 2025 Split 2,2025-05-13,BLG,NIP,Beichuan,BLG,-492
67769,LPL 2025 Split 2,2025-05-13,BLG,NIP,Knight,BLG,-23
67769,LPL 2025 Split 2,2025-05-13,BLG,NIP,Elk,BLG,675
67769,LPL 2025 Split 2,2025-05-13,BLG,NIP,ON,BLG,-182
67769,LPL 2025 Split 2,2025-05-13,BLG,NIP,Solokill,NIP,1129
67769,LPL 2025 Split 2,2025-05-13,BLG,NIP,AKi,NIP,492
67769,LPL 2025 Split 2,2025-05-13,BLG,NIP,Doinb,NIP,23
67769,LPL 2025 Split 2,2025-05-13,BLG,NIP,Leave,NIP,-675
67769,LPL 2025 Split 2,2025-05-13,BLG,NIP,Ppgod,NIP,182
67770,LPL 2025 Split 2,2025-05-13,BLG,NIP,Solokill,BLG,296
67770,LPL 2025 Split 2,2025-05-13,BLG,NIP,AKi,BLG,-209
67770,LPL 2025 Split 2,2025-05-13,BLG,NIP,Doinb,BLG,177
67770,LPL 2025 Split 2,2025-05-13,BLG,NIP,Leave,BLG,1180
67770,LPL 2025 Split 2,2025-05-13,BLG,NIP,Ppgod,BLG,124
67770,LPL 2025 Split 2,2025-05-13,BLG,NIP,Bin,NIP,-296
67770,LPL 2025 Split 2,2025-05-13,BLG,NIP,Beichuan,NIP,209
67770,LPL 2025 Split 2,2025-05-13,BLG,NIP,Knight,NIP,-177
67770,LPL 2025 Split 2,2025-05-13,BLG,NIP,Elk,NIP,-1180
67770,LPL 2025 Split 2,2025-05-13,BLG,NIP,ON,NIP,-124
67771,LPL 2025 Split 2,2025-05-13,BLG,NIP,Bin,BLG,1952
67771,LPL 2025 Split 2,2025-05-13,BLG,NIP,Beichuan,BLG,822
67771,LPL 2025 Split 2,2025-05-13,BLG,NIP,Knight,BLG,349
67771,LPL 2025 Split 2,2025-05-13,BLG,NIP,Elk,BLG,-556
67771,LPL 2025 Split 2,2025-05-13,BLG,NIP,ON,BLG,761
67771,LPL 2025 Split 2,2025-05-13,BLG,NIP,Solokill,NIP,-1952
67771,LPL 2025 Split 2,2025-05-13,BLG,NIP,AKi,NIP,-822
67771,LPL 2025 Split 2,2025-05-13,BLG,NIP,Doinb,NIP,-349
67771,LPL 2025 Split 2,2025-05-13,BLG,NIP,Leave,NIP,556
67771,LPL 2025 Split 2,2025-05-13,BLG,NIP,Ppgod,NIP,-761
67766,LPL 2025 Split 2,2025-05-12,NIP,FPX,Solokill,NIP,-816
67766,LPL 2025 Split 2,2025-05-12,NIP,FPX,AKi,NIP,-331
67766,LPL 2025 Split 2,2025-05-12,NIP,FPX,Doinb,NIP,1898
67766,LPL 2025 Split 2,2025-05-12,NIP,FPX,Leave,NIP,663
67766,LPL 2025 Split 2,2025-05-12,NIP,FPX,Ppgod,NIP,-153
67766,LPL 2025 Split 2,2025-05-12,NIP,FPX,sheer,FPX,816
67766,LPL 2025 Split 2,2025-05-12,NIP,FPX,Shad0w,FPX,331
67766,LPL 2025 Split 2,2025-05-12,NIP,FPX,Care,FPX,-1898
67766,LPL 2025 Split 2,2025-05-12,NIP,FPX,Assum,FPX,-663
67766,LPL 2025 Split 2,2025-05-12,NIP,FPX,Jwei,FPX,153
67767,LPL 2025 Split 2,2025-05-12,NIP,FPX,sheer,NIP,-3
67767,LPL 2025 Split 2,2025-05-12,NIP,FPX,Shad0w,NIP,-469
67767,LPL 2025 Split 2,2025-05-12,NIP,FPX,Care,NIP,-1242
67767,LPL 2025 Split 2,2025-05-12,NIP,FPX,Assum,NIP,-437
67767,LPL 2025 Split 2,2025-05-12,NIP,FPX,Jwei,NIP,-383
67767,LPL 2025 Split 2,2025-05-12,NIP,FPX,Solokill,FPX,3
67767,LPL 2025 Split 2,2025-05-12,NIP,FPX,AKi,FPX,469
67767,LPL 2025 Split 2,2025-05-12,NIP,FPX,Doinb,FPX,1242
67767,LPL 2025 Split 2,2025-05-12,NIP,FPX,Leave,FPX,437
67767,LPL 2025 Split 2,2025-05-12,NIP,FPX,Ppgod,FPX,383
67763,LPL 2025 Split 2,2025-05-12,TT,AL,Hoya,TT,-386
67763,LPL 2025 Split 2,2025-05-12,TT,AL,xiaohuangren,TT,-648
67763,LPL 2025 Split 2,2025-05-12,TT,AL,SeTab,TT,-1376
67763,LPL 2025 Split 2,2025-05-12,TT,AL,1xn,TT,-251
67763,LPL 2025 Split 2,2025-05-12,TT,AL,Feather,TT,63
67763,LPL 2025 Split 2,2025-05-12,TT,AL,Flandre,AL,386
67763,LPL 2025 Split 2,2025-05-12,TT,AL,Tarzan,AL,648
67763,LPL 2025 Split 2,2025-05-12,TT,AL,Shanks,AL,1376
67763,LPL 2025 Split 2,2025-05-12,TT,AL,Hope,AL,251
67763,LPL 2025 Split 2,2025-05-12,TT,AL,Kael,AL,-63
67764,LPL 2025 Split 2,2025-05-12,TT,AL,Hoya,TT,783
67764,LPL 2025 Split 2,2025-05-12,TT,AL,xiaohuangren,TT,-1207
67764,LPL 2025 Split 2,2025-05-12,TT,AL,SeTab,TT,-665
67764,LPL 2025 Split 2,2025-05-12,TT,AL,1xn,TT,-1149
67764,LPL 2025 Split 2,2025-05-12,TT,AL,Feather,TT,-1075
67764,LPL 2025 Split 2,2025-05-12,TT,AL,Flandre,AL,-783
67764,LPL 2025 Split 2,2025-05-12,TT,AL,Tarzan,AL,1207
67764,LPL 2025 Split 2,2025-05-12,TT,AL,Shanks,AL,665
67764,LPL 2025 Split 2,2025-05-12,TT,AL,Hope,AL,1149
67764,LPL 2025 Split 2,2025-05-12,TT,AL,Kael,AL,1075
67423,LPL 2025 Split 2,2025-05-11,JD Gaming,Top Esports,369,JD Gaming,369
67423,LPL 2025 Split 2,2025-05-11,JD Gaming,Top Esports,Kanavi,JD Gaming,1200
67423,LPL 2025 Split 2,2025-05-11,JD Gaming,Top Esports,Creme,JD Gaming,226
67423,LPL 2025 Split 2,2025-05-11,JD Gaming,Top Esports,JackeyLove,JD Gaming,382
67423,LPL 2025 Split 2,2025-05-11,JD Gaming,Top Esports,Crisp,JD Gaming,-498
67423,LPL 2025 Split 2,2025-05-11,JD Gaming,Top Esports,Ale,Top Esports,-369
67423,LPL 2025 Split 2,2025-05-11,JD Gaming,Top Esports,XUN,Top Esports,-1200
67423,LPL 2025 Split 2,2025-05-11,JD Gaming,Top Esports,Scout,Top Esports,-226
67423,LPL 2025 Split 2,2025-05-11,JD Gaming,Top Esports,Peyz,Top Esports,-382
67423,LPL 2025 Split 2,2025-05-11,JD Gaming,Top Esports,Missing,Top Esports,498
67424,LPL 2025 Split 2,2025-05-11,JD Gaming,Top Esports,Ale,JD Gaming,-244
67424,LPL 2025 Split 2,2025-05-11,JD Gaming,Top Esports,XUN,JD Gaming,-369
67424,LPL 2025 Split 2,2025-05-11,JD Gaming,Top Esports,Scout,JD Gaming,369
67424,LPL 2025 Split 2,2025-05-11,JD Gaming,Top Esports,Peyz,JD Gaming,-100
67424,LPL 2025 Split 2,2025-05-11,JD Gaming,Top Esports,Missing,JD Gaming,-421
67424,LPL 2025 Split 2,2025-05-11,JD Gaming,Top Esports,369,Top Esports,244
67424,LPL 2025 Split 2,2025-05-11,JD Gaming,Top Esports,Kanavi,Top Esports,369
67424,LPL 2025 Split 2,2025-05-11,JD Gaming,Top Esports,Creme,Top Esports,-369
67424,LPL 2025 Split 2,2025-05-11,JD Gaming,Top Esports,JackeyLove,Top Esports,100
67424,LPL 2025 Split 2,2025-05-11,JD Gaming,Top Esports,Crisp,Top Esports,421
67420,LPL 2025 Split 2,2025-05-11,TT,WBG,Breathe,TT,-520
67420,LPL 2025 Split 2,2025-05-11,TT,WBG,Tian,TT,754
67420,LPL 2025 Split 2,2025-05-11,TT,WBG,xiaohu,TT,-455
67420,LPL 2025 Split 2,2025-05-11,TT,WBG,Light,TT,765
67420,LPL 2025 Split 2,2025-05-11,TT,WBG,Erha,TT,443
67420,LPL 2025 Split 2,2025-05-11,TT,WBG,Hoya,WBG,520
67420,LPL 2025 Split 2,2025-05-11,TT,WBG,xiaohuangren,WBG,-754
67420,LPL 2025 Split 2,2025-05-11,TT,WBG,SeTab,WBG,455
67420,LPL 2025 Split 2,2025-05-11,TT,WBG,1xn,WBG,-765
67420,LPL 2025 Split 2,2025-05-11,TT,WBG,Feather,WBG,-443
67421,LPL 2025 Split 2,2025-05-11,TT,WBG,Hoya,TT,-339
67421,LPL 2025 Split 2,2025-05-11,TT,WBG,xiaohuangren,TT,654
67421,LPL 2025 Split 2,2025-05-11,TT,WBG,SeTab,TT,2057
67421,LPL 2025 Split 2,2025-05-11,TT,WBG,1xn,TT,891
67421,LPL 2025 Split 2,2025-05-11,TT,WBG,Feather,TT,12
67421,LPL 2025 Split 2,2025-05-11,TT,WBG,Breathe,WBG,339
67421,LPL 2025 Split 2,2025-05-11,TT,WBG,Tian,WBG,-654
67421,LPL 2025 Split 2,2025-05-11,TT,WBG,xiaohu,WBG,-2057
67421,LPL 2025 Split 2,2025-05-11,TT,WBG,Light,WBG,-891
67421,LPL 2025 Split 2,2025-05-11,TT,WBG,Erha,WBG,-12
67422,LPL 2025 Split 2,2025-05-11,TT,WBG,Breathe,TT,-2871
67422,LPL 2025 Split 2,2025-05-11,TT,WBG,Tian,TT,-2133
67422,LPL 2025 Split 2,2025-05-11,TT,WBG,xiaohu,TT,464
67422,LPL 2025 Split 2,2025-05-11,TT,WBG,Light,TT,-793
67422,LPL 2025 Split 2,2025-05-11,TT,WBG,Erha,TT,-210
67422,LPL 2025 Split 2,2025-05-11,TT,WBG,Hoya,WBG,2871
67422,LPL 2025 Split 2,2025-05-11,TT,WBG,xiaohuangren,WBG,2133
67422,LPL 2025 Split 2,2025-05-11,TT,WBG,SeTab,WBG,-464
67422,LPL 2025 Split 2,2025-05-11,TT,WBG,1xn,WBG,793
67422,LPL 2025 Split 2,2025-05-11,TT,WBG,Feather,WBG,210
67417,LPL 2025 Split 2,2025-05-11,Ultra Prime,LGD Gaming,sasi,Ultra Prime,696
67417,LPL 2025 Split 2,2025-05-11,Ultra Prime,LGD Gaming,naiyou,Ultra Prime,137
67417,LPL 2025 Split 2,2025-05-11,Ultra Prime,LGD Gaming,xqw,Ultra Prime,-341
67417,LPL 2025 Split 2,2025-05-11,Ultra Prime,LGD Gaming,Shaoye,Ultra Prime,79
67417,LPL 2025 Split 2,2025-05-11,Ultra Prime,LGD Gaming,Ycx,Ultra Prime,-35
67417,LPL 2025 Split 2,2025-05-11,Ultra Prime,LGD Gaming,1Jiang,LGD Gaming,-696
67417,LPL 2025 Split 2,2025-05-11,Ultra Prime,LGD Gaming,Junhao,LGD Gaming,-137
67417,LPL 2025 Split 2,2025-05-11,Ultra Prime,LGD Gaming,Saber,LGD Gaming,341
67417,LPL 2025 Split 2,2025-05-11,Ultra Prime,LGD Gaming,Baiye,LGD Gaming,-79
67417,LPL 2025 Split 2,2025-05-11,Ultra Prime,LGD Gaming,Xiaoxia,LGD Gaming,35
67418,LPL 2025 Split 2,2025-05-11,Ultra Prime,LGD Gaming,1Jiang,Ultra Prime,1425
67418,LPL 2025 Split 2,2025-05-11,Ultra Prime,LGD Gaming,Junhao,Ultra Prime,696
67418,LPL 2025 Split 2,2025-05-11,Ultra Prime,LGD Gaming,Saber,Ultra Prime,44
67418,LPL 2025 Split 2,2025-05-11,Ultra Prime,LGD Gaming,Wako,Ultra Prime,45
67418,LPL 2025 Split 2,2025-05-11,Ultra Prime,LGD Gaming,Xiaoxia,Ultra Prime,284
67418,LPL 2025 Split 2,2025-05-11,Ultra Prime,LGD Gaming,sasi,LGD Gaming,-1425
67418,LPL 2025 Split 2,2025-05-11,Ultra Prime,LGD Gaming,naiyou,LGD Gaming,-696
67418,LPL 2025 Split 2,2025-05-11,Ultra Prime,LGD Gaming,xqw,LGD Gaming,-44
67418,LPL 2025 Split 2,2025-05-11,Ultra Prime,LGD Gaming,Shaoye,LGD Gaming,-45
67418,LPL 2025 Split 2,2025-05-11,Ultra Prime,LGD Gaming,Ycx,LGD Gaming,-284
67419,LPL 2025 Split 2,2025-05-11,Ultra Prime,LGD Gaming,sasi,Ultra Prime,288
67419,LPL 2025 Split 2,2025-05-11,Ultra Prime,LGD Gaming,naiyou,Ultra Prime,-733
67419,LPL 2025 Split 2,2025-05-11,Ultra Prime,LGD Gaming,xqw,Ultra Prime,-902
67419,LPL 2025 Split 2,2025-05-11,Ultra Prime,LGD Gaming,Shaoye,Ultra Prime,532
67419,LPL 2025 Split 2,2025-05-11,Ultra Prime,LGD Gaming,Ycx,Ultra Prime,264
67419,LPL 2025 Split 2,2025-05-11,Ultra Prime,LGD Gaming,1Jiang,LGD Gaming,-288
67419,LPL 2025 Split 2,2025-05-11,Ultra Prime,LGD Gaming,Junhao,LGD Gaming,733
67419,LPL 2025 Split 2,2025-05-11,Ultra Prime,LGD Gaming,Saber,LGD Gaming,902
67419,LPL 2025 Split 2,2025-05-11,Ultra Prime,LGD Gaming,Wako,LGD Gaming,-532
67419,LPL 2025 Split 2,2025-05-11,Ultra Prime,LGD Gaming,Xiaoxia,LGD Gaming,-264
67414,LPL 2025 Split 2,2025-05-10,Team WE,BLG,Bin,Team WE,1779
67414,LPL 2025 Split 2,2025-05-10,Team WE,BLG,Beichuan,Team WE,629
67414,LPL 2025 Split 2,2025-05-10,Team WE,BLG,Knight,Team WE,-179
67414,LPL 2025 Split 2,2025-05-10,Team WE,BLG,Elk,Team WE,1391
67414,LPL 2025 Split 2,2025-05-10,Team WE,BLG,ON,Team WE,798
67414,LPL 2025 Split 2,2025-05-10,Team WE,BLG,Cube,BLG,-1779
67414,LPL 2025 Split 2,2025-05-10,Team WE,BLG,Monki,BLG,-629
67414,LPL 2025 Split 2,2025-05-10,Team WE,BLG,Karis,BLG,179
67414,LPL 2025 Split 2,2025-05-10,Team WE,BLG,Taeyoon,BLG,-1391
67414,LPL 2025 Split 2,2025-05-10,Team WE,BLG,Vampire,BLG,-798
67415,LPL 2025 Split 2,2025-05-10,Team WE,BLG,Cube,Team WE,-730
67415,LPL 2025 Split 2,2025-05-10,Team WE,BLG,Monki,Team WE,61
67415,LPL 2025 Split 2,2025-05-10,Team WE,BLG,Karis,Team WE,-1644
67415,LPL 2025 Split 2,2025-05-10,Team WE,BLG,Taeyoon,Team WE,787
67415,LPL 2025 Split 2,2025-05-10,Team WE,BLG,Vampire,Team WE,-460
67415,LPL 2025 Split 2,2025-05-10,Team WE,BLG,Bin,BLG,730
67415,LPL 2025 Split 2,2025-05-10,Team WE,BLG,Beichuan,BLG,-61
67415,LPL 2025 Split 2,2025-05-10,Team WE,BLG,Knight,BLG,1644
67415,LPL 2025 Split 2,2025-05-10,Team WE,BLG,Elk,BLG,-787
67415,LPL 2025 Split 2,2025-05-10,Team WE,BLG,ON,BLG,460
67411,LPL 2025 Split 2,2025-05-10,WBG,AL,Flandre,WBG,67
67411,LPL 2025 Split 2,2025-05-10,WBG,AL,Tarzan,WBG,-298
67411,LPL 2025 Split 2,2025-05-10,WBG,AL,Shanks,WBG,30
67411,LPL 2025 Split 2,2025-05-10,WBG,AL,Hope,WBG,154
67411,LPL 2025 Split 2,2025-05-10,WBG,AL,Kael,WBG,-6
67411,LPL 2025 Split 2,2025-05-10,WBG,AL,Breathe,AL,-67
67411,LPL 2025 Split 2,2025-05-10,WBG,AL,Tian,AL,298
67411,LPL 2025 Split 2,2025-05-10,WBG,AL,xiaohu,AL,-30
67411,LPL 2025 Split 2,2025-05-10,WBG,AL,Light,AL,-154
67411,LPL 2025 Split 2,2025-05-10,WBG,AL,Erha,AL,6
67412,LPL 2025 Split 2,2025-05-10,WBG,AL,Breathe,WBG,836
67412,LPL 2025 Split 2,2025-05-10,WBG,AL,Tian,WBG,-1264
67412,LPL 2025 Split 2,2025-05-10,WBG,AL,xiaohu,WBG,-791
67412,LPL 2025 Split 2,2025-05-10,WBG,AL,Light,WBG,-188
67412,LPL 2025 Split 2,2025-05-10,WBG,AL,Erha,WBG,-395
67412,LPL 2025 Split 2,2025-05-10,WBG,AL,Flandre,AL,-836
67412,LPL 2025 Split 2,2025-05-10,WBG,AL,Tarzan,AL,1264
67412,LPL 2025 Split 2,2025-05-10,WBG,AL,Shanks,AL,791
67412,LPL 2025 Split 2,2025-05-10,WBG,AL,Hope,AL,188
67412,LPL 2025 Split 2,2025-05-10,WBG,AL,Kael,AL,395
67408,LPL 2025 Split 2,2025-05-10,RNG,EDG,Zdz,RNG,587
67408,LPL 2025 Split 2,2025-05-10,RNG,EDG,Xiaohao,RNG,1400
67408,LPL 2025 Split 2,2025-05-10,RNG,EDG,Angel,RNG,1586
67408,LPL 2025 Split 2,2025-05-10,RNG,EDG,Ahn,RNG,1966
67408,LPL 2025 Split 2,2025-05-10,RNG,EDG,Wink,RNG,612
67408,LPL 2025 Split 2,2025-05-10,RNG,EDG,Xiaoxu,EDG,-587
67408,LPL 2025 Split 2,2025-05-10,RNG,EDG,milkyway,EDG,-1400
67408,LPL 2025 Split 2,2025-05-10,RNG,EDG,Tangyuan,EDG,-1586
67408,LPL 2025 Split 2,2025-05-10,RNG,EDG,JiaQi,EDG,-1966
67408,LPL 2025 Split 2,2025-05-10,RNG,EDG,Niket,EDG,-612
67409,LPL 2025 Split 2,2025-05-10,RNG,EDG,Xiaoxu,RNG,242
67409,LPL 2025 Split 2,2025-05-10,RNG,EDG,milkyway,RNG,-144
67409,LPL 2025 Split 2,2025-05-10,RNG,EDG,Tangyuan,RNG,735
67409,LPL 2025 Split 2,2025-05-10,RNG,EDG,JiaQi,RNG,915
67409,LPL 2025 Split 2,2025-05-10,RNG,EDG,Niket,RNG,266
67409,LPL 2025 Split 2,2025-05-10,RNG,EDG,Zdz,EDG,-242
67409,LPL 2025 Split 2,2025-05-10,RNG,EDG,Xiaohao,EDG,144
67409,LPL 2025 Split 2,2025-05-10,RNG,EDG,Angel,EDG,-735
67409,LPL 2025 Split 2,2025-05-10,RNG,EDG,Ahn,EDG,-915
67409,LPL 2025 Split 2,2025-05-10,RNG,EDG,Wink,EDG,-266
67410,LPL 2025 Split 2,2025-05-10,RNG,EDG,Zdz,RNG,919
67410,LPL 2025 Split 2,2025-05-10,RNG,EDG,Xiaohao,RNG,-401
67410,LPL 2025 Split 2,2025-05-10,RNG,EDG,Angel,RNG,-316
67410,LPL 2025 Split 2,2025-05-10,RNG,EDG,Ahn,RNG,395
67410,LPL 2025 Split 2,2025-05-10,RNG,EDG,Wink,RNG,674
67410,LPL 2025 Split 2,2025-05-10,RNG,EDG,Xiaoxu,EDG,-919
67410,LPL 2025 Split 2,2025-05-10,RNG,EDG,milkyway,EDG,401
67410,LPL 2025 Split 2,2025-05-10,RNG,EDG,Tangyuan,EDG,316
67410,LPL 2025 Split 2,2025-05-10,RNG,EDG,JiaQi,EDG,-395
67410,LPL 2025 Split 2,2025-05-10,RNG,EDG,Niket,EDG,-674
67405,LPL 2025 Split 2,2025-05-09,IG,Team WE,TheShy,IG,-459
67405,LPL 2025 Split 2,2025-05-09,IG,Team WE,Jiejie,IG,-1184
67405,LPL 2025 Split 2,2025-05-09,IG,Team WE,RooKie,IG,-1051
67405,LPL 2025 Split 2,2025-05-09,IG,Team WE,GALA,IG,-509
67405,LPL 2025 Split 2,2025-05-09,IG,Team WE,meiko,IG,-425
67405,LPL 2025 Split 2,2025-05-09,IG,Team WE,Cube,Team WE,459
67405,LPL 2025 Split 2,2025-05-09,IG,Team WE,Monki,Team WE,1184
67405,LPL 2025 Split 2,2025-05-09,IG,Team WE,Karis,Team WE,1051
67405,LPL 2025 Split 2,2025-05-09,IG,Team WE,Taeyoon,Team WE,509
67405,LPL 2025 Split 2,2025-05-09,IG,Team WE,Vampire,Team WE,425
67406,LPL 2025 Split 2,2025-05-09,IG,Team WE,TheShy,IG,-159
67406,LPL 2025 Split 2,2025-05-09,IG,Team WE,Jiejie,IG,-920
67406,LPL 2025 Split 2,2025-05-09,IG,Team WE,RooKie,IG,241
67406,LPL 2025 Split 2,2025-05-09,IG,Team WE,GALA,IG,731
67406,LPL 2025 Split 2,2025-05-09,IG,Team WE,meiko,IG,219
67406,LPL 2025 Split 2,2025-05-09,IG,Team WE,Cube,Team WE,159
67406,LPL 2025 Split 2,2025-05-09,IG,Team WE,Monki,Team WE,920
67406,LPL 2025 Split 2,2025-05-09,IG,Team WE,Karis,Team WE,-241
67406,LPL 2025 Split 2,2025-05-09,IG,Team WE,Taeyoon,Team WE,-731
67406,LPL 2025 Split 2,2025-05-09,IG,Team WE,Vampire,Team WE,-219
67407,LPL 2025 Split 2,2025-05-09,IG,Team WE,Cube,IG,890
67407,LPL 2025 Split 2,2025-05-09,IG,Team WE,Monki,IG,141
67407,LPL 2025 Split 2,2025-05-09,IG,Team WE,Karis,IG,-358
67407,LPL 2025 Split 2,2025-05-09,IG,Team WE,Taeyoon,IG,-795
67407,LPL 2025 Split 2,2025-05-09,IG,Team WE,Vampire,IG,-274
67407,LPL 2025 Split 2,2025-05-09,IG,Team WE,TheShy,Team WE,-890
67407,LPL 2025 Split 2,2025-05-09,IG,Team WE,Jiejie,Team WE,-141
67407,LPL 2025 Split 2,2025-05-09,IG,Team WE,RooKie,Team WE,358
67407,LPL 2025 Split 2,2025-05-09,IG,Team WE,GALA,Team WE,795
67407,LPL 2025 Split 2,2025-05-09,IG,Team WE,meiko,Team WE,274
67402,LPL 2025 Split 2,2025-05-09,FPX,AL,sheer,FPX,552
67402,LPL 2025 Split 2,2025-05-09,FPX,AL,Shad0w,FPX,564
67402,LPL 2025 Split 2,2025-05-09,FPX,AL,Care,FPX,424
67402,LPL 2025 Split 2,2025-05-09,FPX,AL,Assum,FPX,435
67402,LPL 2025 Split 2,2025-05-09,FPX,AL,Jwei,FPX,-106
67402,LPL 2025 Split 2,2025-05-09,FPX,AL,Flandre,AL,-552
67402,LPL 2025 Split 2,2025-05-09,FPX,AL,Tarzan,AL,-564
67402,LPL 2025 Split 2,2025-05-09,FPX,AL,Shanks,AL,-424
67402,LPL 2025 Split 2,2025-05-09,FPX,AL,Hope,AL,-435
67402,LPL 2025 Split 2,2025-05-09,FPX,AL,Kael,AL,106
67403,LPL 2025 Split 2,2025-05-09,FPX,AL,Flandre,FPX,1329
67403,LPL 2025 Split 2,2025-05-09,FPX,AL,Tarzan,FPX,1707
67403,LPL 2025 Split 2,2025-05-09,FPX,AL,Shanks,FPX,441
67403,LPL 2025 Split 2,2025-05-09,FPX,AL,Hope,FPX,646
67403,LPL 2025 Split 2,2025-05-09,FPX,AL,Kael,FPX,206
67403,LPL 2025 Split 2,2025-05-09,FPX,AL,sheer,AL,-1329
67403,LPL 2025 Split 2,2025-05-09,FPX,AL,Shad0w,AL,-1707
67403,LPL 2025 Split 2,2025-05-09,FPX,AL,Care,AL,-441
67403,LPL 2025 Split 2,2025-05-09,FPX,AL,Assum,AL,-646
67403,LPL 2025 Split 2,2025-05-09,FPX,AL,Jwei,AL,-206
67404,LPL 2025 Split 2,2025-05-09,FPX,AL,sheer,FPX,-411
67404,LPL 2025 Split 2,2025-05-09,FPX,AL,Shad0w,FPX,421
67404,LPL 2025 Split 2,2025-05-09,FPX,AL,Care,FPX,697
67404,LPL 2025 Split 2,2025-05-09,FPX,AL,Assum,FPX,1103
67404,LPL 2025 Split 2,2025-05-09,FPX,AL,Jwei,FPX,492
67404,LPL 2025 Split 2,2025-05-09,FPX,AL,Flandre,AL,411
67404,LPL 2025 Split 2,2025-05-09,FPX,AL,Tarzan,AL,-421
67404,LPL 2025 Split 2,2025-05-09,FPX,AL,Shanks,AL,-697
67404,LPL 2025 Split 2,2025-05-09,FPX,AL,Hope,AL,-1103
67404,LPL 2025 Split 2,2025-05-09,FPX,AL,Kael,AL,-492
67399,LPL 2025 Split 2,2025-05-08,Top Esports,NIP,369,Top Esports,902
67399,LPL 2025 Split 2,2025-05-08,Top Esports,NIP,Kanavi,Top Esports,176
67399,LPL 2025 Split 2,2025-05-08,Top Esports,NIP,Creme,Top Esports,197
67399,LPL 2025 Split 2,2025-05-08,Top Esports,NIP,JackeyLove,Top Esports,214
67399,LPL 2025 Split 2,2025-05-08,Top Esports,NIP,Crisp,Top Esports,-396
67399,LPL 2025 Split 2,2025-05-08,Top Esports,NIP,Solokill,NIP,-902
67399,LPL 2025 Split 2,2025-05-08,Top Esports,NIP,AKi,NIP,-176
67399,LPL 2025 Split 2,2025-05-08,Top Esports,NIP,Doinb,NIP,-197
67399,LPL 2025 Split 2,2025-05-08,Top Esports,NIP,Leave,NIP,-214
67399,LPL 2025 Split 2,2025-05-08,Top Esports,NIP,Ppgod,NIP,396
67400,LPL 2025 Split 2,2025-05-08,Top Esports,NIP,Solokill,Top Esports,-1076
67400,LPL 2025 Split 2,2025-05-08,Top Esports,NIP,AKi,Top Esports,161
67400,LPL 2025 Split 2,2025-05-08,Top Esports,NIP,Doinb,Top Esports,-206
67400,LPL 2025 Split 2,2025-05-08,Top Esports,NIP,Leave,Top Esports,610
67400,LPL 2025 Split 2,2025-05-08,Top Esports,NIP,Ppgod,Top Esports,69
67400,LPL 2025 Split 2,2025-05-08,Top Esports,NIP,369,NIP,1076
67400,LPL 2025 Split 2,2025-05-08,Top Esports,NIP,Kanavi,NIP,-161
67400,LPL 2025 Split 2,2025-05-08,Top Esports,NIP,Creme,NIP,206
67400,LPL 2025 Split 2,2025-05-08,Top Esports,NIP,JackeyLove,NIP,-610
67400,LPL 2025 Split 2,2025-05-08,Top Esports,NIP,Crisp,NIP,-69
67401,LPL 2025 Split 2,2025-05-08,Top Esports,NIP,369,Top Esports,272
67401,LPL 2025 Split 2,2025-05-08,Top Esports,NIP,Kanavi,Top Esports,157
67401,LPL 2025 Split 2,2025-05-08,Top Esports,NIP,Creme,Top Esports,1105
67401,LPL 2025 Split 2,2025-05-08,Top Esports,NIP,JackeyLove,Top Esports,560
67401,LPL 2025 Split 2,2025-05-08,Top Esports,NIP,Crisp,Top Esports,58
67401,LPL 2025 Split 2,2025-05-08,Top Esports,NIP,Solokill,NIP,-272
67401,LPL 2025 Split 2,2025-05-08,Top Esports,NIP,AKi,NIP,-157
67401,LPL 2025 Split 2,2025-05-08,Top Esports,NIP,Doinb,NIP,-1105
67401,LPL 2025 Split 2,2025-05-08,Top Esports,NIP,Leave,NIP,-560
67401,LPL 2025 Split 2,2025-05-08,Top Esports,NIP,Ppgod,NIP,-58
67396,LPL 2025 Split 2,2025-05-08,TT,FPX,sheer,TT,-69
67396,LPL 2025 Split 2,2025-05-08,TT,FPX,Shad0w,TT,-361
67396,LPL 2025 Split 2,2025-05-08,TT,FPX,Care,TT,-547
67396,LPL 2025 Split 2,2025-05-08,TT,FPX,Assum,TT,-464
67396,LPL 2025 Split 2,2025-05-08,TT,FPX,Jwei,TT,-225
67396,LPL 2025 Split 2,2025-05-08,TT,FPX,Hoya,FPX,69
67396,LPL 2025 Split 2,2025-05-08,TT,FPX,xiaohuangren,FPX,361
67396,LPL 2025 Split 2,2025-05-08,TT,FPX,SeTab,FPX,547
67396,LPL 2025 Split 2,2025-05-08,TT,FPX,1xn,FPX,464
67396,LPL 2025 Split 2,2025-05-08,TT,FPX,Feather,FPX,225
67397,LPL 2025 Split 2,2025-05-08,TT,FPX,Hoya,TT,-162
67397,LPL 2025 Split 2,2025-05-08,TT,FPX,xiaohuangren,TT,-14
67397,LPL 2025 Split 2,2025-05-08,TT,FPX,SeTab,TT,-791
67397,LPL 2025 Split 2,2025-05-08,TT,FPX,1xn,TT,-226
67397,LPL 2025 Split 2,2025-05-08,TT,FPX,Feather,TT,-295
67397,LPL 2025 Split 2,2025-05-08,TT,FPX,sheer,FPX,162
67397,LPL 2025 Split 2,2025-05-08,TT,FPX,Shad0w,FPX,14
67397,LPL 2025 Split 2,2025-05-08,TT,FPX,Care,FPX,791
67397,LPL 2025 Split 2,2025-05-08,TT,FPX,Assum,FPX,226
67397,LPL 2025 Split 2,2025-05-08,TT,FPX,Jwei,FPX,295
67393,LPL 2025 Split 2,2025-05-07,AL,BLG,Bin,AL,870
67393,LPL 2025 Split 2,2025-05-07,AL,BLG,Beichuan,AL,310
67393,LPL 2025 Split 2,2025-05-07,AL,BLG,Knight,AL,571
67393,LPL 2025 Split 2,2025-05-07,AL,BLG,Elk,AL,-320
67393,LPL 2025 Split 2,2025-05-07,AL,BLG,ON,AL,-490
67393,LPL 2025 Split 2,2025-05-07,AL,BLG,Flandre,BLG,-870
67393,LPL 2025 Split 2,2025-05-07,AL,BLG,Tarzan,BLG,-310
67393,LPL 2025 Split 2,2025-05-07,AL,BLG,Shanks,BLG,-571
67393,LPL 2025 Split 2,2025-05-07,AL,BLG,Hope,BLG,320
67393,LPL 2025 Split 2,2025-05-07,AL,BLG,Kael,BLG,490
67394,LPL 2025 Split 2,2025-05-07,AL,BLG,Flandre,AL,241
67394,LPL 2025 Split 2,2025-05-07,AL,BLG,Tarzan,AL,500
67394,LPL 2025 Split 2,2025-05-07,AL,BLG,Shanks,AL,131
67394,LPL 2025 Split 2,2025-05-07,AL,BLG,Hope,AL,-218
67394,LPL 2025 Split 2,2025-05-07,AL,BLG,Kael,AL,-218
67394,LPL 2025 Split 2,2025-05-07,AL,BLG,Bin,BLG,-241
67394,LPL 2025 Split 2,2025-05-07,AL,BLG,Beichuan,BLG,-500
67394,LPL 2025 Split 2,2025-05-07,AL,BLG,Knight,BLG,-131
67394,LPL 2025 Split 2,2025-05-07,AL,BLG,Elk,BLG,218
67394,LPL 2025 Split 2,2025-05-07,AL,BLG,ON,BLG,218
67390,LPL 2025 Split 2,2025-05-07,NIP,WBG,Solokill,NIP,450
67390,LPL 2025 Split 2,2025-05-07,NIP,WBG,AKi,NIP,-606
67390,LPL 2025 Split 2,2025-05-07,NIP,WBG,Doinb,NIP,1136
67390,LPL 2025 Split 2,2025-05-07,NIP,WBG,Leave,NIP,-301
67390,LPL 2025 Split 2,2025-05-07,NIP,WBG,Ppgod,NIP,40
67390,LPL 2025 Split 2,2025-05-07,NIP,WBG,Breathe,WBG,-450
67390,LPL 2025 Split 2,2025-05-07,NIP,WBG,Tian,WBG,606
67390,LPL 2025 Split 2,2025-05-07,NIP,WBG,xiaohu,WBG,-1136
67390,LPL 2025 Split 2,2025-05-07,NIP,WBG,Light,WBG,301
67390,LPL 2025 Split 2,2025-05-07,NIP,WBG,Erha,WBG,-40
67391,LPL 2025 Split 2,2025-05-07,NIP,WBG,Breathe,NIP,-201
67391,LPL 2025 Split 2,2025-05-07,NIP,WBG,Tian,NIP,-302
67391,LPL 2025 Split 2,2025-05-07,NIP,WBG,xiaohu,NIP,347
67391,LPL 2025 Split 2,2025-05-07,NIP,WBG,Light,NIP,465
67391,LPL 2025 Split 2,2025-05-07,NIP,WBG,Erha,NIP,461
67391,LPL 2025 Split 2,2025-05-07,NIP,WBG,Solokill,WBG,201
67391,LPL 2025 Split 2,2025-05-07,NIP,WBG,AKi,WBG,302
67391,LPL 2025 Split 2,2025-05-07,NIP,WBG,Doinb,WBG,-347
67391,LPL 2025 Split 2,2025-05-07,NIP,WBG,Leave,WBG,-465
67391,LPL 2025 Split 2,2025-05-07,NIP,WBG,Ppgod,WBG,-461
67387,LPL 2025 Split 2,2025-05-06,IG,TT,Hoya,IG,-248
67387,LPL 2025 Split 2,2025-05-06,IG,TT,xiaohuangren,IG,-860
67387,LPL 2025 Split 2,2025-05-06,IG,TT,SeTab,IG,224
67387,LPL 2025 Split 2,2025-05-06,IG,TT,1xn,IG,-146
67387,LPL 2025 Split 2,2025-05-06,IG,TT,Feather,IG,102
67387,LPL 2025 Split 2,2025-05-06,IG,TT,TheShy,TT,248
67387,LPL 2025 Split 2,2025-05-06,IG,TT,Jiejie,TT,860
67387,LPL 2025 Split 2,2025-05-06,IG,TT,RooKie,TT,-224
67387,LPL 2025 Split 2,2025-05-06,IG,TT,GALA,TT,146
67387,LPL 2025 Split 2,2025-05-06,IG,TT,meiko,TT,-102
67388,LPL 2025 Split 2,2025-05-06,IG,TT,Hoya,IG,377
67388,LPL 2025 Split 2,2025-05-06,IG,TT,xiaohuangren,IG,-87
67388,LPL 2025 Split 2,2025-05-06,IG,TT,SeTab,IG,6
67388,LPL 2025 Split 2,2025-05-06,IG,TT,1xn,IG,447
67388,LPL 2025 Split 2,2025-05-06,IG,TT,Feather,IG,-176
67388,LPL 2025 Split 2,2025-05-06,IG,TT,TheShy,TT,-377
67388,LPL 2025 Split 2,2025-05-06,IG,TT,Jiejie,TT,87
67388,LPL 2025 Split 2,2025-05-06,IG,TT,RooKie,TT,-6
67388,LPL 2025 Split 2,2025-05-06,IG,TT,GALA,TT,-447
67388,LPL 2025 Split 2,2025-05-06,IG,TT,meiko,TT,176
67389,LPL 2025 Split 2,2025-05-06,IG,TT,TheShy,IG,377
67389,LPL 2025 Split 2,2025-05-06,IG,TT,Jiejie,IG,513
67389,LPL 2025 Split 2,2025-05-06,IG,TT,RooKie,IG,-944
67389,LPL 2025 Split 2,2025-05-06,IG,TT,GALA,IG,624
67389,LPL 2025 Split 2,2025-05-06,IG,TT,meiko,IG,-96
67389,LPL 2025 Split 2,2025-05-06,IG,TT,Hoya,TT,-377
67389,LPL 2025 Split 2,2025-05-06,IG,TT,xiaohuangren,TT,-513
67389,LPL 2025 Split 2,2025-05-06,IG,TT,SeTab,TT,944
67389,LPL 2025 Split 2,2025-05-06,IG,TT,1xn,TT,-624
67389,LPL 2025 Split 2,2025-05-06,IG,TT,Feather,TT,96
67384,LPL 2025 Split 2,2025-05-06,JD Gaming,Team WE,Cube,JD Gaming,-49
67384,LPL 2025 Split 2,2025-05-06,JD Gaming,Team WE,Monki,JD Gaming,-292
67384,LPL 2025 Split 2,2025-05-06,JD Gaming,Team WE,Karis,JD Gaming,-154
67384,LPL 2025 Split 2,2025-05-06,JD Gaming,Team WE,Taeyoon,JD Gaming,-770
67384,LPL 2025 Split 2,2025-05-06,JD Gaming,Team WE,Vampire,JD Gaming,34
67384,LPL 2025 Split 2,2025-05-06,JD Gaming,Team WE,Ale,Team WE,49
67384,LPL 2025 Split 2,2025-05-06,JD Gaming,Team WE,XUN,Team WE,292
67384,LPL 2025 Split 2,2025-05-06,JD Gaming,Team WE,Scout,Team WE,154
67384,LPL 2025 Split 2,2025-05-06,JD Gaming,Team WE,Peyz,Team WE,770
67384,LPL 2025 Split 2,2025-05-06,JD Gaming,Team WE,Missing,Team WE,-34
67385,LPL 2025 Split 2,2025-05-06,JD Gaming,Team WE,Cube,JD Gaming,-320
67385,LPL 2025 Split 2,2025-05-06,JD Gaming,Team WE,Monki,JD Gaming,439
67385,LPL 2025 Split 2,2025-05-06,JD Gaming,Team WE,Karis,JD Gaming,362
67385,LPL 2025 Split 2,2025-05-06,JD Gaming,Team WE,Taeyoon,JD Gaming,-872
67385,LPL 2025 Split 2,2025-05-06,JD Gaming,Team WE,Vampire,JD Gaming,166
67385,LPL 2025 Split 2,2025-05-06,JD Gaming,Team WE,Ale,Team WE,320
67385,LPL 2025 Split 2,2025-05-06,JD Gaming,Team WE,XUN,Team WE,-439
67385,LPL 2025 Split 2,2025-05-06,JD Gaming,Team WE,Scout,Team WE,-362
67385,LPL 2025 Split 2,2025-05-06,JD Gaming,Team WE,Peyz,Team WE,872
67385,LPL 2025 Split 2,2025-05-06,JD Gaming,Team WE,Missing,Team WE,-166
67386,LPL 2025 Split 2,2025-05-06,JD Gaming,Team WE,Ale,JD Gaming,383
67386,LPL 2025 Split 2,2025-05-06,JD Gaming,Team WE,XUN,JD Gaming,600
67386,LPL 2025 Split 2,2025-05-06,JD Gaming,Team WE,Scout,JD Gaming,-795
67386,LPL 2025 Split 2,2025-05-06,JD Gaming,Team WE,Peyz,JD Gaming,-1016
67386,LPL 2025 Split 2,2025-05-06,JD Gaming,Team WE,Missing,JD Gaming,-62
67386,LPL 2025 Split 2,2025-05-06,JD Gaming,Team WE,Cube,Team WE,-383
67386,LPL 2025 Split 2,2025-05-06,JD Gaming,Team WE,Monki,Team WE,-600
67386,LPL 2025 Split 2,2025-05-06,JD Gaming,Team WE,Karis,Team WE,795
67386,LPL 2025 Split 2,2025-05-06,JD Gaming,Team WE,Taeyoon,Team WE,1016
67386,LPL 2025 Split 2,2025-05-06,JD Gaming,Team WE,Vampire,Team WE,62
67381,LPL 2025 Split 2,2025-05-05,BLG,TT,Bin,BLG,-488
67381,LPL 2025 Split 2,2025-05-05,BLG,TT,Beichuan,BLG,-302
67381,LPL 2025 Split 2,2025-05-05,BLG,TT,Knight,BLG,949
67381,LPL 2025 Split 2,2025-05-05,BLG,TT,Elk,BLG,784
67381,LPL 2025 Split 2,2025-05-05,BLG,TT,ON,BLG,24
67381,LPL 2025 Split 2,2025-05-05,BLG,TT,Hoya,TT,488
67381,LPL 2025 Split 2,2025-05-05,BLG,TT,xiaohuangren,TT,302
67381,LPL 2025 Split 2,2025-05-05,BLG,TT,SeTab,TT,-949
67381,LPL 2025 Split 2,2025-05-05,BLG,TT,1xn,TT,-784
67381,LPL 2025 Split 2,2025-05-05,BLG,TT,Feather,TT,-24
67382,LPL 2025 Split 2,2025-05-05,BLG,TT,Hoya,BLG,-2039
67382,LPL 2025 Split 2,2025-05-05,BLG,TT,xiaohuangren,BLG,-880
67382,LPL 2025 Split 2,2025-05-05,BLG,TT,SeTab,BLG,-1169
67382,LPL 2025 Split 2,2025-05-05,BLG,TT,1xn,BLG,-1282
67382,LPL 2025 Split 2,2025-05-05,BLG,TT,Feather,BLG,-393
67382,LPL 2025 Split 2,2025-05-05,BLG,TT,Bin,TT,2039
67382,LPL 2025 Split 2,2025-05-05,BLG,TT,Beichuan,TT,880
67382,LPL 2025 Split 2,2025-05-05,BLG,TT,Knight,TT,1169
67382,LPL 2025 Split 2,2025-05-05,BLG,TT,Elk,TT,1282
67382,LPL 2025 Split 2,2025-05-05,BLG,TT,ON,TT,393
67378,LPL 2025 Split 2,2025-05-05,FPX,Team WE,sheer,FPX,87
67378,LPL 2025 Split 2,2025-05-05,FPX,Team WE,Shad0w,FPX,-317
67378,LPL 2025 Split 2,2025-05-05,FPX,Team WE,Care,FPX,-860
67378,LPL 2025 Split 2,2025-05-05,FPX,Team WE,Assum,FPX,-1059
67378,LPL 2025 Split 2,2025-05-05,FPX,Team WE,Jwei,FPX,-677
67378,LPL 2025 Split 2,2025-05-05,FPX,Team WE,Cube,Team WE,-87
67378,LPL 2025 Split 2,2025-05-05,FPX,Team WE,Monki,Team WE,317
67378,LPL 2025 Split 2,2025-05-05,FPX,Team WE,Karis,Team WE,860
67378,LPL 2025 Split 2,2025-05-05,FPX,Team WE,Taeyoon,Team WE,1059
67378,LPL 2025 Split 2,2025-05-05,FPX,Team WE,Vampire,Team WE,677
67379,LPL 2025 Split 2,2025-05-05,FPX,Team WE,sheer,FPX,575
67379,LPL 2025 Split 2,2025-05-05,FPX,Team WE,Shad0w,FPX,140
67379,LPL 2025 Split 2,2025-05-05,FPX,Team WE,Care,FPX,605
67379,LPL 2025 Split 2,2025-05-05,FPX,Team WE,Assum,FPX,703
67379,LPL 2025 Split 2,2025-05-05,FPX,Team WE,Jwei,FPX,112
67379,LPL 2025 Split 2,2025-05-05,FPX,Team WE,Cube,Team WE,-575
67379,LPL 2025 Split 2,2025-05-05,FPX,Team WE,Monki,Team WE,-140
67379,LPL 2025 Split 2,2025-05-05,FPX,Team WE,Karis,Team WE,-605
67379,LPL 2025 Split 2,2025-05-05,FPX,Team WE,Taeyoon,Team WE,-703
67379,LPL 2025 Split 2,2025-05-05,FPX,Team WE,Vampire,Team WE,-112
67078,LPL 2025 Split 2,2025-05-04,AL,Top Esports,Flandre,AL,485
67078,LPL 2025 Split 2,2025-05-04,AL,Top Esports,Tarzan,AL,328
67078,LPL 2025 Split 2,2025-05-04,AL,Top Esports,Shanks,AL,-371
67078,LPL 2025 Split 2,2025-05-04,AL,Top Esports,Hope,AL,82
67078,LPL 2025 Split 2,2025-05-04,AL,Top Esports,Kael,AL,-165
67078,LPL 2025 Split 2,2025-05-04,AL,Top Esports,369,Top Esports,-485
67078,LPL 2025 Split 2,2025-05-04,AL,Top Esports,Kanavi,Top Esports,-328
67078,LPL 2025 Split 2,2025-05-04,AL,Top Esports,Creme,Top Esports,371
67078,LPL 2025 Split 2,2025-05-04,AL,Top Esports,JackeyLove,Top Esports,-82
67078,LPL 2025 Split 2,2025-05-04,AL,Top Esports,Crisp,Top Esports,165
67079,LPL 2025 Split 2,2025-05-04,AL,Top Esports,369,AL,-89
67079,LPL 2025 Split 2,2025-05-04,AL,Top Esports,Kanavi,AL,-538
67079,LPL 2025 Split 2,2025-05-04,AL,Top Esports,Creme,AL,-1106
67079,LPL 2025 Split 2,2025-05-04,AL,Top Esports,JackeyLove,AL,-1008
67079,LPL 2025 Split 2,2025-05-04,AL,Top Esports,Crisp,AL,-506
67079,LPL 2025 Split 2,2025-05-04,AL,Top Esports,Flandre,Top Esports,89
67079,LPL 2025 Split 2,2025-05-04,AL,Top Esports,Tarzan,Top Esports,538
67079,LPL 2025 Split 2,2025-05-04,AL,Top Esports,Shanks,Top Esports,1106
67079,LPL 2025 Split 2,2025-05-04,AL,Top Esports,Hope,Top Esports,1008
67079,LPL 2025 Split 2,2025-05-04,AL,Top Esports,Kael,Top Esports,506
67075,LPL 2025 Split 2,2025-05-04,Ultra Prime,OMG,Hery,Ultra Prime,-1108
67075,LPL 2025 Split 2,2025-05-04,Ultra Prime,OMG,beishang,Ultra Prime,-634
67075,LPL 2025 Split 2,2025-05-04,Ultra Prime,OMG,charlotte,Ultra Prime,-322
67075,LPL 2025 Split 2,2025-05-04,Ultra Prime,OMG,Starry,Ultra Prime,-332
67075,LPL 2025 Split 2,2025-05-04,Ultra Prime,OMG,Moham,Ultra Prime,79
67075,LPL 2025 Split 2,2025-05-04,Ultra Prime,OMG,1Jiang,OMG,1108
67075,LPL 2025 Split 2,2025-05-04,Ultra Prime,OMG,Junhao,OMG,634
67075,LPL 2025 Split 2,2025-05-04,Ultra Prime,OMG,Saber,OMG,322
67075,LPL 2025 Split 2,2025-05-04,Ultra Prime,OMG,Wako,OMG,332
67075,LPL 2025 Split 2,2025-05-04,Ultra Prime,OMG,Xiaoxia,OMG,-79
67076,LPL 2025 Split 2,2025-05-04,Ultra Prime,OMG,Hery,Ultra Prime,84
67076,LPL 2025 Split 2,2025-05-04,Ultra Prime,OMG,beishang,Ultra Prime,-166
67076,LPL 2025 Split 2,2025-05-04,Ultra Prime,OMG,charlotte,Ultra Prime,-88
67076,LPL 2025 Split 2,2025-05-04,Ultra Prime,OMG,Starry,Ultra Prime,1392
67076,LPL 2025 Split 2,2025-05-04,Ultra Prime,OMG,Moham,Ultra Prime,840
67076,LPL 2025 Split 2,2025-05-04,Ultra Prime,OMG,1Jiang,OMG,-84
67076,LPL 2025 Split 2,2025-05-04,Ultra Prime,OMG,Junhao,OMG,166
67076,LPL 2025 Split 2,2025-05-04,Ultra Prime,OMG,Saber,OMG,88
67076,LPL 2025 Split 2,2025-05-04,Ultra Prime,OMG,Wako,OMG,-1392
67076,LPL 2025 Split 2,2025-05-04,Ultra Prime,OMG,Xiaoxia,OMG,-840
67077,LPL 2025 Split 2,2025-05-04,Ultra Prime,OMG,1Jiang,Ultra Prime,2008
67077,LPL 2025 Split 2,2025-05-04,Ultra Prime,OMG,Junhao,Ultra Prime,-430
67077,LPL 2025 Split 2,2025-05-04,Ultra Prime,OMG,Saber,Ultra Prime,-160
67077,LPL 2025 Split 2,2025-05-04,Ultra Prime,OMG,Wako,Ultra Prime,128
67077,LPL 2025 Split 2,2025-05-04,Ultra Prime,OMG,Xiaoxia,Ultra Prime,-319
67077,LPL 2025 Split 2,2025-05-04,Ultra Prime,OMG,Hery,OMG,-2008
67077,LPL 2025 Split 2,2025-05-04,Ultra Prime,OMG,beishang,OMG,430
67077,LPL 2025 Split 2,2025-05-04,Ultra Prime,OMG,charlotte,OMG,160
67077,LPL 2025 Split 2,2025-05-04,Ultra Prime,OMG,Starry,OMG,-128
67077,LPL 2025 Split 2,2025-05-04,Ultra Prime,OMG,Moham,OMG,319
67072,LPL 2025 Split 2,2025-05-03,Top Esports,IG,TheShy,Top Esports,-652
67072,LPL 2025 Split 2,2025-05-03,Top Esports,IG,Jiejie,Top Esports,92
67072,LPL 2025 Split 2,2025-05-03,Top Esports,IG,RooKie,Top Esports,-213
67072,LPL 2025 Split 2,2025-05-03,Top Esports,IG,GALA,Top Esports,330
67072,LPL 2025 Split 2,2025-05-03,Top Esports,IG,meiko,Top Esports,3
67072,LPL 2025 Split 2,2025-05-03,Top Esports,IG,369,IG,652
67072,LPL 2025 Split 2,2025-05-03,Top Esports,IG,Kanavi,IG,-92
67072,LPL 2025 Split 2,2025-05-03,Top Esports,IG,Creme,IG,213
67072,LPL 2025 Split 2,2025-05-03,Top Esports,IG,JackeyLove,IG,-330
67072,LPL 2025 Split 2,2025-05-03,Top Esports,IG,Crisp,IG,-3
67073,LPL 2025 Split 2,2025-05-03,Top Esports,IG,369,Top Esports,-1854
67073,LPL 2025 Split 2,2025-05-03,Top Esports,IG,Kanavi,Top Esports,-208
67073,LPL 2025 Split 2,2025-05-03,Top Esports,IG,Creme,Top Esports,364
67073,LPL 2025 Split 2,2025-05-03,Top Esports,IG,JackeyLove,Top Esports,-314
67073,LPL 2025 Split 2,2025-05-03,Top Esports,IG,Crisp,Top Esports,-230
67073,LPL 2025 Split 2,2025-05-03,Top Esports,IG,TheShy,IG,1854
67073,LPL 2025 Split 2,2025-05-03,Top Esports,IG,Jiejie,IG,208
67073,LPL 2025 Split 2,2025-05-03,Top Esports,IG,RooKie,IG,-364
67073,LPL 2025 Split 2,2025-05-03,Top Esports,IG,GALA,IG,314
67073,LPL 2025 Split 2,2025-05-03,Top Esports,IG,meiko,IG,230
67074,LPL 2025 Split 2,2025-05-03,Top Esports,IG,TheShy,Top Esports,-716
67074,LPL 2025 Split 2,2025-05-03,Top Esports,IG,Jiejie,Top Esports,-944
67074,LPL 2025 Split 2,2025-05-03,Top Esports,IG,RooKie,Top Esports,-338
67074,LPL 2025 Split 2,2025-05-03,Top Esports,IG,GALA,Top Esports,-1448
67074,LPL 2025 Split 2,2025-05-03,Top Esports,IG,meiko,Top Esports,-914
67074,LPL 2025 Split 2,2025-05-03,Top Esports,IG,369,IG,716
67074,LPL 2025 Split 2,2025-05-03,Top Esports,IG,Kanavi,IG,944
67074,LPL 2025 Split 2,2025-05-03,Top Esports,IG,Creme,IG,338
67074,LPL 2025 Split 2,2025-05-03,Top Esports,IG,JackeyLove,IG,1448
67074,LPL 2025 Split 2,2025-05-03,Top Esports,IG,Crisp,IG,914
67069,LPL 2025 Split 2,2025-05-03,BLG,FPX,Bin,BLG,282
67069,LPL 2025 Split 2,2025-05-03,BLG,FPX,Beichuan,BLG,-568
67069,LPL 2025 Split 2,2025-05-03,BLG,FPX,Knight,BLG,124
67069,LPL 2025 Split 2,2025-05-03,BLG,FPX,Elk,BLG,510
67069,LPL 2025 Split 2,2025-05-03,BLG,FPX,ON,BLG,543
67069,LPL 2025 Split 2,2025-05-03,BLG,FPX,sheer,FPX,-282
67069,LPL 2025 Split 2,2025-05-03,BLG,FPX,Shad0w,FPX,568
67069,LPL 2025 Split 2,2025-05-03,BLG,FPX,Care,FPX,-124
67069,LPL 2025 Split 2,2025-05-03,BLG,FPX,Assum,FPX,-510
67069,LPL 2025 Split 2,2025-05-03,BLG,FPX,Jwei,FPX,-543
67070,LPL 2025 Split 2,2025-05-03,BLG,FPX,sheer,BLG,-252
67070,LPL 2025 Split 2,2025-05-03,BLG,FPX,Shad0w,BLG,-181
67070,LPL 2025 Split 2,2025-05-03,BLG,FPX,Care,BLG,-1089
67070,LPL 2025 Split 2,2025-05-03,BLG,FPX,Assum,BLG,-861
67070,LPL 2025 Split 2,2025-05-03,BLG,FPX,Jwei,BLG,-1190
67070,LPL 2025 Split 2,2025-05-03,BLG,FPX,Bin,FPX,252
67070,LPL 2025 Split 2,2025-05-03,BLG,FPX,Beichuan,FPX,181
67070,LPL 2025 Split 2,2025-05-03,BLG,FPX,Knight,FPX,1089
67070,LPL 2025 Split 2,2025-05-03,BLG,FPX,Elk,FPX,861
67070,LPL 2025 Split 2,2025-05-03,BLG,FPX,ON,FPX,1190
67071,LPL 2025 Split 2,2025-05-03,BLG,FPX,Bin,BLG,1370
67071,LPL 2025 Split 2,2025-05-03,BLG,FPX,Beichuan,BLG,530
67071,LPL 2025 Split 2,2025-05-03,BLG,FPX,Knight,BLG,292
67071,LPL 2025 Split 2,2025-05-03,BLG,FPX,Elk,BLG,397
67071,LPL 2025 Split 2,2025-05-03,BLG,FPX,ON,BLG,148
67071,LPL 2025 Split 2,2025-05-03,BLG,FPX,sheer,FPX,-1370
67071,LPL 2025 Split 2,2025-05-03,BLG,FPX,Shad0w,FPX,-530
67071,LPL 2025 Split 2,2025-05-03,BLG,FPX,Care,FPX,-292
67071,LPL 2025 Split 2,2025-05-03,BLG,FPX,Assum,FPX,-397
67071,LPL 2025 Split 2,2025-05-03,BLG,FPX,Jwei,FPX,-148
67066,LPL 2025 Split 2,2025-05-03,Team WE,NIP,Solokill,Team WE,-360
67066,LPL 2025 Split 2,2025-05-03,Team WE,NIP,AKi,Team WE,100
67066,LPL 2025 Split 2,2025-05-03,Team WE,NIP,Doinb,Team WE,-9
67066,LPL 2025 Split 2,2025-05-03,Team WE,NIP,Leave,Team WE,911
67066,LPL 2025 Split 2,2025-05-03,Team WE,NIP,Ppgod,Team WE,278
67066,LPL 2025 Split 2,2025-05-03,Team WE,NIP,Cube,NIP,360
67066,LPL 2025 Split 2,2025-05-03,Team WE,NIP,Monki,NIP,-100
67066,LPL 2025 Split 2,2025-05-03,Team WE,NIP,Karis,NIP,9
67066,LPL 2025 Split 2,2025-05-03,Team WE,NIP,Taeyoon,NIP,-911
67066,LPL 2025 Split 2,2025-05-03,Team WE,NIP,Vampire,NIP,-278
67067,LPL 2025 Split 2,2025-05-03,Team WE,NIP,Solokill,Team WE,717
67067,LPL 2025 Split 2,2025-05-03,Team WE,NIP,AKi,Team WE,-776
67067,LPL 2025 Split 2,2025-05-03,Team WE,NIP,Doinb,Team WE,-1041
67067,LPL 2025 Split 2,2025-05-03,Team WE,NIP,Leave,Team WE,912
67067,LPL 2025 Split 2,2025-05-03,Team WE,NIP,Ppgod,Team WE,200
67067,LPL 2025 Split 2,2025-05-03,Team WE,NIP,Cube,NIP,-717
67067,LPL 2025 Split 2,2025-05-03,Team WE,NIP,Monki,NIP,776
67067,LPL 2025 Split 2,2025-05-03,Team WE,NIP,Karis,NIP,1041
67067,LPL 2025 Split 2,2025-05-03,Team WE,NIP,Taeyoon,NIP,-912
67067,LPL 2025 Split 2,2025-05-03,Team WE,NIP,Vampire,NIP,-200
67063,LPL 2025 Split 2,2025-05-02,BLG,WBG,Bin,BLG,-98
67063,LPL 2025 Split 2,2025-05-02,BLG,WBG,Beichuan,BLG,-314
67063,LPL 2025 Split 2,2025-05-02,BLG,WBG,Knight,BLG,-1597
67063,LPL 2025 Split 2,2025-05-02,BLG,WBG,Elk,BLG,-616
67063,LPL 2025 Split 2,2025-05-02,BLG,WBG,ON,BLG,-403
67063,LPL 2025 Split 2,2025-05-02,BLG,WBG,Breathe,WBG,98
67063,LPL 2025 Split 2,2025-05-02,BLG,WBG,Tian,WBG,314
67063,LPL 2025 Split 2,2025-05-02,BLG,WBG,xiaohu,WBG,1597
67063,LPL 2025 Split 2,2025-05-02,BLG,WBG,Light,WBG,616
67063,LPL 2025 Split 2,2025-05-02,BLG,WBG,Erha,WBG,403
67064,LPL 2025 Split 2,2025-05-02,BLG,WBG,Bin,BLG,404
67064,LPL 2025 Split 2,2025-05-02,BLG,WBG,Beichuan,BLG,1820
67064,LPL 2025 Split 2,2025-05-02,BLG,WBG,Knight,BLG,1191
67064,LPL 2025 Split 2,2025-05-02,BLG,WBG,Elk,BLG,552
67064,LPL 2025 Split 2,2025-05-02,BLG,WBG,ON,BLG,566
67064,LPL 2025 Split 2,2025-05-02,BLG,WBG,Breathe,WBG,-404
67064,LPL 2025 Split 2,2025-05-02,BLG,WBG,Tian,WBG,-1820
67064,LPL 2025 Split 2,2025-05-02,BLG,WBG,xiaohu,WBG,-1191
67064,LPL 2025 Split 2,2025-05-02,BLG,WBG,Light,WBG,-552
67064,LPL 2025 Split 2,2025-05-02,BLG,WBG,Erha,WBG,-566
67065,LPL 2025 Split 2,2025-05-02,BLG,WBG,Breathe,BLG,-696
67065,LPL 2025 Split 2,2025-05-02,BLG,WBG,Tian,BLG,-390
67065,LPL 2025 Split 2,2025-05-02,BLG,WBG,xiaohu,BLG,-500
67065,LPL 2025 Split 2,2025-05-02,BLG,WBG,Light,BLG,-27
67065,LPL 2025 Split 2,2025-05-02,BLG,WBG,Erha,BLG,-50
67065,LPL 2025 Split 2,2025-05-02,BLG,WBG,Bin,WBG,696
67065,LPL 2025 Split 2,2025-05-02,BLG,WBG,Beichuan,WBG,390
67065,LPL 2025 Split 2,2025-05-02,BLG,WBG,Knight,WBG,500
67065,LPL 2025 Split 2,2025-05-02,BLG,WBG,Elk,WBG,27
67065,LPL 2025 Split 2,2025-05-02,BLG,WBG,ON,WBG,50
67060,LPL 2025 Split 2,2025-05-02,OMG,RNG,Xiaoxu,OMG,127
67060,LPL 2025 Split 2,2025-05-02,OMG,RNG,milkyway,OMG,500
67060,LPL 2025 Split 2,2025-05-02,OMG,RNG,Tangyuan,OMG,950
67060,LPL 2025 Split 2,2025-05-02,OMG,RNG,JiaQi,OMG,541
67060,LPL 2025 Split 2,2025-05-02,OMG,RNG,Niket,OMG,264
67060,LPL 2025 Split 2,2025-05-02,OMG,RNG,Hery,RNG,-127
67060,LPL 2025 Split 2,2025-05-02,OMG,RNG,beishang,RNG,-500
67060,LPL 2025 Split 2,2025-05-02,OMG,RNG,charlotte,RNG,-950
67060,LPL 2025 Split 2,2025-05-02,OMG,RNG,Starry,RNG,-541
67060,LPL 2025 Split 2,2025-05-02,OMG,RNG,Moham,RNG,-264
67061,LPL 2025 Split 2,2025-05-02,OMG,RNG,Hery,OMG,-58
67061,LPL 2025 Split 2,2025-05-02,OMG,RNG,beishang,OMG,-532
67061,LPL 2025 Split 2,2025-05-02,OMG,RNG,charlotte,OMG,185
67061,LPL 2025 Split 2,2025-05-02,OMG,RNG,Starry,OMG,572
67061,LPL 2025 Split 2,2025-05-02,OMG,RNG,Moham,OMG,266
67061,LPL 2025 Split 2,2025-05-02,OMG,RNG,Xiaoxu,RNG,58
67061,LPL 2025 Split 2,2025-05-02,OMG,RNG,milkyway,RNG,532
67061,LPL 2025 Split 2,2025-05-02,OMG,RNG,Tangyuan,RNG,-185
67061,LPL 2025 Split 2,2025-05-02,OMG,RNG,JiaQi,RNG,-572
67061,LPL 2025 Split 2,2025-05-02,OMG,RNG,Niket,RNG,-266
67062,LPL 2025 Split 2,2025-05-02,OMG,RNG,Xiaoxu,OMG,-524
67062,LPL 2025 Split 2,2025-05-02,OMG,RNG,milkyway,OMG,-166
67062,LPL 2025 Split 2,2025-05-02,OMG,RNG,Tangyuan,OMG,506
67062,LPL 2025 Split 2,2025-05-02,OMG,RNG,JiaQi,OMG,1274
67062,LPL 2025 Split 2,2025-05-02,OMG,RNG,Niket,OMG,-49
67062,LPL 2025 Split 2,2025-05-02,OMG,RNG,Hery,RNG,524
67062,LPL 2025 Split 2,2025-05-02,OMG,RNG,beishang,RNG,166
67062,LPL 2025 Split 2,2025-05-02,OMG,RNG,charlotte,RNG,-506
67062,LPL 2025 Split 2,2025-05-02,OMG,RNG,Starry,RNG,-1274
67062,LPL 2025 Split 2,2025-05-02,OMG,RNG,Moham,RNG,49
67057,LPL 2025 Split 2,2025-05-01,AL,IG,TheShy,AL,-637
67057,LPL 2025 Split 2,2025-05-01,AL,IG,Jiejie,AL,165
67057,LPL 2025 Split 2,2025-05-01,AL,IG,RooKie,AL,-370
67057,LPL 2025 Split 2,2025-05-01,AL,IG,GALA,AL,-305
67057,LPL 2025 Split 2,2025-05-01,AL,IG,meiko,AL,-172
67057,LPL 2025 Split 2,2025-05-01,AL,IG,Flandre,IG,637
67057,LPL 2025 Split 2,2025-05-01,AL,IG,Tarzan,IG,-165
67057,LPL 2025 Split 2,2025-05-01,AL,IG,Shanks,IG,370
67057,LPL 2025 Split 2,2025-05-01,AL,IG,Hope,IG,305
67057,LPL 2025 Split 2,2025-05-01,AL,IG,Kael,IG,172
67058,LPL 2025 Split 2,2025-05-01,AL,IG,TheShy,AL,955
67058,LPL 2025 Split 2,2025-05-01,AL,IG,Jiejie,AL,252
67058,LPL 2025 Split 2,2025-05-01,AL,IG,RooKie,AL,-239
67058,LPL 2025 Split 2,2025-05-01,AL,IG,GALA,AL,848
67058,LPL 2025 Split 2,2025-05-01,AL,IG,meiko,AL,359
67058,LPL 2025 Split 2,2025-05-01,AL,IG,Flandre,IG,-955
67058,LPL 2025 Split 2,2025-05-01,AL,IG,Tarzan,IG,-252
67058,LPL 2025 Split 2,2025-05-01,AL,IG,Shanks,IG,239
67058,LPL 2025 Split 2,2025-05-01,AL,IG,Hope,IG,-848
67058,LPL 2025 Split 2,2025-05-01,AL,IG,Kael,IG,-359
67054,LPL 2025 Split 2,2025-05-01,FPX,Top Esports,369,FPX,117
67054,LPL 2025 Split 2,2025-05-01,FPX,Top Esports,Kanavi,FPX,-738
67054,LPL 2025 Split 2,2025-05-01,FPX,Top Esports,Creme,FPX,2799
67054,LPL 2025 Split 2,2025-05-01,FPX,Top Esports,JackeyLove,FPX,-444
67054,LPL 2025 Split 2,2025-05-01,FPX,Top Esports,Crisp,FPX,-92
67054,LPL 2025 Split 2,2025-05-01,FPX,Top Esports,sheer,Top Esports,-117
67054,LPL 2025 Split 2,2025-05-01,FPX,Top Esports,Shad0w,Top Esports,738
67054,LPL 2025 Split 2,2025-05-01,FPX,Top Esports,Care,Top Esports,-2799
67054,LPL 2025 Split 2,2025-05-01,FPX,Top Esports,Assum,Top Esports,444
67054,LPL 2025 Split 2,2025-05-01,FPX,Top Esports,Jwei,Top Esports,92
67055,LPL 2025 Split 2,2025-05-01,FPX,Top Esports,sheer,FPX,-598
67055,LPL 2025 Split 2,2025-05-01,FPX,Top Esports,Shad0w,FPX,-117
67055,LPL 2025 Split 2,2025-05-01,FPX,Top Esports,Care,FPX,-1042
67055,LPL 2025 Split 2,2025-05-01,FPX,Top Esports,Assum,FPX,724
67055,LPL 2025 Split 2,2025-05-01,FPX,Top Esports,Jwei,FPX,-588
67055,LPL 2025 Split 2,2025-05-01,FPX,Top Esports,369,Top Esports,598
67055,LPL 2025 Split 2,2025-05-01,FPX,Top Esports,Kanavi,Top Esports,117
67055,LPL 2025 Split 2,2025-05-01,FPX,Top Esports,Creme,Top Esports,1042
67055,LPL 2025 Split 2,2025-05-01,FPX,Top Esports,JackeyLove,Top Esports,-724
67055,LPL 2025 Split 2,2025-05-01,FPX,Top Esports,Crisp,Top Esports,588
67051,LPL 2025 Split 2,2025-04-30,IG,WBG,Breathe,IG,-216
67051,LPL 2025 Split 2,2025-04-30,IG,WBG,Tian,IG,-400
67051,LPL 2025 Split 2,2025-04-30,IG,WBG,xiaohu,IG,-76
67051,LPL 2025 Split 2,2025-04-30,IG,WBG,Light,IG,285
67051,LPL 2025 Split 2,2025-04-30,IG,WBG,Erha,IG,-212
67051,LPL 2025 Split 2,2025-04-30,IG,WBG,TheShy,WBG,216
67051,LPL 2025 Split 2,2025-04-30,IG,WBG,Jiejie,WBG,400
67051,LPL 2025 Split 2,2025-04-30,IG,WBG,RooKie,WBG,76
67051,LPL 2025 Split 2,2025-04-30,IG,WBG,GALA,WBG,-285
67051,LPL 2025 Split 2,2025-04-30,IG,WBG,meiko,WBG,212
67052,LPL 2025 Split 2,2025-04-30,IG,WBG,TheShy,IG,123
67052,LPL 2025 Split 2,2025-04-30,IG,WBG,Jiejie,IG,-62
67052,LPL 2025 Split 2,2025-04-30,IG,WBG,RooKie,IG,19
67052,LPL 2025 Split 2,2025-04-30,IG,WBG,GALA,IG,179
67052,LPL 2025 Split 2,2025-04-30,IG,WBG,meiko,IG,-113
67052,LPL 2025 Split 2,2025-04-30,IG,WBG,Breathe,WBG,-123
67052,LPL 2025 Split 2,2025-04-30,IG,WBG,Tian,WBG,62
67052,LPL 2025 Split 2,2025-04-30,IG,WBG,xiaohu,WBG,-19
67052,LPL 2025 Split 2,2025-04-30,IG,WBG,Light,WBG,-179
67052,LPL 2025 Split 2,2025-04-30,IG,WBG,Erha,WBG,113
67053,LPL 2025 Split 2,2025-04-30,IG,WBG,Breathe,IG,2058
67053,LPL 2025 Split 2,2025-04-30,IG,WBG,Tian,IG,196
67053,LPL 2025 Split 2,2025-04-30,IG,WBG,xiaohu,IG,64
67053,LPL 2025 Split 2,2025-04-30,IG,WBG,Light,IG,1089
67053,LPL 2025 Split 2,2025-04-30,IG,WBG,Erha,IG,-362
67053,LPL 2025 Split 2,2025-04-30,IG,WBG,TheShy,WBG,-2058
67053,LPL 2025 Split 2,2025-04-30,IG,WBG,Jiejie,WBG,-196
67053,LPL 2025 Split 2,2025-04-30,IG,WBG,RooKie,WBG,-64
67053,LPL 2025 Split 2,2025-04-30,IG,WBG,GALA,WBG,-1089
67053,LPL 2025 Split 2,2025-04-30,IG,WBG,meiko,WBG,362
67048,LPL 2025 Split 2,2025-04-30,TT,JD Gaming,Ale,TT,-563
67048,LPL 2025 Split 2,2025-04-30,TT,JD Gaming,XUN,TT,475
67048,LPL 2025 Split 2,2025-04-30,TT,JD Gaming,Scout,TT,760
67048,LPL 2025 Split 2,2025-04-30,TT,JD Gaming,Peyz,TT,1843
67048,LPL 2025 Split 2,2025-04-30,TT,JD Gaming,Missing,TT,385
67048,LPL 2025 Split 2,2025-04-30,TT,JD Gaming,Hoya,JD Gaming,563
67048,LPL 2025 Split 2,2025-04-30,TT,JD Gaming,xiaohuangren,JD Gaming,-475
67048,LPL 2025 Split 2,2025-04-30,TT,JD Gaming,SeTab,JD Gaming,-760
67048,LPL 2025 Split 2,2025-04-30,TT,JD Gaming,1xn,JD Gaming,-1843
67048,LPL 2025 Split 2,2025-04-30,TT,JD Gaming,Feather,JD Gaming,-385
67049,LPL 2025 Split 2,2025-04-30,TT,JD Gaming,Hoya,TT,-1663
67049,LPL 2025 Split 2,2025-04-30,TT,JD Gaming,xiaohuangren,TT,-501
67049,LPL 2025 Split 2,2025-04-30,TT,JD Gaming,SeTab,TT,-615
67049,LPL 2025 Split 2,2025-04-30,TT,JD Gaming,1xn,TT,-1419
67049,LPL 2025 Split 2,2025-04-30,TT,JD Gaming,Feather,TT,317
67049,LPL 2025 Split 2,2025-04-30,TT,JD Gaming,Ale,JD Gaming,1663
67049,LPL 2025 Split 2,2025-04-30,TT,JD Gaming,XUN,JD Gaming,501
67049,LPL 2025 Split 2,2025-04-30,TT,JD Gaming,Scout,JD Gaming,615
67049,LPL 2025 Split 2,2025-04-30,TT,JD Gaming,Peyz,JD Gaming,1419
67049,LPL 2025 Split 2,2025-04-30,TT,JD Gaming,Missing,JD Gaming,-317
67045,LPL 2025 Split 2,2025-04-29,WBG,BLG,Breathe,WBG,103
67045,LPL 2025 Split 2,2025-04-29,WBG,BLG,Tian,WBG,256
67045,LPL 2025 Split 2,2025-04-29,WBG,BLG,xiaohu,WBG,1045
67045,LPL 2025 Split 2,2025-04-29,WBG,BLG,Light,WBG,1225
67045,LPL 2025 Split 2,2025-04-29,WBG,BLG,Erha,WBG,-171
67045,LPL 2025 Split 2,2025-04-29,WBG,BLG,Bin,BLG,-103
67045,LPL 2025 Split 2,2025-04-29,WBG,BLG,Wei,BLG,-256
67045,LPL 2025 Split 2,2025-04-29,WBG,BLG,Knight,BLG,-1045
67045,LPL 2025 Split 2,2025-04-29,WBG,BLG,Elk,BLG,-1225
67045,LPL 2025 Split 2,2025-04-29,WBG,BLG,ON,BLG,171
67046,LPL 2025 Split 2,2025-04-29,WBG,BLG,Bin,WBG,-292
67046,LPL 2025 Split 2,2025-04-29,WBG,BLG,Wei,WBG,-828
67046,LPL 2025 Split 2,2025-04-29,WBG,BLG,Knight,WBG,295
67046,LPL 2025 Split 2,2025-04-29,WBG,BLG,Elk,WBG,-503
67046,LPL 2025 Split 2,2025-04-29,WBG,BLG,ON,WBG,-337
67046,LPL 2025 Split 2,2025-04-29,WBG,BLG,Breathe,BLG,292
67046,LPL 2025 Split 2,2025-04-29,WBG,BLG,Tian,BLG,828
67046,LPL 2025 Split 2,2025-04-29,WBG,BLG,xiaohu,BLG,-295
67046,LPL 2025 Split 2,2025-04-29,WBG,BLG,Light,BLG,503
67046,LPL 2025 Split 2,2025-04-29,WBG,BLG,Erha,BLG,337
67047,LPL 2025 Split 2,2025-04-29,WBG,BLG,Breathe,WBG,-785
67047,LPL 2025 Split 2,2025-04-29,WBG,BLG,Tian,WBG,1605
67047,LPL 2025 Split 2,2025-04-29,WBG,BLG,xiaohu,WBG,1134
67047,LPL 2025 Split 2,2025-04-29,WBG,BLG,Light,WBG,497
67047,LPL 2025 Split 2,2025-04-29,WBG,BLG,Erha,WBG,161
67047,LPL 2025 Split 2,2025-04-29,WBG,BLG,Bin,BLG,785
67047,LPL 2025 Split 2,2025-04-29,WBG,BLG,Wei,BLG,-1605
67047,LPL 2025 Split 2,2025-04-29,WBG,BLG,Knight,BLG,-1134
67047,LPL 2025 Split 2,2025-04-29,WBG,BLG,Elk,BLG,-497
67047,LPL 2025 Split 2,2025-04-29,WBG,BLG,ON,BLG,-161
67042,LPL 2025 Split 2,2025-04-29,EDG,LGD Gaming,sasi,EDG,27
67042,LPL 2025 Split 2,2025-04-29,EDG,LGD Gaming,naiyou,EDG,-1073
67042,LPL 2025 Split 2,2025-04-29,EDG,LGD Gaming,xqw,EDG,949
67042,LPL 2025 Split 2,2025-04-29,EDG,LGD Gaming,Shaoye,EDG,224
67042,LPL 2025 Split 2,2025-04-29,EDG,LGD Gaming,Ycx,EDG,-91
67042,LPL 2025 Split 2,2025-04-29,EDG,LGD Gaming,Zdz,LGD Gaming,-27
67042,LPL 2025 Split 2,2025-04-29,EDG,LGD Gaming,Xiaohao,LGD Gaming,1073
67042,LPL 2025 Split 2,2025-04-29,EDG,LGD Gaming,Angel,LGD Gaming,-949
67042,LPL 2025 Split 2,2025-04-29,EDG,LGD Gaming,Ahn,LGD Gaming,-224
67042,LPL 2025 Split 2,2025-04-29,EDG,LGD Gaming,Wink,LGD Gaming,91
67043,LPL 2025 Split 2,2025-04-29,EDG,LGD Gaming,sasi,EDG,327
67043,LPL 2025 Split 2,2025-04-29,EDG,LGD Gaming,naiyou,EDG,-303
67043,LPL 2025 Split 2,2025-04-29,EDG,LGD Gaming,xqw,EDG,57
67043,LPL 2025 Split 2,2025-04-29,EDG,LGD Gaming,Shaoye,EDG,-300
67043,LPL 2025 Split 2,2025-04-29,EDG,LGD Gaming,Ycx,EDG,89
67043,LPL 2025 Split 2,2025-04-29,EDG,LGD Gaming,Zdz,LGD Gaming,-327
67043,LPL 2025 Split 2,2025-04-29,EDG,LGD Gaming,Xiaohao,LGD Gaming,303
67043,LPL 2025 Split 2,2025-04-29,EDG,LGD Gaming,Angel,LGD Gaming,-57
67043,LPL 2025 Split 2,2025-04-29,EDG,LGD Gaming,Ahn,LGD Gaming,300
67043,LPL 2025 Split 2,2025-04-29,EDG,LGD Gaming,Wink,LGD Gaming,-89
67044,LPL 2025 Split 2,2025-04-29,EDG,LGD Gaming,Zdz,EDG,232
67044,LPL 2025 Split 2,2025-04-29,EDG,LGD Gaming,Xiaohao,EDG,1030
67044,LPL 2025 Split 2,2025-04-29,EDG,LGD Gaming,Angel,EDG,410
67044,LPL 2025 Split 2,2025-04-29,EDG,LGD Gaming,Ahn,EDG,-292
67044,LPL 2025 Split 2,2025-04-29,EDG,LGD Gaming,Wink,EDG,254
67044,LPL 2025 Split 2,2025-04-29,EDG,LGD Gaming,sasi,LGD Gaming,-232
67044,LPL 2025 Split 2,2025-04-29,EDG,LGD Gaming,naiyou,LGD Gaming,-1030
67044,LPL 2025 Split 2,2025-04-29,EDG,LGD Gaming,xqw,LGD Gaming,-410
67044,LPL 2025 Split 2,2025-04-29,EDG,LGD Gaming,Shaoye,LGD Gaming,292
67044,LPL 2025 Split 2,2025-04-29,EDG,LGD Gaming,Ycx,LGD Gaming,-254
67039,LPL 2025 Split 2,2025-04-28,FPX,BLG,Bin,FPX,1125
67039,LPL 2025 Split 2,2025-04-28,FPX,BLG,Wei,FPX,-424
67039,LPL 2025 Split 2,2025-04-28,FPX,BLG,Knight,FPX,295
67039,LPL 2025 Split 2,2025-04-28,FPX,BLG,Elk,FPX,-1418
67039,LPL 2025 Split 2,2025-04-28,FPX,BLG,ON,FPX,-948
67039,LPL 2025 Split 2,2025-04-28,FPX,BLG,sheer,BLG,-1125
67039,LPL 2025 Split 2,2025-04-28,FPX,BLG,Shad0w,BLG,424
67039,LPL 2025 Split 2,2025-04-28,FPX,BLG,Care,BLG,-295
67039,LPL 2025 Split 2,2025-04-28,FPX,BLG,Assum,BLG,1418
67039,LPL 2025 Split 2,2025-04-28,FPX,BLG,Jwei,BLG,948
67040,LPL 2025 Split 2,2025-04-28,FPX,BLG,Bin,FPX,771
67040,LPL 2025 Split 2,2025-04-28,FPX,BLG,Wei,FPX,724
67040,LPL 2025 Split 2,2025-04-28,FPX,BLG,Knight,FPX,1046
67040,LPL 2025 Split 2,2025-04-28,FPX,BLG,Elk,FPX,2379
67040,LPL 2025 Split 2,2025-04-28,FPX,BLG,ON,FPX,1358
67040,LPL 2025 Split 2,2025-04-28,FPX,BLG,sheer,BLG,-771
67040,LPL 2025 Split 2,2025-04-28,FPX,BLG,Shad0w,BLG,-724
67040,LPL 2025 Split 2,2025-04-28,FPX,BLG,Care,BLG,-1046
67040,LPL 2025 Split 2,2025-04-28,FPX,BLG,Assum,BLG,-2379
67040,LPL 2025 Split 2,2025-04-28,FPX,BLG,Jwei,BLG,-1358
67041,LPL 2025 Split 2,2025-04-28,FPX,BLG,sheer,FPX,-892
67041,LPL 2025 Split 2,2025-04-28,FPX,BLG,Shad0w,FPX,975
67041,LPL 2025 Split 2,2025-04-28,FPX,BLG,Care,FPX,-356
67041,LPL 2025 Split 2,2025-04-28,FPX,BLG,Assum,FPX,-541
67041,LPL 2025 Split 2,2025-04-28,FPX,BLG,Jwei,FPX,466
67041,LPL 2025 Split 2,2025-04-28,FPX,BLG,Bin,BLG,892
67041,LPL 2025 Split 2,2025-04-28,FPX,BLG,Wei,BLG,-975
67041,LPL 2025 Split 2,2025-04-28,FPX,BLG,Knight,BLG,356
67041,LPL 2025 Split 2,2025-04-28,FPX,BLG,Elk,BLG,541
67041,LPL 2025 Split 2,2025-04-28,FPX,BLG,ON,BLG,-466
67036,LPL 2025 Split 2,2025-04-28,LNG Esports,RNG,Zika,LNG Esports,654
67036,LPL 2025 Split 2,2025-04-28,LNG Esports,RNG,xiaofang,LNG Esports,278
67036,LPL 2025 Split 2,2025-04-28,LNG Esports,RNG,Haichao,LNG Esports,-144
67036,LPL 2025 Split 2,2025-04-28,LNG Esports,RNG,LP,LNG Esports,419
67036,LPL 2025 Split 2,2025-04-28,LNG Esports,RNG,Zhuo,LNG Esports,817
67036,LPL 2025 Split 2,2025-04-28,LNG Esports,RNG,Xiaoxu,RNG,-654
67036,LPL 2025 Split 2,2025-04-28,LNG Esports,RNG,milkyway,RNG,-278
67036,LPL 2025 Split 2,2025-04-28,LNG Esports,RNG,Tangyuan,RNG,144
67036,LPL 2025 Split 2,2025-04-28,LNG Esports,RNG,JiaQi,RNG,-419
67036,LPL 2025 Split 2,2025-04-28,LNG Esports,RNG,Niket,RNG,-817
67037,LPL 2025 Split 2,2025-04-28,LNG Esports,RNG,Xiaoxu,LNG Esports,-298
67037,LPL 2025 Split 2,2025-04-28,LNG Esports,RNG,milkyway,LNG Esports,323
67037,LPL 2025 Split 2,2025-04-28,LNG Esports,RNG,Tangyuan,LNG Esports,-280
67037,LPL 2025 Split 2,2025-04-28,LNG Esports,RNG,JiaQi,LNG Esports,72
67037,LPL 2025 Split 2,2025-04-28,LNG Esports,RNG,Niket,LNG Esports,115
67037,LPL 2025 Split 2,2025-04-28,LNG Esports,RNG,Zika,RNG,298
67037,LPL 2025 Split 2,2025-04-28,LNG Esports,RNG,xiaofang,RNG,-323
67037,LPL 2025 Split 2,2025-04-28,LNG Esports,RNG,Haichao,RNG,280
67037,LPL 2025 Split 2,2025-04-28,LNG Esports,RNG,LP,RNG,-72
67037,LPL 2025 Split 2,2025-04-28,LNG Esports,RNG,Zhuo,RNG,-115
66559,LPL 2025 Split 2,2025-04-27,Top Esports,JD Gaming,369,Top Esports,124
66559,LPL 2025 Split 2,2025-04-27,Top Esports,JD Gaming,Kanavi,Top Esports,-382
66559,LPL 2025 Split 2,2025-04-27,Top Esports,JD Gaming,Creme,Top Esports,120
66559,LPL 2025 Split 2,2025-04-27,Top Esports,JD Gaming,JackeyLove,Top Esports,-1131
66559,LPL 2025 Split 2,2025-04-27,Top Esports,JD Gaming,Crisp,Top Esports,-37
66559,LPL 2025 Split 2,2025-04-27,Top Esports,JD Gaming,Ale,JD Gaming,-124
66559,LPL 2025 Split 2,2025-04-27,Top Esports,JD Gaming,XUN,JD Gaming,382
66559,LPL 2025 Split 2,2025-04-27,Top Esports,JD Gaming,Scout,JD Gaming,-120
66559,LPL 2025 Split 2,2025-04-27,Top Esports,JD Gaming,Peyz,JD Gaming,1131
66559,LPL 2025 Split 2,2025-04-27,Top Esports,JD Gaming,Missing,JD Gaming,37
66560,LPL 2025 Split 2,2025-04-27,Top Esports,JD Gaming,369,Top Esports,1630
66560,LPL 2025 Split 2,2025-04-27,Top Esports,JD Gaming,Kanavi,Top Esports,485
66560,LPL 2025 Split 2,2025-04-27,Top Esports,JD Gaming,Creme,Top Esports,336
66560,LPL 2025 Split 2,2025-04-27,Top Esports,JD Gaming,JackeyLove,Top Esports,-276
66560,LPL 2025 Split 2,2025-04-27,Top Esports,JD Gaming,Crisp,Top Esports,633
66560,LPL 2025 Split 2,2025-04-27,Top Esports,JD Gaming,Ale,JD Gaming,-1630
66560,LPL 2025 Split 2,2025-04-27,Top Esports,JD Gaming,XUN,JD Gaming,-485
66560,LPL 2025 Split 2,2025-04-27,Top Esports,JD Gaming,Scout,JD Gaming,-336
66560,LPL 2025 Split 2,2025-04-27,Top Esports,JD Gaming,Peyz,JD Gaming,276
66560,LPL 2025 Split 2,2025-04-27,Top Esports,JD Gaming,Missing,JD Gaming,-633
66561,LPL 2025 Split 2,2025-04-27,Top Esports,JD Gaming,Ale,Top Esports,-2070
66561,LPL 2025 Split 2,2025-04-27,Top Esports,JD Gaming,XUN,Top Esports,24
66561,LPL 2025 Split 2,2025-04-27,Top Esports,JD Gaming,Scout,Top Esports,733
66561,LPL 2025 Split 2,2025-04-27,Top Esports,JD Gaming,Peyz,Top Esports,-747
66561,LPL 2025 Split 2,2025-04-27,Top Esports,JD Gaming,Missing,Top Esports,135
66561,LPL 2025 Split 2,2025-04-27,Top Esports,JD Gaming,369,JD Gaming,2070
66561,LPL 2025 Split 2,2025-04-27,Top Esports,JD Gaming,Kanavi,JD Gaming,-24
66561,LPL 2025 Split 2,2025-04-27,Top Esports,JD Gaming,Creme,JD Gaming,-733
66561,LPL 2025 Split 2,2025-04-27,Top Esports,JD Gaming,JackeyLove,JD Gaming,747
66561,LPL 2025 Split 2,2025-04-27,Top Esports,JD Gaming,Crisp,JD Gaming,-135
66556,LPL 2025 Split 2,2025-04-27,WBG,IG,Breathe,WBG,-280
66556,LPL 2025 Split 2,2025-04-27,WBG,IG,Tian,WBG,-308
66556,LPL 2025 Split 2,2025-04-27,WBG,IG,xiaohu,WBG,43
66556,LPL 2025 Split 2,2025-04-27,WBG,IG,Light,WBG,-81
66556,LPL 2025 Split 2,2025-04-27,WBG,IG,Erha,WBG,-130
66556,LPL 2025 Split 2,2025-04-27,WBG,IG,TheShy,IG,280
66556,LPL 2025 Split 2,2025-04-27,WBG,IG,Jiejie,IG,308
66556,LPL 2025 Split 2,2025-04-27,WBG,IG,RooKie,IG,-43
66556,LPL 2025 Split 2,2025-04-27,WBG,IG,GALA,IG,81
66556,LPL 2025 Split 2,2025-04-27,WBG,IG,meiko,IG,130
66557,LPL 2025 Split 2,2025-04-27,WBG,IG,Breathe,WBG,352
66557,LPL 2025 Split 2,2025-04-27,WBG,IG,Tian,WBG,1249
66557,LPL 2025 Split 2,2025-04-27,WBG,IG,xiaohu,WBG,-1082
66557,LPL 2025 Split 2,2025-04-27,WBG,IG,Light,WBG,2121
66557,LPL 2025 Split 2,2025-04-27,WBG,IG,Erha,WBG,-779
66557,LPL 2025 Split 2,2025-04-27,WBG,IG,TheShy,IG,-352
66557,LPL 2025 Split 2,2025-04-27,WBG,IG,Jiejie,IG,-1249
66557,LPL 2025 Split 2,2025-04-27,WBG,IG,RooKie,IG,1082
66557,LPL 2025 Split 2,2025-04-27,WBG,IG,GALA,IG,-2121
66557,LPL 2025 Split 2,2025-04-27,WBG,IG,meiko,IG,779
66558,LPL 2025 Split 2,2025-04-27,WBG,IG,TheShy,WBG,1189
66558,LPL 2025 Split 2,2025-04-27,WBG,IG,Jiejie,WBG,80
66558,LPL 2025 Split 2,2025-04-27,WBG,IG,RooKie,WBG,-157
66558,LPL 2025 Split 2,2025-04-27,WBG,IG,GALA,WBG,-220
66558,LPL 2025 Split 2,2025-04-27,WBG,IG,meiko,WBG,776
66558,LPL 2025 Split 2,2025-04-27,WBG,IG,Breathe,IG,-1189
66558,LPL 2025 Split 2,2025-04-27,WBG,IG,Tian,IG,-80
66558,LPL 2025 Split 2,2025-04-27,WBG,IG,xiaohu,IG,157
66558,LPL 2025 Split 2,2025-04-27,WBG,IG,Light,IG,220
66558,LPL 2025 Split 2,2025-04-27,WBG,IG,Erha,IG,-776
66553,LPL 2025 Split 2,2025-04-27,NIP,AL,shanji,NIP,-485
66553,LPL 2025 Split 2,2025-04-27,NIP,AL,AKi,NIP,-266
66553,LPL 2025 Split 2,2025-04-27,NIP,AL,Doinb,NIP,-91
66553,LPL 2025 Split 2,2025-04-27,NIP,AL,Leave,NIP,790
66553,LPL 2025 Split 2,2025-04-27,NIP,AL,Ppgod,NIP,1
66553,LPL 2025 Split 2,2025-04-27,NIP,AL,Flandre,AL,485
66553,LPL 2025 Split 2,2025-04-27,NIP,AL,Tarzan,AL,266
66553,LPL 2025 Split 2,2025-04-27,NIP,AL,Shanks,AL,91
66553,LPL 2025 Split 2,2025-04-27,NIP,AL,Hope,AL,-790
66553,LPL 2025 Split 2,2025-04-27,NIP,AL,Kael,AL,-1
66554,LPL 2025 Split 2,2025-04-27,NIP,AL,shanji,NIP,-121
66554,LPL 2025 Split 2,2025-04-27,NIP,AL,AKi,NIP,-240
66554,LPL 2025 Split 2,2025-04-27,NIP,AL,Doinb,NIP,-615
66554,LPL 2025 Split 2,2025-04-27,NIP,AL,Leave,NIP,534
66554,LPL 2025 Split 2,2025-04-27,NIP,AL,Ppgod,NIP,-261
66554,LPL 2025 Split 2,2025-04-27,NIP,AL,Flandre,AL,121
66554,LPL 2025 Split 2,2025-04-27,NIP,AL,Tarzan,AL,240
66554,LPL 2025 Split 2,2025-04-27,NIP,AL,Shanks,AL,615
66554,LPL 2025 Split 2,2025-04-27,NIP,AL,Hope,AL,-534
66554,LPL 2025 Split 2,2025-04-27,NIP,AL,Kael,AL,261
66550,LPL 2025 Split 2,2025-04-26,JD Gaming,TT,Hoya,JD Gaming,1109
66550,LPL 2025 Split 2,2025-04-26,JD Gaming,TT,Beichuan,JD Gaming,-356
66550,LPL 2025 Split 2,2025-04-26,JD Gaming,TT,SeTab,JD Gaming,182
66550,LPL 2025 Split 2,2025-04-26,JD Gaming,TT,1xn,JD Gaming,350
66550,LPL 2025 Split 2,2025-04-26,JD Gaming,TT,Feather,JD Gaming,-29
66550,LPL 2025 Split 2,2025-04-26,JD Gaming,TT,Ale,TT,-1109
66550,LPL 2025 Split 2,2025-04-26,JD Gaming,TT,XUN,TT,356
66550,LPL 2025 Split 2,2025-04-26,JD Gaming,TT,Scout,TT,-182
66550,LPL 2025 Split 2,2025-04-26,JD Gaming,TT,Peyz,TT,-350
66550,LPL 2025 Split 2,2025-04-26,JD Gaming,TT,Missing,TT,29
66551,LPL 2025 Split 2,2025-04-26,JD Gaming,TT,Hoya,JD Gaming,-340
66551,LPL 2025 Split 2,2025-04-26,JD Gaming,TT,Beichuan,JD Gaming,120
66551,LPL 2025 Split 2,2025-04-26,JD Gaming,TT,SeTab,JD Gaming,1733
66551,LPL 2025 Split 2,2025-04-26,JD Gaming,TT,1xn,JD Gaming,1159
66551,LPL 2025 Split 2,2025-04-26,JD Gaming,TT,Feather,JD Gaming,187
66551,LPL 2025 Split 2,2025-04-26,JD Gaming,TT,Ale,TT,340
66551,LPL 2025 Split 2,2025-04-26,JD Gaming,TT,XUN,TT,-120
66551,LPL 2025 Split 2,2025-04-26,JD Gaming,TT,Scout,TT,-1733
66551,LPL 2025 Split 2,2025-04-26,JD Gaming,TT,Peyz,TT,-1159
66551,LPL 2025 Split 2,2025-04-26,JD Gaming,TT,Missing,TT,-187
66552,LPL 2025 Split 2,2025-04-26,JD Gaming,TT,Ale,JD Gaming,828
66552,LPL 2025 Split 2,2025-04-26,JD Gaming,TT,XUN,JD Gaming,204
66552,LPL 2025 Split 2,2025-04-26,JD Gaming,TT,Scout,JD Gaming,1685
66552,LPL 2025 Split 2,2025-04-26,JD Gaming,TT,Peyz,JD Gaming,-660
66552,LPL 2025 Split 2,2025-04-26,JD Gaming,TT,Missing,JD Gaming,308
66552,LPL 2025 Split 2,2025-04-26,JD Gaming,TT,Hoya,TT,-828
66552,LPL 2025 Split 2,2025-04-26,JD Gaming,TT,Beichuan,TT,-204
66552,LPL 2025 Split 2,2025-04-26,JD Gaming,TT,SeTab,TT,-1685
66552,LPL 2025 Split 2,2025-04-26,JD Gaming,TT,1xn,TT,660
66552,LPL 2025 Split 2,2025-04-26,JD Gaming,TT,Feather,TT,-308
66547,LPL 2025 Split 2,2025-04-26,EDG,Ultra Prime,1Jiang,EDG,-69
66547,LPL 2025 Split 2,2025-04-26,EDG,Ultra Prime,Junhao,EDG,592
66547,LPL 2025 Split 2,2025-04-26,EDG,Ultra Prime,Saber,EDG,77
66547,LPL 2025 Split 2,2025-04-26,EDG,Ultra Prime,Wako,EDG,803
66547,LPL 2025 Split 2,2025-04-26,EDG,Ultra Prime,Xiaoxia,EDG,54
66547,LPL 2025 Split 2,2025-04-26,EDG,Ultra Prime,Zdz,Ultra Prime,69
66547,LPL 2025 Split 2,2025-04-26,EDG,Ultra Prime,Xiaohao,Ultra Prime,-592
66547,LPL 2025 Split 2,2025-04-26,EDG,Ultra Prime,Angel,Ultra Prime,-77
66547,LPL 2025 Split 2,2025-04-26,EDG,Ultra Prime,Ahn,Ultra Prime,-803
66547,LPL 2025 Split 2,2025-04-26,EDG,Ultra Prime,Wink,Ultra Prime,-54
66548,LPL 2025 Split 2,2025-04-26,EDG,Ultra Prime,Zdz,EDG,55
66548,LPL 2025 Split 2,2025-04-26,EDG,Ultra Prime,Xiaohao,EDG,-114
66548,LPL 2025 Split 2,2025-04-26,EDG,Ultra Prime,Angel,EDG,562
66548,LPL 2025 Split 2,2025-04-26,EDG,Ultra Prime,Ahn,EDG,648
66548,LPL 2025 Split 2,2025-04-26,EDG,Ultra Prime,Wink,EDG,100
66548,LPL 2025 Split 2,2025-04-26,EDG,Ultra Prime,1Jiang,Ultra Prime,-55
66548,LPL 2025 Split 2,2025-04-26,EDG,Ultra Prime,Junhao,Ultra Prime,114
66548,LPL 2025 Split 2,2025-04-26,EDG,Ultra Prime,Saber,Ultra Prime,-562
66548,LPL 2025 Split 2,2025-04-26,EDG,Ultra Prime,Wako,Ultra Prime,-648
66548,LPL 2025 Split 2,2025-04-26,EDG,Ultra Prime,Xiaoxia,Ultra Prime,-100
66549,LPL 2025 Split 2,2025-04-26,EDG,Ultra Prime,1Jiang,EDG,1234
66549,LPL 2025 Split 2,2025-04-26,EDG,Ultra Prime,Junhao,EDG,1280
66549,LPL 2025 Split 2,2025-04-26,EDG,Ultra Prime,Saber,EDG,171
66549,LPL 2025 Split 2,2025-04-26,EDG,Ultra Prime,Wako,EDG,-127
66549,LPL 2025 Split 2,2025-04-26,EDG,Ultra Prime,Xiaoxia,EDG,138
66549,LPL 2025 Split 2,2025-04-26,EDG,Ultra Prime,Zdz,Ultra Prime,-1234
66549,LPL 2025 Split 2,2025-04-26,EDG,Ultra Prime,Xiaohao,Ultra Prime,-1280
66549,LPL 2025 Split 2,2025-04-26,EDG,Ultra Prime,Angel,Ultra Prime,-171
66549,LPL 2025 Split 2,2025-04-26,EDG,Ultra Prime,Ahn,Ultra Prime,127
66549,LPL 2025 Split 2,2025-04-26,EDG,Ultra Prime,Wink,Ultra Prime,-138
66544,LPL 2025 Split 2,2025-04-25,NIP,BLG,shanji,NIP,-340
66544,LPL 2025 Split 2,2025-04-25,NIP,BLG,AKi,NIP,147
66544,LPL 2025 Split 2,2025-04-25,NIP,BLG,Doinb,NIP,564
66544,LPL 2025 Split 2,2025-04-25,NIP,BLG,Leave,NIP,438
66544,LPL 2025 Split 2,2025-04-25,NIP,BLG,Ppgod,NIP,-654
66544,LPL 2025 Split 2,2025-04-25,NIP,BLG,Bin,BLG,340
66544,LPL 2025 Split 2,2025-04-25,NIP,BLG,Wei,BLG,-147
66544,LPL 2025 Split 2,2025-04-25,NIP,BLG,Knight,BLG,-564
66544,LPL 2025 Split 2,2025-04-25,NIP,BLG,Elk,BLG,-438
66544,LPL 2025 Split 2,2025-04-25,NIP,BLG,ON,BLG,654
66545,LPL 2025 Split 2,2025-04-25,NIP,BLG,shanji,NIP,-639
66545,LPL 2025 Split 2,2025-04-25,NIP,BLG,AKi,NIP,-370
66545,LPL 2025 Split 2,2025-04-25,NIP,BLG,Doinb,NIP,-855
66545,LPL 2025 Split 2,2025-04-25,NIP,BLG,Leave,NIP,-1249
66545,LPL 2025 Split 2,2025-04-25,NIP,BLG,Ppgod,NIP,-481
66545,LPL 2025 Split 2,2025-04-25,NIP,BLG,Bin,BLG,639
66545,LPL 2025 Split 2,2025-04-25,NIP,BLG,Wei,BLG,370
66545,LPL 2025 Split 2,2025-04-25,NIP,BLG,Knight,BLG,855
66545,LPL 2025 Split 2,2025-04-25,NIP,BLG,Elk,BLG,1249
66545,LPL 2025 Split 2,2025-04-25,NIP,BLG,ON,BLG,481
66541,LPL 2025 Split 2,2025-04-25,Team WE,FPX,Cube,Team WE,-76
66541,LPL 2025 Split 2,2025-04-25,Team WE,FPX,Monki,Team WE,-767
66541,LPL 2025 Split 2,2025-04-25,Team WE,FPX,Karis,Team WE,-49
66541,LPL 2025 Split 2,2025-04-25,Team WE,FPX,Taeyoon,Team WE,-287
66541,LPL 2025 Split 2,2025-04-25,Team WE,FPX,Vampire,Team WE,770
66541,LPL 2025 Split 2,2025-04-25,Team WE,FPX,sheer,FPX,76
66541,LPL 2025 Split 2,2025-04-25,Team WE,FPX,Shad0w,FPX,767
66541,LPL 2025 Split 2,2025-04-25,Team WE,FPX,Care,FPX,49
66541,LPL 2025 Split 2,2025-04-25,Team WE,FPX,Assum,FPX,287
66541,LPL 2025 Split 2,2025-04-25,Team WE,FPX,Jwei,FPX,-770
66542,LPL 2025 Split 2,2025-04-25,Team WE,FPX,sheer,Team WE,551
66542,LPL 2025 Split 2,2025-04-25,Team WE,FPX,Shad0w,Team WE,-796
66542,LPL 2025 Split 2,2025-04-25,Team WE,FPX,Care,Team WE,-1221
66542,LPL 2025 Split 2,2025-04-25,Team WE,FPX,Assum,Team WE,-601
66542,LPL 2025 Split 2,2025-04-25,Team WE,FPX,Jwei,Team WE,836
66542,LPL 2025 Split 2,2025-04-25,Team WE,FPX,Cube,FPX,-551
66542,LPL 2025 Split 2,2025-04-25,Team WE,FPX,Monki,FPX,796
66542,LPL 2025 Split 2,2025-04-25,Team WE,FPX,Karis,FPX,1221
66542,LPL 2025 Split 2,2025-04-25,Team WE,FPX,Taeyoon,FPX,601
66542,LPL 2025 Split 2,2025-04-25,Team WE,FPX,Vampire,FPX,-836
66543,LPL 2025 Split 2,2025-04-25,Team WE,FPX,Cube,Team WE,306
66543,LPL 2025 Split 2,2025-04-25,Team WE,FPX,Monki,Team WE,1357
66543,LPL 2025 Split 2,2025-04-25,Team WE,FPX,Karis,Team WE,789
66543,LPL 2025 Split 2,2025-04-25,Team WE,FPX,Taeyoon,Team WE,343
66543,LPL 2025 Split 2,2025-04-25,Team WE,FPX,Vampire,Team WE,766
66543,LPL 2025 Split 2,2025-04-25,Team WE,FPX,sheer,FPX,-306
66543,LPL 2025 Split 2,2025-04-25,Team WE,FPX,Shad0w,FPX,-1357
66543,LPL 2025 Split 2,2025-04-25,Team WE,FPX,Care,FPX,-789
66543,LPL 2025 Split 2,2025-04-25,Team WE,FPX,Assum,FPX,-343
66543,LPL 2025 Split 2,2025-04-25,Team WE,FPX,Jwei,FPX,-766
66538,LPL 2025 Split 2,2025-04-24,AL,JD Gaming,Flandre,AL,116
66538,LPL 2025 Split 2,2025-04-24,AL,JD Gaming,Tarzan,AL,-463
66538,LPL 2025 Split 2,2025-04-24,AL,JD Gaming,Shanks,AL,-888
66538,LPL 2025 Split 2,2025-04-24,AL,JD Gaming,Hope,AL,-340
66538,LPL 2025 Split 2,2025-04-24,AL,JD Gaming,Kael,AL,164
66538,LPL 2025 Split 2,2025-04-24,AL,JD Gaming,Ale,JD Gaming,-116
66538,LPL 2025 Split 2,2025-04-24,AL,JD Gaming,XUN,JD Gaming,463
66538,LPL 2025 Split 2,2025-04-24,AL,JD Gaming,Scout,JD Gaming,888
66538,LPL 2025 Split 2,2025-04-24,AL,JD Gaming,Peyz,JD Gaming,340
66538,LPL 2025 Split 2,2025-04-24,AL,JD Gaming,Missing,JD Gaming,-164
66539,LPL 2025 Split 2,2025-04-24,AL,JD Gaming,Flandre,AL,102
66539,LPL 2025 Split 2,2025-04-24,AL,JD Gaming,Tarzan,AL,-916
66539,LPL 2025 Split 2,2025-04-24,AL,JD Gaming,Shanks,AL,375
66539,LPL 2025 Split 2,2025-04-24,AL,JD Gaming,Hope,AL,-1795
66539,LPL 2025 Split 2,2025-04-24,AL,JD Gaming,Kael,AL,-356
66539,LPL 2025 Split 2,2025-04-24,AL,JD Gaming,Ale,JD Gaming,-102
66539,LPL 2025 Split 2,2025-04-24,AL,JD Gaming,XUN,JD Gaming,916
66539,LPL 2025 Split 2,2025-04-24,AL,JD Gaming,Scout,JD Gaming,-375
66539,LPL 2025 Split 2,2025-04-24,AL,JD Gaming,Peyz,JD Gaming,1795
66539,LPL 2025 Split 2,2025-04-24,AL,JD Gaming,Missing,JD Gaming,356
66535,LPL 2025 Split 2,2025-04-24,WBG,Team WE,Breathe,WBG,228
66535,LPL 2025 Split 2,2025-04-24,WBG,Team WE,Tian,WBG,-306
66535,LPL 2025 Split 2,2025-04-24,WBG,Team WE,xiaohu,WBG,912
66535,LPL 2025 Split 2,2025-04-24,WBG,Team WE,Light,WBG,-277
66535,LPL 2025 Split 2,2025-04-24,WBG,Team WE,Erha,WBG,202
66535,LPL 2025 Split 2,2025-04-24,WBG,Team WE,Cube,Team WE,-228
66535,LPL 2025 Split 2,2025-04-24,WBG,Team WE,Monki,Team WE,306
66535,LPL 2025 Split 2,2025-04-24,WBG,Team WE,Karis,Team WE,-912
66535,LPL 2025 Split 2,2025-04-24,WBG,Team WE,Taeyoon,Team WE,277
66535,LPL 2025 Split 2,2025-04-24,WBG,Team WE,Vampire,Team WE,-202
66536,LPL 2025 Split 2,2025-04-24,WBG,Team WE,Breathe,WBG,392
66536,LPL 2025 Split 2,2025-04-24,WBG,Team WE,Tian,WBG,120
66536,LPL 2025 Split 2,2025-04-24,WBG,Team WE,xiaohu,WBG,-7
66536,LPL 2025 Split 2,2025-04-24,WBG,Team WE,Light,WBG,1079
66536,LPL 2025 Split 2,2025-04-24,WBG,Team WE,Erha,WBG,-218
66536,LPL 2025 Split 2,2025-04-24,WBG,Team WE,Cube,Team WE,-392
66536,LPL 2025 Split 2,2025-04-24,WBG,Team WE,Monki,Team WE,-120
66536,LPL 2025 Split 2,2025-04-24,WBG,Team WE,Karis,Team WE,7
66536,LPL 2025 Split 2,2025-04-24,WBG,Team WE,Taeyoon,Team WE,-1079
66536,LPL 2025 Split 2,2025-04-24,WBG,Team WE,Vampire,Team WE,218
66537,LPL 2025 Split 2,2025-04-24,WBG,Team WE,Cube,WBG,413
66537,LPL 2025 Split 2,2025-04-24,WBG,Team WE,Monki,WBG,469
66537,LPL 2025 Split 2,2025-04-24,WBG,Team WE,Karis,WBG,-47
66537,LPL 2025 Split 2,2025-04-24,WBG,Team WE,Taeyoon,WBG,-221
66537,LPL 2025 Split 2,2025-04-24,WBG,Team WE,Vampire,WBG,-53
66537,LPL 2025 Split 2,2025-04-24,WBG,Team WE,Breathe,Team WE,-413
66537,LPL 2025 Split 2,2025-04-24,WBG,Team WE,Tian,Team WE,-469
66537,LPL 2025 Split 2,2025-04-24,WBG,Team WE,xiaohu,Team WE,47
66537,LPL 2025 Split 2,2025-04-24,WBG,Team WE,Light,Team WE,221
66537,LPL 2025 Split 2,2025-04-24,WBG,Team WE,Erha,Team WE,53
66532,LPL 2025 Split 2,2025-04-23,NIP,Top Esports,369,NIP,939
66532,LPL 2025 Split 2,2025-04-23,NIP,Top Esports,Kanavi,NIP,1394
66532,LPL 2025 Split 2,2025-04-23,NIP,Top Esports,Creme,NIP,894
66532,LPL 2025 Split 2,2025-04-23,NIP,Top Esports,JackeyLove,NIP,484
66532,LPL 2025 Split 2,2025-04-23,NIP,Top Esports,Crisp,NIP,166
66532,LPL 2025 Split 2,2025-04-23,NIP,Top Esports,shanji,Top Esports,-939
66532,LPL 2025 Split 2,2025-04-23,NIP,Top Esports,AKi,Top Esports,-1394
66532,LPL 2025 Split 2,2025-04-23,NIP,Top Esports,Doinb,Top Esports,-894
66532,LPL 2025 Split 2,2025-04-23,NIP,Top Esports,Leave,Top Esports,-484
66532,LPL 2025 Split 2,2025-04-23,NIP,Top Esports,Ppgod,Top Esports,-166
66533,LPL 2025 Split 2,2025-04-23,NIP,Top Esports,shanji,NIP,-816
66533,LPL 2025 Split 2,2025-04-23,NIP,Top Esports,AKi,NIP,-865
66533,LPL 2025 Split 2,2025-04-23,NIP,Top Esports,Doinb,NIP,-43
66533,LPL 2025 Split 2,2025-04-23,NIP,Top Esports,Leave,NIP,1221
66533,LPL 2025 Split 2,2025-04-23,NIP,Top Esports,Ppgod,NIP,516
66533,LPL 2025 Split 2,2025-04-23,NIP,Top Esports,369,Top Esports,816
66533,LPL 2025 Split 2,2025-04-23,NIP,Top Esports,Kanavi,Top Esports,865
66533,LPL 2025 Split 2,2025-04-23,NIP,Top Esports,Creme,Top Esports,43
66533,LPL 2025 Split 2,2025-04-23,NIP,Top Esports,JackeyLove,Top Esports,-1221
66533,LPL 2025 Split 2,2025-04-23,NIP,Top Esports,Crisp,Top Esports,-516
66534,LPL 2025 Split 2,2025-04-23,NIP,Top Esports,369,NIP,706
66534,LPL 2025 Split 2,2025-04-23,NIP,Top Esports,Kanavi,NIP,1294
66534,LPL 2025 Split 2,2025-04-23,NIP,Top Esports,Creme,NIP,677
66534,LPL 2025 Split 2,2025-04-23,NIP,Top Esports,JackeyLove,NIP,433
66534,LPL 2025 Split 2,2025-04-23,NIP,Top Esports,Crisp,NIP,991
66534,LPL 2025 Split 2,2025-04-23,NIP,Top Esports,shanji,Top Esports,-706
66534,LPL 2025 Split 2,2025-04-23,NIP,Top Esports,AKi,Top Esports,-1294
66534,LPL 2025 Split 2,2025-04-23,NIP,Top Esports,Doinb,Top Esports,-677
66534,LPL 2025 Split 2,2025-04-23,NIP,Top Esports,Leave,Top Esports,-433
66534,LPL 2025 Split 2,2025-04-23,NIP,Top Esports,Ppgod,Top Esports,-991
66529,LPL 2025 Split 2,2025-04-23,OMG,LNG Esports,Hery,OMG,20
66529,LPL 2025 Split 2,2025-04-23,OMG,LNG Esports,Heng,OMG,-355
66529,LPL 2025 Split 2,2025-04-23,OMG,LNG Esports,charlotte,OMG,-375
66529,LPL 2025 Split 2,2025-04-23,OMG,LNG Esports,Starry,OMG,-925
66529,LPL 2025 Split 2,2025-04-23,OMG,LNG Esports,Moham,OMG,-119
66529,LPL 2025 Split 2,2025-04-23,OMG,LNG Esports,Zika,LNG Esports,-20
66529,LPL 2025 Split 2,2025-04-23,OMG,LNG Esports,xiaofang,LNG Esports,355
66529,LPL 2025 Split 2,2025-04-23,OMG,LNG Esports,Haichao,LNG Esports,375
66529,LPL 2025 Split 2,2025-04-23,OMG,LNG Esports,LP,LNG Esports,925
66529,LPL 2025 Split 2,2025-04-23,OMG,LNG Esports,Zhuo,LNG Esports,119
66530,LPL 2025 Split 2,2025-04-23,OMG,LNG Esports,Hery,OMG,37
66530,LPL 2025 Split 2,2025-04-23,OMG,LNG Esports,Heng,OMG,476
66530,LPL 2025 Split 2,2025-04-23,OMG,LNG Esports,charlotte,OMG,-854
66530,LPL 2025 Split 2,2025-04-23,OMG,LNG Esports,Starry,OMG,4
66530,LPL 2025 Split 2,2025-04-23,OMG,LNG Esports,Moham,OMG,203
66530,LPL 2025 Split 2,2025-04-23,OMG,LNG Esports,Zika,LNG Esports,-37
66530,LPL 2025 Split 2,2025-04-23,OMG,LNG Esports,xiaofang,LNG Esports,-476
66530,LPL 2025 Split 2,2025-04-23,OMG,LNG Esports,Haichao,LNG Esports,854
66530,LPL 2025 Split 2,2025-04-23,OMG,LNG Esports,LP,LNG Esports,-4
66530,LPL 2025 Split 2,2025-04-23,OMG,LNG Esports,Zhuo,LNG Esports,-203
66526,LPL 2025 Split 2,2025-04-22,TT,Team WE,Hoya,TT,-473
66526,LPL 2025 Split 2,2025-04-22,TT,Team WE,Beichuan,TT,-131
66526,LPL 2025 Split 2,2025-04-22,TT,Team WE,SeTab,TT,-336
66526,LPL 2025 Split 2,2025-04-22,TT,Team WE,1xn,TT,-641
66526,LPL 2025 Split 2,2025-04-22,TT,Team WE,Feather,TT,-198
66526,LPL 2025 Split 2,2025-04-22,TT,Team WE,Cube,Team WE,473
66526,LPL 2025 Split 2,2025-04-22,TT,Team WE,Monki,Team WE,131
66526,LPL 2025 Split 2,2025-04-22,TT,Team WE,Karis,Team WE,336
66526,LPL 2025 Split 2,2025-04-22,TT,Team WE,Taeyoon,Team WE,641
66526,LPL 2025 Split 2,2025-04-22,TT,Team WE,Vampire,Team WE,198
66527,LPL 2025 Split 2,2025-04-22,TT,Team WE,Hoya,TT,-24
66527,LPL 2025 Split 2,2025-04-22,TT,Team WE,Beichuan,TT,-754
66527,LPL 2025 Split 2,2025-04-22,TT,Team WE,SeTab,TT,-1427
66527,LPL 2025 Split 2,2025-04-22,TT,Team WE,1xn,TT,-405
66527,LPL 2025 Split 2,2025-04-22,TT,Team WE,Feather,TT,-511
66527,LPL 2025 Split 2,2025-04-22,TT,Team WE,Cube,Team WE,24
66527,LPL 2025 Split 2,2025-04-22,TT,Team WE,Monki,Team WE,754
66527,LPL 2025 Split 2,2025-04-22,TT,Team WE,Karis,Team WE,1427
66527,LPL 2025 Split 2,2025-04-22,TT,Team WE,Taeyoon,Team WE,405
66527,LPL 2025 Split 2,2025-04-22,TT,Team WE,Vampire,Team WE,511
66523,LPL 2025 Split 2,2025-04-22,LGD Gaming,RNG,Xiaoxu,LGD Gaming,-162
66523,LPL 2025 Split 2,2025-04-22,LGD Gaming,RNG,milkyway,LGD Gaming,-610
66523,LPL 2025 Split 2,2025-04-22,LGD Gaming,RNG,Tangyuan,LGD Gaming,865
66523,LPL 2025 Split 2,2025-04-22,LGD Gaming,RNG,JiaQi,LGD Gaming,-610
66523,LPL 2025 Split 2,2025-04-22,LGD Gaming,RNG,Niket,LGD Gaming,-143
66523,LPL 2025 Split 2,2025-04-22,LGD Gaming,RNG,sasi,RNG,162
66523,LPL 2025 Split 2,2025-04-22,LGD Gaming,RNG,naiyou,RNG,610
66523,LPL 2025 Split 2,2025-04-22,LGD Gaming,RNG,xqw,RNG,-865
66523,LPL 2025 Split 2,2025-04-22,LGD Gaming,RNG,Shaoye,RNG,610
66523,LPL 2025 Split 2,2025-04-22,LGD Gaming,RNG,Ycx,RNG,143
66524,LPL 2025 Split 2,2025-04-22,LGD Gaming,RNG,Xiaoxu,LGD Gaming,289
66524,LPL 2025 Split 2,2025-04-22,LGD Gaming,RNG,milkyway,LGD Gaming,-1392
66524,LPL 2025 Split 2,2025-04-22,LGD Gaming,RNG,Tangyuan,LGD Gaming,16
66524,LPL 2025 Split 2,2025-04-22,LGD Gaming,RNG,JiaQi,LGD Gaming,1664
66524,LPL 2025 Split 2,2025-04-22,LGD Gaming,RNG,Niket,LGD Gaming,503
66524,LPL 2025 Split 2,2025-04-22,LGD Gaming,RNG,sasi,RNG,-289
66524,LPL 2025 Split 2,2025-04-22,LGD Gaming,RNG,naiyou,RNG,1392
66524,LPL 2025 Split 2,2025-04-22,LGD Gaming,RNG,xqw,RNG,-16
66524,LPL 2025 Split 2,2025-04-22,LGD Gaming,RNG,Shaoye,RNG,-1664
66524,LPL 2025 Split 2,2025-04-22,LGD Gaming,RNG,Ycx,RNG,-503
66520,LPL 2025 Split 2,2025-04-21,Team WE,IG,Cube,Team WE,-1611
66520,LPL 2025 Split 2,2025-04-21,Team WE,IG,Monki,Team WE,-440
66520,LPL 2025 Split 2,2025-04-21,Team WE,IG,Karis,Team WE,1860
66520,LPL 2025 Split 2,2025-04-21,Team WE,IG,Taeyoon,Team WE,-75
66520,LPL 2025 Split 2,2025-04-21,Team WE,IG,Vampire,Team WE,214
66520,LPL 2025 Split 2,2025-04-21,Team WE,IG,TheShy,IG,1611
66520,LPL 2025 Split 2,2025-04-21,Team WE,IG,Jiejie,IG,440
66520,LPL 2025 Split 2,2025-04-21,Team WE,IG,RooKie,IG,-1860
66520,LPL 2025 Split 2,2025-04-21,Team WE,IG,GALA,IG,75
66520,LPL 2025 Split 2,2025-04-21,Team WE,IG,meiko,IG,-214
66521,LPL 2025 Split 2,2025-04-21,Team WE,IG,TheShy,Team WE,646
66521,LPL 2025 Split 2,2025-04-21,Team WE,IG,Jiejie,Team WE,912
66521,LPL 2025 Split 2,2025-04-21,Team WE,IG,RooKie,Team WE,324
66521,LPL 2025 Split 2,2025-04-21,Team WE,IG,GALA,Team WE,7
66521,LPL 2025 Split 2,2025-04-21,Team WE,IG,meiko,Team WE,-185
66521,LPL 2025 Split 2,2025-04-21,Team WE,IG,Cube,IG,-646
66521,LPL 2025 Split 2,2025-04-21,Team WE,IG,Monki,IG,-912
66521,LPL 2025 Split 2,2025-04-21,Team WE,IG,Karis,IG,-324
66521,LPL 2025 Split 2,2025-04-21,Team WE,IG,Taeyoon,IG,-7
66521,LPL 2025 Split 2,2025-04-21,Team WE,IG,Vampire,IG,185
66517,LPL 2025 Split 2,2025-04-21,JD Gaming,WBG,Ale,JD Gaming,-635
66517,LPL 2025 Split 2,2025-04-21,JD Gaming,WBG,XUN,JD Gaming,252
66517,LPL 2025 Split 2,2025-04-21,JD Gaming,WBG,Scout,JD Gaming,1019
66517,LPL 2025 Split 2,2025-04-21,JD Gaming,WBG,Peyz,JD Gaming,-61
66517,LPL 2025 Split 2,2025-04-21,JD Gaming,WBG,Missing,JD Gaming,199
66517,LPL 2025 Split 2,2025-04-21,JD Gaming,WBG,Breathe,WBG,635
66517,LPL 2025 Split 2,2025-04-21,JD Gaming,WBG,Tian,WBG,-252
66517,LPL 2025 Split 2,2025-04-21,JD Gaming,WBG,xiaohu,WBG,-1019
66517,LPL 2025 Split 2,2025-04-21,JD Gaming,WBG,Light,WBG,61
66517,LPL 2025 Split 2,2025-04-21,JD Gaming,WBG,Erha,WBG,-199
66518,LPL 2025 Split 2,2025-04-21,JD Gaming,WBG,Ale,JD Gaming,-60
66518,LPL 2025 Split 2,2025-04-21,JD Gaming,WBG,XUN,JD Gaming,-143
66518,LPL 2025 Split 2,2025-04-21,JD Gaming,WBG,Scout,JD Gaming,-656
66518,LPL 2025 Split 2,2025-04-21,JD Gaming,WBG,Peyz,JD Gaming,-886
66518,LPL 2025 Split 2,2025-04-21,JD Gaming,WBG,Missing,JD Gaming,-273
66518,LPL 2025 Split 2,2025-04-21,JD Gaming,WBG,Breathe,WBG,60
66518,LPL 2025 Split 2,2025-04-21,JD Gaming,WBG,Tian,WBG,143
66518,LPL 2025 Split 2,2025-04-21,JD Gaming,WBG,xiaohu,WBG,656
66518,LPL 2025 Split 2,2025-04-21,JD Gaming,WBG,Light,WBG,886
66518,LPL 2025 Split 2,2025-04-21,JD Gaming,WBG,Erha,WBG,273
66519,LPL 2025 Split 2,2025-04-21,JD Gaming,WBG,Breathe,JD Gaming,827
66519,LPL 2025 Split 2,2025-04-21,JD Gaming,WBG,Tian,JD Gaming,102
66519,LPL 2025 Split 2,2025-04-21,JD Gaming,WBG,xiaohu,JD Gaming,-385
66519,LPL 2025 Split 2,2025-04-21,JD Gaming,WBG,Light,JD Gaming,953
66519,LPL 2025 Split 2,2025-04-21,JD Gaming,WBG,Erha,JD Gaming,362
66519,LPL 2025 Split 2,2025-04-21,JD Gaming,WBG,Ale,WBG,-827
66519,LPL 2025 Split 2,2025-04-21,JD Gaming,WBG,XUN,WBG,-102
66519,LPL 2025 Split 2,2025-04-21,JD Gaming,WBG,Scout,WBG,385
66519,LPL 2025 Split 2,2025-04-21,JD Gaming,WBG,Peyz,WBG,-953
66519,LPL 2025 Split 2,2025-04-21,JD Gaming,WBG,Missing,WBG,-362
66066,LPL 2025 Split 2,2025-04-20,FPX,NIP,sheer,FPX,659
66066,LPL 2025 Split 2,2025-04-20,FPX,NIP,Shad0w,FPX,386
66066,LPL 2025 Split 2,2025-04-20,FPX,NIP,Care,FPX,-605
66066,LPL 2025 Split 2,2025-04-20,FPX,NIP,Assum,FPX,-527
66066,LPL 2025 Split 2,2025-04-20,FPX,NIP,Jwei,FPX,4
66066,LPL 2025 Split 2,2025-04-20,FPX,NIP,shanji,NIP,-659
66066,LPL 2025 Split 2,2025-04-20,FPX,NIP,AKi,NIP,-386
66066,LPL 2025 Split 2,2025-04-20,FPX,NIP,Doinb,NIP,605
66066,LPL 2025 Split 2,2025-04-20,FPX,NIP,Leave,NIP,527
66066,LPL 2025 Split 2,2025-04-20,FPX,NIP,Ppgod,NIP,-4
66067,LPL 2025 Split 2,2025-04-20,FPX,NIP,shanji,FPX,-14
66067,LPL 2025 Split 2,2025-04-20,FPX,NIP,AKi,FPX,-550
66067,LPL 2025 Split 2,2025-04-20,FPX,NIP,Doinb,FPX,-26
66067,LPL 2025 Split 2,2025-04-20,FPX,NIP,Leave,FPX,-1452
66067,LPL 2025 Split 2,2025-04-20,FPX,NIP,Ppgod,FPX,-648
66067,LPL 2025 Split 2,2025-04-20,FPX,NIP,sheer,NIP,14
66067,LPL 2025 Split 2,2025-04-20,FPX,NIP,Shad0w,NIP,550
66067,LPL 2025 Split 2,2025-04-20,FPX,NIP,Care,NIP,26
66067,LPL 2025 Split 2,2025-04-20,FPX,NIP,Assum,NIP,1452
66067,LPL 2025 Split 2,2025-04-20,FPX,NIP,Jwei,NIP,648
66063,LPL 2025 Split 2,2025-04-20,BLG,Top Esports,Bin,BLG,846
66063,LPL 2025 Split 2,2025-04-20,BLG,Top Esports,Wei,BLG,707
66063,LPL 2025 Split 2,2025-04-20,BLG,Top Esports,Knight,BLG,758
66063,LPL 2025 Split 2,2025-04-20,BLG,Top Esports,Elk,BLG,-252
66063,LPL 2025 Split 2,2025-04-20,BLG,Top Esports,ON,BLG,846
66063,LPL 2025 Split 2,2025-04-20,BLG,Top Esports,369,Top Esports,-846
66063,LPL 2025 Split 2,2025-04-20,BLG,Top Esports,Kanavi,Top Esports,-707
66063,LPL 2025 Split 2,2025-04-20,BLG,Top Esports,Creme,Top Esports,-758
66063,LPL 2025 Split 2,2025-04-20,BLG,Top Esports,JackeyLove,Top Esports,252
66063,LPL 2025 Split 2,2025-04-20,BLG,Top Esports,Crisp,Top Esports,-846
66064,LPL 2025 Split 2,2025-04-20,BLG,Top Esports,369,BLG,-388
66064,LPL 2025 Split 2,2025-04-20,BLG,Top Esports,Kanavi,BLG,665
66064,LPL 2025 Split 2,2025-04-20,BLG,Top Esports,Creme,BLG,-674
66064,LPL 2025 Split 2,2025-04-20,BLG,Top Esports,JackeyLove,BLG,221
66064,LPL 2025 Split 2,2025-04-20,BLG,Top Esports,Crisp,BLG,-15
66064,LPL 2025 Split 2,2025-04-20,BLG,Top Esports,Bin,Top Esports,388
66064,LPL 2025 Split 2,2025-04-20,BLG,Top Esports,Wei,Top Esports,-665
66064,LPL 2025 Split 2,2025-04-20,BLG,Top Esports,Knight,Top Esports,674
66064,LPL 2025 Split 2,2025-04-20,BLG,Top Esports,Elk,Top Esports,-221
66064,LPL 2025 Split 2,2025-04-20,BLG,Top Esports,ON,Top Esports,15
66065,LPL 2025 Split 2,2025-04-20,BLG,Top Esports,Bin,BLG,-621
66065,LPL 2025 Split 2,2025-04-20,BLG,Top Esports,Wei,BLG,-209
66065,LPL 2025 Split 2,2025-04-20,BLG,Top Esports,Knight,BLG,106
66065,LPL 2025 Split 2,2025-04-20,BLG,Top Esports,Elk,BLG,-90
66065,LPL 2025 Split 2,2025-04-20,BLG,Top Esports,ON,BLG,-505
66065,LPL 2025 Split 2,2025-04-20,BLG,Top Esports,369,Top Esports,621
66065,LPL 2025 Split 2,2025-04-20,BLG,Top Esports,Kanavi,Top Esports,209
66065,LPL 2025 Split 2,2025-04-20,BLG,Top Esports,Creme,Top Esports,-106
66065,LPL 2025 Split 2,2025-04-20,BLG,Top Esports,JackeyLove,Top Esports,90
66065,LPL 2025 Split 2,2025-04-20,BLG,Top Esports,Crisp,Top Esports,505
66060,LPL 2025 Split 2,2025-04-20,LNG Esports,Ultra Prime,Zika,LNG Esports,1244
66060,LPL 2025 Split 2,2025-04-20,LNG Esports,Ultra Prime,xiaofang,LNG Esports,1730
66060,LPL 2025 Split 2,2025-04-20,LNG Esports,Ultra Prime,Haichao,LNG Esports,1380
66060,LPL 2025 Split 2,2025-04-20,LNG Esports,Ultra Prime,LP,LNG Esports,567
66060,LPL 2025 Split 2,2025-04-20,LNG Esports,Ultra Prime,Zhuo,LNG Esports,208
66060,LPL 2025 Split 2,2025-04-20,LNG Esports,Ultra Prime,1Jiang,Ultra Prime,-1244
66060,LPL 2025 Split 2,2025-04-20,LNG Esports,Ultra Prime,Junhao,Ultra Prime,-1730
66060,LPL 2025 Split 2,2025-04-20,LNG Esports,Ultra Prime,Saber,Ultra Prime,-1380
66060,LPL 2025 Split 2,2025-04-20,LNG Esports,Ultra Prime,Wako,Ultra Prime,-567
66060,LPL 2025 Split 2,2025-04-20,LNG Esports,Ultra Prime,Xiaoxia,Ultra Prime,-208
66061,LPL 2025 Split 2,2025-04-20,LNG Esports,Ultra Prime,1Jiang,LNG Esports,-1314
66061,LPL 2025 Split 2,2025-04-20,LNG Esports,Ultra Prime,Junhao,LNG Esports,164
66061,LPL 2025 Split 2,2025-04-20,LNG Esports,Ultra Prime,Saber,LNG Esports,-897
66061,LPL 2025 Split 2,2025-04-20,LNG Esports,Ultra Prime,Wako,LNG Esports,-118
66061,LPL 2025 Split 2,2025-04-20,LNG Esports,Ultra Prime,Xiaoxia,LNG Esports,-20
66061,LPL 2025 Split 2,2025-04-20,LNG Esports,Ultra Prime,Zika,Ultra Prime,1314
66061,LPL 2025 Split 2,2025-04-20,LNG Esports,Ultra Prime,xiaofang,Ultra Prime,-164
66061,LPL 2025 Split 2,2025-04-20,LNG Esports,Ultra Prime,Haichao,Ultra Prime,897
66061,LPL 2025 Split 2,2025-04-20,LNG Esports,Ultra Prime,LP,Ultra Prime,118
66061,LPL 2025 Split 2,2025-04-20,LNG Esports,Ultra Prime,Zhuo,Ultra Prime,20
66057,LPL 2025 Split 2,2025-04-19,Team WE,AL,Flandre,Team WE,596
66057,LPL 2025 Split 2,2025-04-19,Team WE,AL,Tarzan,Team WE,362
66057,LPL 2025 Split 2,2025-04-19,Team WE,AL,Shanks,Team WE,277
66057,LPL 2025 Split 2,2025-04-19,Team WE,AL,Hope,Team WE,373
66057,LPL 2025 Split 2,2025-04-19,Team WE,AL,Kael,Team WE,622
66057,LPL 2025 Split 2,2025-04-19,Team WE,AL,Cube,AL,-596
66057,LPL 2025 Split 2,2025-04-19,Team WE,AL,Monki,AL,-362
66057,LPL 2025 Split 2,2025-04-19,Team WE,AL,Karis,AL,-277
66057,LPL 2025 Split 2,2025-04-19,Team WE,AL,Taeyoon,AL,-373
66057,LPL 2025 Split 2,2025-04-19,Team WE,AL,Vampire,AL,-622
66058,LPL 2025 Split 2,2025-04-19,Team WE,AL,Cube,Team WE,-161
66058,LPL 2025 Split 2,2025-04-19,Team WE,AL,Monki,Team WE,-1
66058,LPL 2025 Split 2,2025-04-19,Team WE,AL,Karis,Team WE,-187
66058,LPL 2025 Split 2,2025-04-19,Team WE,AL,Taeyoon,Team WE,-106
66058,LPL 2025 Split 2,2025-04-19,Team WE,AL,Vampire,Team WE,-8
66058,LPL 2025 Split 2,2025-04-19,Team WE,AL,Flandre,AL,161
66058,LPL 2025 Split 2,2025-04-19,Team WE,AL,Tarzan,AL,1
66058,LPL 2025 Split 2,2025-04-19,Team WE,AL,Shanks,AL,187
66058,LPL 2025 Split 2,2025-04-19,Team WE,AL,Hope,AL,106
66058,LPL 2025 Split 2,2025-04-19,Team WE,AL,Kael,AL,8
66059,LPL 2025 Split 2,2025-04-19,Team WE,AL,Flandre,Team WE,-157
66059,LPL 2025 Split 2,2025-04-19,Team WE,AL,Tarzan,Team WE,1042
66059,LPL 2025 Split 2,2025-04-19,Team WE,AL,Shanks,Team WE,908
66059,LPL 2025 Split 2,2025-04-19,Team WE,AL,Hope,Team WE,964
66059,LPL 2025 Split 2,2025-04-19,Team WE,AL,Kael,Team WE,236
66059,LPL 2025 Split 2,2025-04-19,Team WE,AL,Cube,AL,157
66059,LPL 2025 Split 2,2025-04-19,Team WE,AL,Monki,AL,-1042
66059,LPL 2025 Split 2,2025-04-19,Team WE,AL,Karis,AL,-908
66059,LPL 2025 Split 2,2025-04-19,Team WE,AL,Taeyoon,AL,-964
66059,LPL 2025 Split 2,2025-04-19,Team WE,AL,Vampire,AL,-236
66054,LPL 2025 Split 2,2025-04-19,OMG,EDG,Zdz,OMG,560
66054,LPL 2025 Split 2,2025-04-19,OMG,EDG,Xiaohao,OMG,1187
66054,LPL 2025 Split 2,2025-04-19,OMG,EDG,Angel,OMG,892
66054,LPL 2025 Split 2,2025-04-19,OMG,EDG,Ahn,OMG,338
66054,LPL 2025 Split 2,2025-04-19,OMG,EDG,Wink,OMG,-47
66054,LPL 2025 Split 2,2025-04-19,OMG,EDG,Hery,EDG,-560
66054,LPL 2025 Split 2,2025-04-19,OMG,EDG,Heng,EDG,-1187
66054,LPL 2025 Split 2,2025-04-19,OMG,EDG,charlotte,EDG,-892
66054,LPL 2025 Split 2,2025-04-19,OMG,EDG,Starry,EDG,-338
66054,LPL 2025 Split 2,2025-04-19,OMG,EDG,Moham,EDG,47
66055,LPL 2025 Split 2,2025-04-19,OMG,EDG,Hery,OMG,-275
66055,LPL 2025 Split 2,2025-04-19,OMG,EDG,Heng,OMG,-905
66055,LPL 2025 Split 2,2025-04-19,OMG,EDG,charlotte,OMG,-897
66055,LPL 2025 Split 2,2025-04-19,OMG,EDG,Starry,OMG,-1408
66055,LPL 2025 Split 2,2025-04-19,OMG,EDG,Moham,OMG,-18
66055,LPL 2025 Split 2,2025-04-19,OMG,EDG,Zdz,EDG,275
66055,LPL 2025 Split 2,2025-04-19,OMG,EDG,Xiaohao,EDG,905
66055,LPL 2025 Split 2,2025-04-19,OMG,EDG,Angel,EDG,897
66055,LPL 2025 Split 2,2025-04-19,OMG,EDG,Ahn,EDG,1408
66055,LPL 2025 Split 2,2025-04-19,OMG,EDG,Wink,EDG,18
66051,LPL 2025 Split 2,2025-04-18,IG,JD Gaming,TheShy,IG,470
66051,LPL 2025 Split 2,2025-04-18,IG,JD Gaming,Jiejie,IG,1062
66051,LPL 2025 Split 2,2025-04-18,IG,JD Gaming,RooKie,IG,-49
66051,LPL 2025 Split 2,2025-04-18,IG,JD Gaming,GALA,IG,-137
66051,LPL 2025 Split 2,2025-04-18,IG,JD Gaming,meiko,IG,709
66051,LPL 2025 Split 2,2025-04-18,IG,JD Gaming,Ale,JD Gaming,-470
66051,LPL 2025 Split 2,2025-04-18,IG,JD Gaming,XUN,JD Gaming,-1062
66051,LPL 2025 Split 2,2025-04-18,IG,JD Gaming,Scout,JD Gaming,49
66051,LPL 2025 Split 2,2025-04-18,IG,JD Gaming,Peyz,JD Gaming,137
66051,LPL 2025 Split 2,2025-04-18,IG,JD Gaming,Missing,JD Gaming,-709
66052,LPL 2025 Split 2,2025-04-18,IG,JD Gaming,Ale,IG,205
66052,LPL 2025 Split 2,2025-04-18,IG,JD Gaming,XUN,IG,699
66052,LPL 2025 Split 2,2025-04-18,IG,JD Gaming,Scout,IG,-78
66052,LPL 2025 Split 2,2025-04-18,IG,JD Gaming,Peyz,IG,1122
66052,LPL 2025 Split 2,2025-04-18,IG,JD Gaming,Missing,IG,991
66052,LPL 2025 Split 2,2025-04-18,IG,JD Gaming,TheShy,JD Gaming,-205
66052,LPL 2025 Split 2,2025-04-18,IG,JD Gaming,Jiejie,JD Gaming,-699
66052,LPL 2025 Split 2,2025-04-18,IG,JD Gaming,RooKie,JD Gaming,78
66052,LPL 2025 Split 2,2025-04-18,IG,JD Gaming,GALA,JD Gaming,-1122
66052,LPL 2025 Split 2,2025-04-18,IG,JD Gaming,meiko,JD Gaming,-991
66053,LPL 2025 Split 2,2025-04-18,IG,JD Gaming,TheShy,IG,-440
66053,LPL 2025 Split 2,2025-04-18,IG,JD Gaming,Jiejie,IG,117
66053,LPL 2025 Split 2,2025-04-18,IG,JD Gaming,RooKie,IG,172
66053,LPL 2025 Split 2,2025-04-18,IG,JD Gaming,GALA,IG,-91
66053,LPL 2025 Split 2,2025-04-18,IG,JD Gaming,meiko,IG,-273
66053,LPL 2025 Split 2,2025-04-18,IG,JD Gaming,Ale,JD Gaming,440
66053,LPL 2025 Split 2,2025-04-18,IG,JD Gaming,XUN,JD Gaming,-117
66053,LPL 2025 Split 2,2025-04-18,IG,JD Gaming,Scout,JD Gaming,-172
66053,LPL 2025 Split 2,2025-04-18,IG,JD Gaming,Peyz,JD Gaming,91
66053,LPL 2025 Split 2,2025-04-18,IG,JD Gaming,Missing,JD Gaming,273
66048,LPL 2025 Split 2,2025-04-18,TT,NIP,Hoya,TT,698
66048,LPL 2025 Split 2,2025-04-18,TT,NIP,Beichuan,TT,1050
66048,LPL 2025 Split 2,2025-04-18,TT,NIP,SeTab,TT,-485
66048,LPL 2025 Split 2,2025-04-18,TT,NIP,1xn,TT,-1006
66048,LPL 2025 Split 2,2025-04-18,TT,NIP,Feather,TT,-531
66048,LPL 2025 Split 2,2025-04-18,TT,NIP,shanji,NIP,-698
66048,LPL 2025 Split 2,2025-04-18,TT,NIP,AKi,NIP,-1050
66048,LPL 2025 Split 2,2025-04-18,TT,NIP,Doinb,NIP,485
66048,LPL 2025 Split 2,2025-04-18,TT,NIP,Leave,NIP,1006
66048,LPL 2025 Split 2,2025-04-18,TT,NIP,Ppgod,NIP,531
66049,LPL 2025 Split 2,2025-04-18,TT,NIP,Hoya,TT,248
66049,LPL 2025 Split 2,2025-04-18,TT,NIP,Beichuan,TT,812
66049,LPL 2025 Split 2,2025-04-18,TT,NIP,SeTab,TT,1332
66049,LPL 2025 Split 2,2025-04-18,TT,NIP,1xn,TT,223
66049,LPL 2025 Split 2,2025-04-18,TT,NIP,Feather,TT,333
66049,LPL 2025 Split 2,2025-04-18,TT,NIP,shanji,NIP,-248
66049,LPL 2025 Split 2,2025-04-18,TT,NIP,AKi,NIP,-812
66049,LPL 2025 Split 2,2025-04-18,TT,NIP,Doinb,NIP,-1332
66049,LPL 2025 Split 2,2025-04-18,TT,NIP,Leave,NIP,-223
66049,LPL 2025 Split 2,2025-04-18,TT,NIP,Ppgod,NIP,-333
66050,LPL 2025 Split 2,2025-04-18,TT,NIP,shanji,TT,880
66050,LPL 2025 Split 2,2025-04-18,TT,NIP,AKi,TT,-422
66050,LPL 2025 Split 2,2025-04-18,TT,NIP,Doinb,TT,-665
66050,LPL 2025 Split 2,2025-04-18,TT,NIP,Leave,TT,-685
66050,LPL 2025 Split 2,2025-04-18,TT,NIP,Ppgod,TT,-928
66050,LPL 2025 Split 2,2025-04-18,TT,NIP,Hoya,NIP,-880
66050,LPL 2025 Split 2,2025-04-18,TT,NIP,Beichuan,NIP,422
66050,LPL 2025 Split 2,2025-04-18,TT,NIP,SeTab,NIP,665
66050,LPL 2025 Split 2,2025-04-18,TT,NIP,1xn,NIP,685
66050,LPL 2025 Split 2,2025-04-18,TT,NIP,Feather,NIP,928
66045,LPL 2025 Split 2,2025-04-17,WBG,NIP,Breathe,WBG,-119
66045,LPL 2025 Split 2,2025-04-17,WBG,NIP,Tian,WBG,-158
66045,LPL 2025 Split 2,2025-04-17,WBG,NIP,xiaohu,WBG,-134
66045,LPL 2025 Split 2,2025-04-17,WBG,NIP,Light,WBG,444
66045,LPL 2025 Split 2,2025-04-17,WBG,NIP,Erha,WBG,-455
66045,LPL 2025 Split 2,2025-04-17,WBG,NIP,shanji,NIP,119
66045,LPL 2025 Split 2,2025-04-17,WBG,NIP,AKi,NIP,158
66045,LPL 2025 Split 2,2025-04-17,WBG,NIP,Doinb,NIP,134
66045,LPL 2025 Split 2,2025-04-17,WBG,NIP,Leave,NIP,-444
66045,LPL 2025 Split 2,2025-04-17,WBG,NIP,Ppgod,NIP,455
66046,LPL 2025 Split 2,2025-04-17,WBG,NIP,shanji,WBG,-96
66046,LPL 2025 Split 2,2025-04-17,WBG,NIP,AKi,WBG,112
66046,LPL 2025 Split 2,2025-04-17,WBG,NIP,Doinb,WBG,-212
66046,LPL 2025 Split 2,2025-04-17,WBG,NIP,Leave,WBG,496
66046,LPL 2025 Split 2,2025-04-17,WBG,NIP,Ppgod,WBG,533
66046,LPL 2025 Split 2,2025-04-17,WBG,NIP,Breathe,NIP,96
66046,LPL 2025 Split 2,2025-04-17,WBG,NIP,Tian,NIP,-112
66046,LPL 2025 Split 2,2025-04-17,WBG,NIP,xiaohu,NIP,212
66046,LPL 2025 Split 2,2025-04-17,WBG,NIP,Light,NIP,-496
66046,LPL 2025 Split 2,2025-04-17,WBG,NIP,Erha,NIP,-533
66047,LPL 2025 Split 2,2025-04-17,WBG,NIP,Breathe,WBG,290
66047,LPL 2025 Split 2,2025-04-17,WBG,NIP,Tian,WBG,221
66047,LPL 2025 Split 2,2025-04-17,WBG,NIP,xiaohu,WBG,351
66047,LPL 2025 Split 2,2025-04-17,WBG,NIP,Light,WBG,-177
66047,LPL 2025 Split 2,2025-04-17,WBG,NIP,Erha,WBG,81
66047,LPL 2025 Split 2,2025-04-17,WBG,NIP,shanji,NIP,-290
66047,LPL 2025 Split 2,2025-04-17,WBG,NIP,AKi,NIP,-221
66047,LPL 2025 Split 2,2025-04-17,WBG,NIP,Doinb,NIP,-351
66047,LPL 2025 Split 2,2025-04-17,WBG,NIP,Leave,NIP,177
66047,LPL 2025 Split 2,2025-04-17,WBG,NIP,Ppgod,NIP,-81
66042,LPL 2025 Split 2,2025-04-17,BLG,Team WE,Cube,BLG,127
66042,LPL 2025 Split 2,2025-04-17,BLG,Team WE,Monki,BLG,354
66042,LPL 2025 Split 2,2025-04-17,BLG,Team WE,Karis,BLG,50
66042,LPL 2025 Split 2,2025-04-17,BLG,Team WE,Taeyoon,BLG,-1051
66042,LPL 2025 Split 2,2025-04-17,BLG,Team WE,Vampire,BLG,171
66042,LPL 2025 Split 2,2025-04-17,BLG,Team WE,Bin,Team WE,-127
66042,LPL 2025 Split 2,2025-04-17,BLG,Team WE,Wei,Team WE,-354
66042,LPL 2025 Split 2,2025-04-17,BLG,Team WE,Knight,Team WE,-50
66042,LPL 2025 Split 2,2025-04-17,BLG,Team WE,Elk,Team WE,1051
66042,LPL 2025 Split 2,2025-04-17,BLG,Team WE,ON,Team WE,-171
66043,LPL 2025 Split 2,2025-04-17,BLG,Team WE,Bin,BLG,93
66043,LPL 2025 Split 2,2025-04-17,BLG,Team WE,Wei,BLG,-1152
66043,LPL 2025 Split 2,2025-04-17,BLG,Team WE,Knight,BLG,620
66043,LPL 2025 Split 2,2025-04-17,BLG,Team WE,Elk,BLG,-469
66043,LPL 2025 Split 2,2025-04-17,BLG,Team WE,ON,BLG,-262
66043,LPL 2025 Split 2,2025-04-17,BLG,Team WE,Cube,Team WE,-93
66043,LPL 2025 Split 2,2025-04-17,BLG,Team WE,Monki,Team WE,1152
66043,LPL 2025 Split 2,2025-04-17,BLG,Team WE,Karis,Team WE,-620
66043,LPL 2025 Split 2,2025-04-17,BLG,Team WE,Taeyoon,Team WE,469
66043,LPL 2025 Split 2,2025-04-17,BLG,Team WE,Vampire,Team WE,262
66044,LPL 2025 Split 2,2025-04-17,BLG,Team WE,Bin,BLG,-130
66044,LPL 2025 Split 2,2025-04-17,BLG,Team WE,Wei,BLG,1316
66044,LPL 2025 Split 2,2025-04-17,BLG,Team WE,Knight,BLG,595
66044,LPL 2025 Split 2,2025-04-17,BLG,Team WE,Elk,BLG,352
66044,LPL 2025 Split 2,2025-04-17,BLG,Team WE,ON,BLG,-539
66044,LPL 2025 Split 2,2025-04-17,BLG,Team WE,Cube,Team WE,130
66044,LPL 2025 Split 2,2025-04-17,BLG,Team WE,Monki,Team WE,-1316
66044,LPL 2025 Split 2,2025-04-17,BLG,Team WE,Karis,Team WE,-595
66044,LPL 2025 Split 2,2025-04-17,BLG,Team WE,Taeyoon,Team WE,-352
66044,LPL 2025 Split 2,2025-04-17,BLG,Team WE,Vampire,Team WE,539
66039,LPL 2025 Split 2,2025-04-16,Team WE,Top Esports,369,Team WE,-252
66039,LPL 2025 Split 2,2025-04-16,Team WE,Top Esports,Kanavi,Team WE,-100
66039,LPL 2025 Split 2,2025-04-16,Team WE,Top Esports,Creme,Team WE,606
66039,LPL 2025 Split 2,2025-04-16,Team WE,Top Esports,JackeyLove,Team WE,-310
66039,LPL 2025 Split 2,2025-04-16,Team WE,Top Esports,Crisp,Team WE,-426
66039,LPL 2025 Split 2,2025-04-16,Team WE,Top Esports,Cube,Top Esports,252
66039,LPL 2025 Split 2,2025-04-16,Team WE,Top Esports,Monki,Top Esports,100
66039,LPL 2025 Split 2,2025-04-16,Team WE,Top Esports,Karis,Top Esports,-606
66039,LPL 2025 Split 2,2025-04-16,Team WE,Top Esports,Taeyoon,Top Esports,310
66039,LPL 2025 Split 2,2025-04-16,Team WE,Top Esports,Vampire,Top Esports,426
66040,LPL 2025 Split 2,2025-04-16,Team WE,Top Esports,369,Team WE,332
66040,LPL 2025 Split 2,2025-04-16,Team WE,Top Esports,Kanavi,Team WE,-24
66040,LPL 2025 Split 2,2025-04-16,Team WE,Top Esports,Creme,Team WE,766
66040,LPL 2025 Split 2,2025-04-16,Team WE,Top Esports,JackeyLove,Team WE,-176
66040,LPL 2025 Split 2,2025-04-16,Team WE,Top Esports,Crisp,Team WE,-639
66040,LPL 2025 Split 2,2025-04-16,Team WE,Top Esports,Cube,Top Esports,-332
66040,LPL 2025 Split 2,2025-04-16,Team WE,Top Esports,Monki,Top Esports,24
66040,LPL 2025 Split 2,2025-04-16,Team WE,Top Esports,Karis,Top Esports,-766
66040,LPL 2025 Split 2,2025-04-16,Team WE,Top Esports,Taeyoon,Top Esports,176
66040,LPL 2025 Split 2,2025-04-16,Team WE,Top Esports,Vampire,Top Esports,639
66041,LPL 2025 Split 2,2025-04-16,Team WE,Top Esports,Cube,Team WE,917
66041,LPL 2025 Split 2,2025-04-16,Team WE,Top Esports,Monki,Team WE,237
66041,LPL 2025 Split 2,2025-04-16,Team WE,Top Esports,Karis,Team WE,-613
66041,LPL 2025 Split 2,2025-04-16,Team WE,Top Esports,Taeyoon,Team WE,-813
66041,LPL 2025 Split 2,2025-04-16,Team WE,Top Esports,Vampire,Team WE,296
66041,LPL 2025 Split 2,2025-04-16,Team WE,Top Esports,369,Top Esports,-917
66041,LPL 2025 Split 2,2025-04-16,Team WE,Top Esports,Kanavi,Top Esports,-237
66041,LPL 2025 Split 2,2025-04-16,Team WE,Top Esports,Creme,Top Esports,613
66041,LPL 2025 Split 2,2025-04-16,Team WE,Top Esports,JackeyLove,Top Esports,813
66041,LPL 2025 Split 2,2025-04-16,Team WE,Top Esports,Crisp,Top Esports,-296
66036,LPL 2025 Split 2,2025-04-16,LGD Gaming,LNG Esports,sasi,LGD Gaming,-790
66036,LPL 2025 Split 2,2025-04-16,LGD Gaming,LNG Esports,naiyou,LGD Gaming,-562
66036,LPL 2025 Split 2,2025-04-16,LGD Gaming,LNG Esports,xqw,LGD Gaming,-221
66036,LPL 2025 Split 2,2025-04-16,LGD Gaming,LNG Esports,Shaoye,LGD Gaming,563
66036,LPL 2025 Split 2,2025-04-16,LGD Gaming,LNG Esports,Ycx,LGD Gaming,-54
66036,LPL 2025 Split 2,2025-04-16,LGD Gaming,LNG Esports,Zika,LNG Esports,790
66036,LPL 2025 Split 2,2025-04-16,LGD Gaming,LNG Esports,5t5,LNG Esports,562
66036,LPL 2025 Split 2,2025-04-16,LGD Gaming,LNG Esports,Haichao,LNG Esports,221
66036,LPL 2025 Split 2,2025-04-16,LGD Gaming,LNG Esports,LP,LNG Esports,-563
66036,LPL 2025 Split 2,2025-04-16,LGD Gaming,LNG Esports,Zhuo,LNG Esports,54
66037,LPL 2025 Split 2,2025-04-16,LGD Gaming,LNG Esports,Zika,LGD Gaming,-80
66037,LPL 2025 Split 2,2025-04-16,LGD Gaming,LNG Esports,5t5,LGD Gaming,-434
66037,LPL 2025 Split 2,2025-04-16,LGD Gaming,LNG Esports,Haichao,LGD Gaming,-377
66037,LPL 2025 Split 2,2025-04-16,LGD Gaming,LNG Esports,LP,LGD Gaming,-4
66037,LPL 2025 Split 2,2025-04-16,LGD Gaming,LNG Esports,Zhuo,LGD Gaming,-276
66037,LPL 2025 Split 2,2025-04-16,LGD Gaming,LNG Esports,sasi,LNG Esports,80
66037,LPL 2025 Split 2,2025-04-16,LGD Gaming,LNG Esports,naiyou,LNG Esports,434
66037,LPL 2025 Split 2,2025-04-16,LGD Gaming,LNG Esports,xqw,LNG Esports,377
66037,LPL 2025 Split 2,2025-04-16,LGD Gaming,LNG Esports,Shaoye,LNG Esports,4
66037,LPL 2025 Split 2,2025-04-16,LGD Gaming,LNG Esports,Ycx,LNG Esports,276
66033,LPL 2025 Split 2,2025-04-15,NIP,IG,TheShy,NIP,-578
66033,LPL 2025 Split 2,2025-04-15,NIP,IG,Jiejie,NIP,-370
66033,LPL 2025 Split 2,2025-04-15,NIP,IG,RooKie,NIP,120
66033,LPL 2025 Split 2,2025-04-15,NIP,IG,GALA,NIP,15
66033,LPL 2025 Split 2,2025-04-15,NIP,IG,meiko,NIP,222
66033,LPL 2025 Split 2,2025-04-15,NIP,IG,shanji,IG,578
66033,LPL 2025 Split 2,2025-04-15,NIP,IG,AKi,IG,370
66033,LPL 2025 Split 2,2025-04-15,NIP,IG,Doinb,IG,-120
66033,LPL 2025 Split 2,2025-04-15,NIP,IG,Leave,IG,-15
66033,LPL 2025 Split 2,2025-04-15,NIP,IG,Ppgod,IG,-222
66034,LPL 2025 Split 2,2025-04-15,NIP,IG,shanji,NIP,210
66034,LPL 2025 Split 2,2025-04-15,NIP,IG,AKi,NIP,825
66034,LPL 2025 Split 2,2025-04-15,NIP,IG,Doinb,NIP,342
66034,LPL 2025 Split 2,2025-04-15,NIP,IG,Leave,NIP,-698
66034,LPL 2025 Split 2,2025-04-15,NIP,IG,Ppgod,NIP,-114
66034,LPL 2025 Split 2,2025-04-15,NIP,IG,TheShy,IG,-210
66034,LPL 2025 Split 2,2025-04-15,NIP,IG,Jiejie,IG,-825
66034,LPL 2025 Split 2,2025-04-15,NIP,IG,RooKie,IG,-342
66034,LPL 2025 Split 2,2025-04-15,NIP,IG,GALA,IG,698
66034,LPL 2025 Split 2,2025-04-15,NIP,IG,meiko,IG,114
66035,LPL 2025 Split 2,2025-04-15,NIP,IG,TheShy,NIP,1384
66035,LPL 2025 Split 2,2025-04-15,NIP,IG,Jiejie,NIP,-242
66035,LPL 2025 Split 2,2025-04-15,NIP,IG,RooKie,NIP,341
66035,LPL 2025 Split 2,2025-04-15,NIP,IG,GALA,NIP,-161
66035,LPL 2025 Split 2,2025-04-15,NIP,IG,meiko,NIP,-92
66035,LPL 2025 Split 2,2025-04-15,NIP,IG,shanji,IG,-1384
66035,LPL 2025 Split 2,2025-04-15,NIP,IG,AKi,IG,242
66035,LPL 2025 Split 2,2025-04-15,NIP,IG,Doinb,IG,-341
66035,LPL 2025 Split 2,2025-04-15,NIP,IG,Leave,IG,161
66035,LPL 2025 Split 2,2025-04-15,NIP,IG,Ppgod,IG,92
66030,LPL 2025 Split 2,2025-04-15,AL,TT,Hoya,AL,-972
66030,LPL 2025 Split 2,2025-04-15,AL,TT,Beichuan,AL,-626
66030,LPL 2025 Split 2,2025-04-15,AL,TT,SeTab,AL,-544
66030,LPL 2025 Split 2,2025-04-15,AL,TT,1xn,AL,-821
66030,LPL 2025 Split 2,2025-04-15,AL,TT,Feather,AL,-140
66030,LPL 2025 Split 2,2025-04-15,AL,TT,Flandre,TT,972
66030,LPL 2025 Split 2,2025-04-15,AL,TT,Tarzan,TT,626
66030,LPL 2025 Split 2,2025-04-15,AL,TT,Shanks,TT,544
66030,LPL 2025 Split 2,2025-04-15,AL,TT,Hope,TT,821
66030,LPL 2025 Split 2,2025-04-15,AL,TT,Kael,TT,140
66031,LPL 2025 Split 2,2025-04-15,AL,TT,Hoya,AL,-120
66031,LPL 2025 Split 2,2025-04-15,AL,TT,Beichuan,AL,198
66031,LPL 2025 Split 2,2025-04-15,AL,TT,SeTab,AL,86
66031,LPL 2025 Split 2,2025-04-15,AL,TT,1xn,AL,-924
66031,LPL 2025 Split 2,2025-04-15,AL,TT,Feather,AL,-514
66031,LPL 2025 Split 2,2025-04-15,AL,TT,Flandre,TT,120
66031,LPL 2025 Split 2,2025-04-15,AL,TT,Tarzan,TT,-198
66031,LPL 2025 Split 2,2025-04-15,AL,TT,Shanks,TT,-86
66031,LPL 2025 Split 2,2025-04-15,AL,TT,Hope,TT,924
66031,LPL 2025 Split 2,2025-04-15,AL,TT,Kael,TT,514
66027,LPL 2025 Split 2,2025-04-14,JD Gaming,FPX,Ale,JD Gaming,580
66027,LPL 2025 Split 2,2025-04-14,JD Gaming,FPX,XUN,JD Gaming,-1092
66027,LPL 2025 Split 2,2025-04-14,JD Gaming,FPX,Scout,JD Gaming,-264
66027,LPL 2025 Split 2,2025-04-14,JD Gaming,FPX,Peyz,JD Gaming,93
66027,LPL 2025 Split 2,2025-04-14,JD Gaming,FPX,Missing,JD Gaming,34
66027,LPL 2025 Split 2,2025-04-14,JD Gaming,FPX,sheer,FPX,-580
66027,LPL 2025 Split 2,2025-04-14,JD Gaming,FPX,Shad0w,FPX,1092
66027,LPL 2025 Split 2,2025-04-14,JD Gaming,FPX,Care,FPX,264
66027,LPL 2025 Split 2,2025-04-14,JD Gaming,FPX,Assum,FPX,-93
66027,LPL 2025 Split 2,2025-04-14,JD Gaming,FPX,Jwei,FPX,-34
66028,LPL 2025 Split 2,2025-04-14,JD Gaming,FPX,Ale,JD Gaming,-244
66028,LPL 2025 Split 2,2025-04-14,JD Gaming,FPX,XUN,JD Gaming,-147
66028,LPL 2025 Split 2,2025-04-14,JD Gaming,FPX,Scout,JD Gaming,196
66028,LPL 2025 Split 2,2025-04-14,JD Gaming,FPX,Peyz,JD Gaming,1310
66028,LPL 2025 Split 2,2025-04-14,JD Gaming,FPX,Missing,JD Gaming,-3
66028,LPL 2025 Split 2,2025-04-14,JD Gaming,FPX,sheer,FPX,244
66028,LPL 2025 Split 2,2025-04-14,JD Gaming,FPX,Shad0w,FPX,147
66028,LPL 2025 Split 2,2025-04-14,JD Gaming,FPX,Care,FPX,-196
66028,LPL 2025 Split 2,2025-04-14,JD Gaming,FPX,Assum,FPX,-1310
66028,LPL 2025 Split 2,2025-04-14,JD Gaming,FPX,Jwei,FPX,3
66029,LPL 2025 Split 2,2025-04-14,JD Gaming,FPX,sheer,JD Gaming,-876
66029,LPL 2025 Split 2,2025-04-14,JD Gaming,FPX,Shad0w,JD Gaming,-586
66029,LPL 2025 Split 2,2025-04-14,JD Gaming,FPX,Care,JD Gaming,-766
66029,LPL 2025 Split 2,2025-04-14,JD Gaming,FPX,Assum,JD Gaming,256
66029,LPL 2025 Split 2,2025-04-14,JD Gaming,FPX,Jwei,JD Gaming,-206
66029,LPL 2025 Split 2,2025-04-14,JD Gaming,FPX,Ale,FPX,876
66029,LPL 2025 Split 2,2025-04-14,JD Gaming,FPX,XUN,FPX,586
66029,LPL 2025 Split 2,2025-04-14,JD Gaming,FPX,Scout,FPX,766
66029,LPL 2025 Split 2,2025-04-14,JD Gaming,FPX,Peyz,FPX,-256
66029,LPL 2025 Split 2,2025-04-14,JD Gaming,FPX,Missing,FPX,206
66024,LPL 2025 Split 2,2025-04-14,RNG,Ultra Prime,1Jiang,RNG,40
66024,LPL 2025 Split 2,2025-04-14,RNG,Ultra Prime,Junhao,RNG,394
66024,LPL 2025 Split 2,2025-04-14,RNG,Ultra Prime,Saber,RNG,-1586
66024,LPL 2025 Split 2,2025-04-14,RNG,Ultra Prime,Wako,RNG,94
66024,LPL 2025 Split 2,2025-04-14,RNG,Ultra Prime,Xiaoxia,RNG,-254
66024,LPL 2025 Split 2,2025-04-14,RNG,Ultra Prime,Xiaoxu,Ultra Prime,-40
66024,LPL 2025 Split 2,2025-04-14,RNG,Ultra Prime,milkyway,Ultra Prime,-394
66024,LPL 2025 Split 2,2025-04-14,RNG,Ultra Prime,Tangyuan,Ultra Prime,1586
66024,LPL 2025 Split 2,2025-04-14,RNG,Ultra Prime,JiaQi,Ultra Prime,-94
66024,LPL 2025 Split 2,2025-04-14,RNG,Ultra Prime,Niket,Ultra Prime,254
66025,LPL 2025 Split 2,2025-04-14,RNG,Ultra Prime,1Jiang,RNG,293
66025,LPL 2025 Split 2,2025-04-14,RNG,Ultra Prime,Junhao,RNG,759
66025,LPL 2025 Split 2,2025-04-14,RNG,Ultra Prime,Saber,RNG,-623
66025,LPL 2025 Split 2,2025-04-14,RNG,Ultra Prime,Wako,RNG,79
66025,LPL 2025 Split 2,2025-04-14,RNG,Ultra Prime,Xiaoxia,RNG,-378
66025,LPL 2025 Split 2,2025-04-14,RNG,Ultra Prime,Xiaoxu,Ultra Prime,-293
66025,LPL 2025 Split 2,2025-04-14,RNG,Ultra Prime,milkyway,Ultra Prime,-759
66025,LPL 2025 Split 2,2025-04-14,RNG,Ultra Prime,Tangyuan,Ultra Prime,623
66025,LPL 2025 Split 2,2025-04-14,RNG,Ultra Prime,JiaQi,Ultra Prime,-79
66025,LPL 2025 Split 2,2025-04-14,RNG,Ultra Prime,Niket,Ultra Prime,378
66026,LPL 2025 Split 2,2025-04-14,RNG,Ultra Prime,Xiaoxu,RNG,-24
66026,LPL 2025 Split 2,2025-04-14,RNG,Ultra Prime,milkyway,RNG,-333
66026,LPL 2025 Split 2,2025-04-14,RNG,Ultra Prime,Tangyuan,RNG,378
66026,LPL 2025 Split 2,2025-04-14,RNG,Ultra Prime,JiaQi,RNG,331
66026,LPL 2025 Split 2,2025-04-14,RNG,Ultra Prime,Niket,RNG,-50
66026,LPL 2025 Split 2,2025-04-14,RNG,Ultra Prime,1Jiang,Ultra Prime,24
66026,LPL 2025 Split 2,2025-04-14,RNG,Ultra Prime,Junhao,Ultra Prime,333
66026,LPL 2025 Split 2,2025-04-14,RNG,Ultra Prime,Saber,Ultra Prime,-378
66026,LPL 2025 Split 2,2025-04-14,RNG,Ultra Prime,Wako,Ultra Prime,-331
66026,LPL 2025 Split 2,2025-04-14,RNG,Ultra Prime,Xiaoxia,Ultra Prime,50
65713,LPL 2025 Split 2,2025-04-13,AL,WBG,Flandre,AL,-297
65713,LPL 2025 Split 2,2025-04-13,AL,WBG,Tarzan,AL,-289
65713,LPL 2025 Split 2,2025-04-13,AL,WBG,Shanks,AL,-758
65713,LPL 2025 Split 2,2025-04-13,AL,WBG,Hope,AL,812
65713,LPL 2025 Split 2,2025-04-13,AL,WBG,Kael,AL,250
65713,LPL 2025 Split 2,2025-04-13,AL,WBG,Breathe,WBG,297
65713,LPL 2025 Split 2,2025-04-13,AL,WBG,Tian,WBG,289
65713,LPL 2025 Split 2,2025-04-13,AL,WBG,xiaohu,WBG,758
65713,LPL 2025 Split 2,2025-04-13,AL,WBG,Light,WBG,-812
65713,LPL 2025 Split 2,2025-04-13,AL,WBG,Hang,WBG,-250
65714,LPL 2025 Split 2,2025-04-13,AL,WBG,Breathe,AL,67
65714,LPL 2025 Split 2,2025-04-13,AL,WBG,Tian,AL,-390
65714,LPL 2025 Split 2,2025-04-13,AL,WBG,xiaohu,AL,-44
65714,LPL 2025 Split 2,2025-04-13,AL,WBG,Light,AL,129
65714,LPL 2025 Split 2,2025-04-13,AL,WBG,Hang,AL,-416
65714,LPL 2025 Split 2,2025-04-13,AL,WBG,Flandre,WBG,-67
65714,LPL 2025 Split 2,2025-04-13,AL,WBG,Tarzan,WBG,390
65714,LPL 2025 Split 2,2025-04-13,AL,WBG,Shanks,WBG,44
65714,LPL 2025 Split 2,2025-04-13,AL,WBG,Hope,WBG,-129
65714,LPL 2025 Split 2,2025-04-13,AL,WBG,Kael,WBG,416
65710,LPL 2025 Split 2,2025-04-13,TT,Top Esports,369,TT,421
65710,LPL 2025 Split 2,2025-04-13,TT,Top Esports,Kanavi,TT,-103
65710,LPL 2025 Split 2,2025-04-13,TT,Top Esports,Creme,TT,687
65710,LPL 2025 Split 2,2025-04-13,TT,Top Esports,JackeyLove,TT,246
65710,LPL 2025 Split 2,2025-04-13,TT,Top Esports,Crisp,TT,-188
65710,LPL 2025 Split 2,2025-04-13,TT,Top Esports,Hoya,Top Esports,-421
65710,LPL 2025 Split 2,2025-04-13,TT,Top Esports,Beichuan,Top Esports,103
65710,LPL 2025 Split 2,2025-04-13,TT,Top Esports,SeTab,Top Esports,-687
65710,LPL 2025 Split 2,2025-04-13,TT,Top Esports,1xn,Top Esports,-246
65710,LPL 2025 Split 2,2025-04-13,TT,Top Esports,Feather,Top Esports,188
65711,LPL 2025 Split 2,2025-04-13,TT,Top Esports,369,TT,1979
65711,LPL 2025 Split 2,2025-04-13,TT,Top Esports,Kanavi,TT,900
65711,LPL 2025 Split 2,2025-04-13,TT,Top Esports,Creme,TT,1003
65711,LPL 2025 Split 2,2025-04-13,TT,Top Esports,JackeyLove,TT,986
65711,LPL 2025 Split 2,2025-04-13,TT,Top Esports,Crisp,TT,444
65711,LPL 2025 Split 2,2025-04-13,TT,Top Esports,Hoya,Top Esports,-1979
65711,LPL 2025 Split 2,2025-04-13,TT,Top Esports,Beichuan,Top Esports,-900
65711,LPL 2025 Split 2,2025-04-13,TT,Top Esports,SeTab,Top Esports,-1003
65711,LPL 2025 Split 2,2025-04-13,TT,Top Esports,1xn,Top Esports,-986
65711,LPL 2025 Split 2,2025-04-13,TT,Top Esports,Feather,Top Esports,-444
65707,LPL 2025 Split 2,2025-04-13,NIP,Team WE,shanji,NIP,667
65707,LPL 2025 Split 2,2025-04-13,NIP,Team WE,AKi,NIP,391
65707,LPL 2025 Split 2,2025-04-13,NIP,Team WE,Doinb,NIP,-692
65707,LPL 2025 Split 2,2025-04-13,NIP,Team WE,Leave,NIP,352
65707,LPL 2025 Split 2,2025-04-13,NIP,Team WE,Ppgod,NIP,219
65707,LPL 2025 Split 2,2025-04-13,NIP,Team WE,Cube,Team WE,-667
65707,LPL 2025 Split 2,2025-04-13,NIP,Team WE,Monki,Team WE,-391
65707,LPL 2025 Split 2,2025-04-13,NIP,Team WE,Karis,Team WE,692
65707,LPL 2025 Split 2,2025-04-13,NIP,Team WE,Taeyoon,Team WE,-352
65707,LPL 2025 Split 2,2025-04-13,NIP,Team WE,Vampire,Team WE,-219
65708,LPL 2025 Split 2,2025-04-13,NIP,Team WE,Cube,NIP,33
65708,LPL 2025 Split 2,2025-04-13,NIP,Team WE,Monki,NIP,402
65708,LPL 2025 Split 2,2025-04-13,NIP,Team WE,Karis,NIP,-282
65708,LPL 2025 Split 2,2025-04-13,NIP,Team WE,Taeyoon,NIP,186
65708,LPL 2025 Split 2,2025-04-13,NIP,Team WE,Vampire,NIP,667
65708,LPL 2025 Split 2,2025-04-13,NIP,Team WE,shanji,Team WE,-33
65708,LPL 2025 Split 2,2025-04-13,NIP,Team WE,AKi,Team WE,-402
65708,LPL 2025 Split 2,2025-04-13,NIP,Team WE,Doinb,Team WE,282
65708,LPL 2025 Split 2,2025-04-13,NIP,Team WE,Leave,Team WE,-186
65708,LPL 2025 Split 2,2025-04-13,NIP,Team WE,Ppgod,Team WE,-667
65704,LPL 2025 Split 2,2025-04-12,BLG,JD Gaming,Bin,BLG,788
65704,LPL 2025 Split 2,2025-04-12,BLG,JD Gaming,Wei,BLG,-758
65704,LPL 2025 Split 2,2025-04-12,BLG,JD Gaming,Knight,BLG,-743
65704,LPL 2025 Split 2,2025-04-12,BLG,JD Gaming,Elk,BLG,-732
65704,LPL 2025 Split 2,2025-04-12,BLG,JD Gaming,ON,BLG,132
65704,LPL 2025 Split 2,2025-04-12,BLG,JD Gaming,Ale,JD Gaming,-788
65704,LPL 2025 Split 2,2025-04-12,BLG,JD Gaming,XUN,JD Gaming,758
65704,LPL 2025 Split 2,2025-04-12,BLG,JD Gaming,Scout,JD Gaming,743
65704,LPL 2025 Split 2,2025-04-12,BLG,JD Gaming,Peyz,JD Gaming,732
65704,LPL 2025 Split 2,2025-04-12,BLG,JD Gaming,Missing,JD Gaming,-132
65705,LPL 2025 Split 2,2025-04-12,BLG,JD Gaming,Bin,BLG,284
65705,LPL 2025 Split 2,2025-04-12,BLG,JD Gaming,Wei,BLG,96
65705,LPL 2025 Split 2,2025-04-12,BLG,JD Gaming,Knight,BLG,-416
65705,LPL 2025 Split 2,2025-04-12,BLG,JD Gaming,Elk,BLG,-202
65705,LPL 2025 Split 2,2025-04-12,BLG,JD Gaming,ON,BLG,-208
65705,LPL 2025 Split 2,2025-04-12,BLG,JD Gaming,Ale,JD Gaming,-284
65705,LPL 2025 Split 2,2025-04-12,BLG,JD Gaming,XUN,JD Gaming,-96
65705,LPL 2025 Split 2,2025-04-12,BLG,JD Gaming,Scout,JD Gaming,416
65705,LPL 2025 Split 2,2025-04-12,BLG,JD Gaming,Peyz,JD Gaming,202
65705,LPL 2025 Split 2,2025-04-12,BLG,JD Gaming,Missing,JD Gaming,208
65701,LPL 2025 Split 2,2025-04-12,TT,IG,TheShy,TT,124
65701,LPL 2025 Split 2,2025-04-12,TT,IG,Jiejie,TT,370
65701,LPL 2025 Split 2,2025-04-12,TT,IG,RooKie,TT,611
65701,LPL 2025 Split 2,2025-04-12,TT,IG,GALA,TT,167
65701,LPL 2025 Split 2,2025-04-12,TT,IG,meiko,TT,111
65701,LPL 2025 Split 2,2025-04-12,TT,IG,Hoya,IG,-124
65701,LPL 2025 Split 2,2025-04-12,TT,IG,Beichuan,IG,-370
65701,LPL 2025 Split 2,2025-04-12,TT,IG,SeTab,IG,-611
65701,LPL 2025 Split 2,2025-04-12,TT,IG,1xn,IG,-167
65701,LPL 2025 Split 2,2025-04-12,TT,IG,Feather,IG,-111
65702,LPL 2025 Split 2,2025-04-12,TT,IG,Hoya,TT,1078
65702,LPL 2025 Split 2,2025-04-12,TT,IG,Beichuan,TT,592
65702,LPL 2025 Split 2,2025-04-12,TT,IG,SeTab,TT,-668
65702,LPL 2025 Split 2,2025-04-12,TT,IG,1xn,TT,-1562
65702,LPL 2025 Split 2,2025-04-12,TT,IG,Feather,TT,93
65702,LPL 2025 Split 2,2025-04-12,TT,IG,TheShy,IG,-1078
65702,LPL 2025 Split 2,2025-04-12,TT,IG,Jiejie,IG,-592
65702,LPL 2025 Split 2,2025-04-12,TT,IG,RooKie,IG,668
65702,LPL 2025 Split 2,2025-04-12,TT,IG,GALA,IG,1562
65702,LPL 2025 Split 2,2025-04-12,TT,IG,meiko,IG,-93
65703,LPL 2025 Split 2,2025-04-12,TT,IG,TheShy,TT,650
65703,LPL 2025 Split 2,2025-04-12,TT,IG,Jiejie,TT,485
65703,LPL 2025 Split 2,2025-04-12,TT,IG,RooKie,TT,226
65703,LPL 2025 Split 2,2025-04-12,TT,IG,GALA,TT,-2
65703,LPL 2025 Split 2,2025-04-12,TT,IG,meiko,TT,123
65703,LPL 2025 Split 2,2025-04-12,TT,IG,Hoya,IG,-650
65703,LPL 2025 Split 2,2025-04-12,TT,IG,Beichuan,IG,-485
65703,LPL 2025 Split 2,2025-04-12,TT,IG,SeTab,IG,-226
65703,LPL 2025 Split 2,2025-04-12,TT,IG,1xn,IG,2
65703,LPL 2025 Split 2,2025-04-12,TT,IG,Feather,IG,-123
65698,LPL 2025 Split 2,2025-04-12,FPX,WBG,sheer,FPX,114
65698,LPL 2025 Split 2,2025-04-12,FPX,WBG,Shad0w,FPX,97
65698,LPL 2025 Split 2,2025-04-12,FPX,WBG,Care,FPX,310
65698,LPL 2025 Split 2,2025-04-12,FPX,WBG,Assum,FPX,-215
65698,LPL 2025 Split 2,2025-04-12,FPX,WBG,Jwei,FPX,-225
65698,LPL 2025 Split 2,2025-04-12,FPX,WBG,Breathe,WBG,-114
65698,LPL 2025 Split 2,2025-04-12,FPX,WBG,Tian,WBG,-97
65698,LPL 2025 Split 2,2025-04-12,FPX,WBG,xiaohu,WBG,-310
65698,LPL 2025 Split 2,2025-04-12,FPX,WBG,Light,WBG,215
65698,LPL 2025 Split 2,2025-04-12,FPX,WBG,Hang,WBG,225
65699,LPL 2025 Split 2,2025-04-12,FPX,WBG,Breathe,FPX,27
65699,LPL 2025 Split 2,2025-04-12,FPX,WBG,Tian,FPX,-419
65699,LPL 2025 Split 2,2025-04-12,FPX,WBG,xiaohu,FPX,-1049
65699,LPL 2025 Split 2,2025-04-12,FPX,WBG,Light,FPX,111
65699,LPL 2025 Split 2,2025-04-12,FPX,WBG,Hang,FPX,148
65699,LPL 2025 Split 2,2025-04-12,FPX,WBG,sheer,WBG,-27
65699,LPL 2025 Split 2,2025-04-12,FPX,WBG,Shad0w,WBG,419
65699,LPL 2025 Split 2,2025-04-12,FPX,WBG,Care,WBG,1049
65699,LPL 2025 Split 2,2025-04-12,FPX,WBG,Assum,WBG,-111
65699,LPL 2025 Split 2,2025-04-12,FPX,WBG,Jwei,WBG,-148
65695,LPL 2025 Split 2,2025-04-11,IG,Top Esports,TheShy,IG,-731
65695,LPL 2025 Split 2,2025-04-11,IG,Top Esports,Jiejie,IG,-90
65695,LPL 2025 Split 2,2025-04-11,IG,Top Esports,RooKie,IG,-498
65695,LPL 2025 Split 2,2025-04-11,IG,Top Esports,GALA,IG,132
65695,LPL 2025 Split 2,2025-04-11,IG,Top Esports,meiko,IG,119
65695,LPL 2025 Split 2,2025-04-11,IG,Top Esports,369,Top Esports,731
65695,LPL 2025 Split 2,2025-04-11,IG,Top Esports,Kanavi,Top Esports,90
65695,LPL 2025 Split 2,2025-04-11,IG,Top Esports,Creme,Top Esports,498
65695,LPL 2025 Split 2,2025-04-11,IG,Top Esports,JackeyLove,Top Esports,-132
65695,LPL 2025 Split 2,2025-04-11,IG,Top Esports,Crisp,Top Esports,-119
65696,LPL 2025 Split 2,2025-04-11,IG,Top Esports,369,IG,935
65696,LPL 2025 Split 2,2025-04-11,IG,Top Esports,Kanavi,IG,1253
65696,LPL 2025 Split 2,2025-04-11,IG,Top Esports,Creme,IG,1059
65696,LPL 2025 Split 2,2025-04-11,IG,Top Esports,JackeyLove,IG,-421
65696,LPL 2025 Split 2,2025-04-11,IG,Top Esports,Crisp,IG,255
65696,LPL 2025 Split 2,2025-04-11,IG,Top Esports,TheShy,Top Esports,-935
65696,LPL 2025 Split 2,2025-04-11,IG,Top Esports,Jiejie,Top Esports,-1253
65696,LPL 2025 Split 2,2025-04-11,IG,Top Esports,RooKie,Top Esports,-1059
65696,LPL 2025 Split 2,2025-04-11,IG,Top Esports,GALA,Top Esports,421
65696,LPL 2025 Split 2,2025-04-11,IG,Top Esports,meiko,Top Esports,-255
65697,LPL 2025 Split 2,2025-04-11,IG,Top Esports,TheShy,IG,-271
65697,LPL 2025 Split 2,2025-04-11,IG,Top Esports,Jiejie,IG,88
65697,LPL 2025 Split 2,2025-04-11,IG,Top Esports,RooKie,IG,983
65697,LPL 2025 Split 2,2025-04-11,IG,Top Esports,GALA,IG,1265
65697,LPL 2025 Split 2,2025-04-11,IG,Top Esports,meiko,IG,138
65697,LPL 2025 Split 2,2025-04-11,IG,Top Esports,369,Top Esports,271
65697,LPL 2025 Split 2,2025-04-11,IG,Top Esports,Kanavi,Top Esports,-88
65697,LPL 2025 Split 2,2025-04-11,IG,Top Esports,Creme,Top Esports,-983
65697,LPL 2025 Split 2,2025-04-11,IG,Top Esports,JackeyLove,Top Esports,-1265
65697,LPL 2025 Split 2,2025-04-11,IG,Top Esports,Crisp,Top Esports,-138
65692,LPL 2025 Split 2,2025-04-11,AL,FPX,Flandre,AL,205
65692,LPL 2025 Split 2,2025-04-11,AL,FPX,Tarzan,AL,48
65692,LPL 2025 Split 2,2025-04-11,AL,FPX,Shanks,AL,142
65692,LPL 2025 Split 2,2025-04-11,AL,FPX,Hope,AL,-463
65692,LPL 2025 Split 2,2025-04-11,AL,FPX,Kael,AL,-177
65692,LPL 2025 Split 2,2025-04-11,AL,FPX,sheer,FPX,-205
65692,LPL 2025 Split 2,2025-04-11,AL,FPX,Shad0w,FPX,-48
65692,LPL 2025 Split 2,2025-04-11,AL,FPX,Care,FPX,-142
65692,LPL 2025 Split 2,2025-04-11,AL,FPX,Assum,FPX,463
65692,LPL 2025 Split 2,2025-04-11,AL,FPX,Jwei,FPX,177
65693,LPL 2025 Split 2,2025-04-11,AL,FPX,Flandre,AL,-450
65693,LPL 2025 Split 2,2025-04-11,AL,FPX,Tarzan,AL,-336
65693,LPL 2025 Split 2,2025-04-11,AL,FPX,Shanks,AL,391
65693,LPL 2025 Split 2,2025-04-11,AL,FPX,Hope,AL,553
65693,LPL 2025 Split 2,2025-04-11,AL,FPX,Kael,AL,179
65693,LPL 2025 Split 2,2025-04-11,AL,FPX,sheer,FPX,450
65693,LPL 2025 Split 2,2025-04-11,AL,FPX,Shad0w,FPX,336
65693,LPL 2025 Split 2,2025-04-11,AL,FPX,Care,FPX,-391
65693,LPL 2025 Split 2,2025-04-11,AL,FPX,Assum,FPX,-553
65693,LPL 2025 Split 2,2025-04-11,AL,FPX,Jwei,FPX,-179
65694,LPL 2025 Split 2,2025-04-11,AL,FPX,sheer,AL,340
65694,LPL 2025 Split 2,2025-04-11,AL,FPX,Shad0w,AL,-852
65694,LPL 2025 Split 2,2025-04-11,AL,FPX,Care,AL,-390
65694,LPL 2025 Split 2,2025-04-11,AL,FPX,Assum,AL,-1017
65694,LPL 2025 Split 2,2025-04-11,AL,FPX,Jwei,AL,-58
65694,LPL 2025 Split 2,2025-04-11,AL,FPX,Flandre,FPX,-340
65694,LPL 2025 Split 2,2025-04-11,AL,FPX,Tarzan,FPX,852
65694,LPL 2025 Split 2,2025-04-11,AL,FPX,Shanks,FPX,390
65694,LPL 2025 Split 2,2025-04-11,AL,FPX,Hope,FPX,1017
65694,LPL 2025 Split 2,2025-04-11,AL,FPX,Kael,FPX,58
65689,LPL 2025 Split 2,2025-04-10,BLG,AL,Bin,BLG,-357
65689,LPL 2025 Split 2,2025-04-10,BLG,AL,Wei,BLG,184
65689,LPL 2025 Split 2,2025-04-10,BLG,AL,Knight,BLG,64
65689,LPL 2025 Split 2,2025-04-10,BLG,AL,Elk,BLG,74
65689,LPL 2025 Split 2,2025-04-10,BLG,AL,ON,BLG,-274
65689,LPL 2025 Split 2,2025-04-10,BLG,AL,Flandre,AL,357
65689,LPL 2025 Split 2,2025-04-10,BLG,AL,Tarzan,AL,-184
65689,LPL 2025 Split 2,2025-04-10,BLG,AL,Shanks,AL,-64
65689,LPL 2025 Split 2,2025-04-10,BLG,AL,Hope,AL,-74
65689,LPL 2025 Split 2,2025-04-10,BLG,AL,Kael,AL,274
65690,LPL 2025 Split 2,2025-04-10,BLG,AL,Bin,BLG,1047
65690,LPL 2025 Split 2,2025-04-10,BLG,AL,Wei,BLG,2015
65690,LPL 2025 Split 2,2025-04-10,BLG,AL,Knight,BLG,15
65690,LPL 2025 Split 2,2025-04-10,BLG,AL,Elk,BLG,-108
65690,LPL 2025 Split 2,2025-04-10,BLG,AL,ON,BLG,1035
65690,LPL 2025 Split 2,2025-04-10,BLG,AL,Flandre,AL,-1047
65690,LPL 2025 Split 2,2025-04-10,BLG,AL,Tarzan,AL,-2015
65690,LPL 2025 Split 2,2025-04-10,BLG,AL,Shanks,AL,-15
65690,LPL 2025 Split 2,2025-04-10,BLG,AL,Hope,AL,108
65690,LPL 2025 Split 2,2025-04-10,BLG,AL,Kael,AL,-1035
65691,LPL 2025 Split 2,2025-04-10,BLG,AL,Flandre,BLG,26
65691,LPL 2025 Split 2,2025-04-10,BLG,AL,Tarzan,BLG,936
65691,LPL 2025 Split 2,2025-04-10,BLG,AL,Shanks,BLG,-261
65691,LPL 2025 Split 2,2025-04-10,BLG,AL,Hope,BLG,358
65691,LPL 2025 Split 2,2025-04-10,BLG,AL,Kael,BLG,133
65691,LPL 2025 Split 2,2025-04-10,BLG,AL,Bin,AL,-26
65691,LPL 2025 Split 2,2025-04-10,BLG,AL,Wei,AL,-936
65691,LPL 2025 Split 2,2025-04-10,BLG,AL,Knight,AL,261
65691,LPL 2025 Split 2,2025-04-10,BLG,AL,Elk,AL,-358
65691,LPL 2025 Split 2,2025-04-10,BLG,AL,ON,AL,-133
65686,LPL 2025 Split 2,2025-04-10,WBG,TT,Hoya,WBG,-841
65686,LPL 2025 Split 2,2025-04-10,WBG,TT,Beichuan,WBG,-288
65686,LPL 2025 Split 2,2025-04-10,WBG,TT,SeTab,WBG,-1092
65686,LPL 2025 Split 2,2025-04-10,WBG,TT,1xn,WBG,563
65686,LPL 2025 Split 2,2025-04-10,WBG,TT,Feather,WBG,-54
65686,LPL 2025 Split 2,2025-04-10,WBG,TT,Breathe,TT,841
65686,LPL 2025 Split 2,2025-04-10,WBG,TT,Tian,TT,288
65686,LPL 2025 Split 2,2025-04-10,WBG,TT,xiaohu,TT,1092
65686,LPL 2025 Split 2,2025-04-10,WBG,TT,Light,TT,-563
65686,LPL 2025 Split 2,2025-04-10,WBG,TT,Hang,TT,54
65687,LPL 2025 Split 2,2025-04-10,WBG,TT,Hoya,WBG,-1444
65687,LPL 2025 Split 2,2025-04-10,WBG,TT,Beichuan,WBG,-309
65687,LPL 2025 Split 2,2025-04-10,WBG,TT,SeTab,WBG,-1232
65687,LPL 2025 Split 2,2025-04-10,WBG,TT,1xn,WBG,-666
65687,LPL 2025 Split 2,2025-04-10,WBG,TT,Feather,WBG,-112
65687,LPL 2025 Split 2,2025-04-10,WBG,TT,Breathe,TT,1444
65687,LPL 2025 Split 2,2025-04-10,WBG,TT,Tian,TT,309
65687,LPL 2025 Split 2,2025-04-10,WBG,TT,xiaohu,TT,1232
65687,LPL 2025 Split 2,2025-04-10,WBG,TT,Light,TT,666
65687,LPL 2025 Split 2,2025-04-10,WBG,TT,Hang,TT,112
65683,LPL 2025 Split 2,2025-04-09,Team WE,JD Gaming,Ale,Team WE,932
65683,LPL 2025 Split 2,2025-04-09,Team WE,JD Gaming,XUN,Team WE,354
65683,LPL 2025 Split 2,2025-04-09,Team WE,JD Gaming,Scout,Team WE,-215
65683,LPL 2025 Split 2,2025-04-09,Team WE,JD Gaming,Peyz,Team WE,280
65683,LPL 2025 Split 2,2025-04-09,Team WE,JD Gaming,Missing,Team WE,434
65683,LPL 2025 Split 2,2025-04-09,Team WE,JD Gaming,Cube,JD Gaming,-932
65683,LPL 2025 Split 2,2025-04-09,Team WE,JD Gaming,Monki,JD Gaming,-354
65683,LPL 2025 Split 2,2025-04-09,Team WE,JD Gaming,Karis,JD Gaming,215
65683,LPL 2025 Split 2,2025-04-09,Team WE,JD Gaming,Taeyoon,JD Gaming,-280
65683,LPL 2025 Split 2,2025-04-09,Team WE,JD Gaming,Vampire,JD Gaming,-434
65684,LPL 2025 Split 2,2025-04-09,Team WE,JD Gaming,Cube,Team WE,-1803
65684,LPL 2025 Split 2,2025-04-09,Team WE,JD Gaming,Monki,Team WE,726
65684,LPL 2025 Split 2,2025-04-09,Team WE,JD Gaming,Karis,Team WE,-257
65684,LPL 2025 Split 2,2025-04-09,Team WE,JD Gaming,Taeyoon,Team WE,-679
65684,LPL 2025 Split 2,2025-04-09,Team WE,JD Gaming,Vampire,Team WE,-204
65684,LPL 2025 Split 2,2025-04-09,Team WE,JD Gaming,Ale,JD Gaming,1803
65684,LPL 2025 Split 2,2025-04-09,Team WE,JD Gaming,XUN,JD Gaming,-726
65684,LPL 2025 Split 2,2025-04-09,Team WE,JD Gaming,Scout,JD Gaming,257
65684,LPL 2025 Split 2,2025-04-09,Team WE,JD Gaming,Peyz,JD Gaming,679
65684,LPL 2025 Split 2,2025-04-09,Team WE,JD Gaming,Missing,JD Gaming,204
65680,LPL 2025 Split 2,2025-04-09,LGD Gaming,OMG,sasi,LGD Gaming,591
65680,LPL 2025 Split 2,2025-04-09,LGD Gaming,OMG,naiyou,LGD Gaming,349
65680,LPL 2025 Split 2,2025-04-09,LGD Gaming,OMG,xqw,LGD Gaming,-1606
65680,LPL 2025 Split 2,2025-04-09,LGD Gaming,OMG,Shaoye,LGD Gaming,-363
65680,LPL 2025 Split 2,2025-04-09,LGD Gaming,OMG,Ycx,LGD Gaming,-343
65680,LPL 2025 Split 2,2025-04-09,LGD Gaming,OMG,Hery,OMG,-591
65680,LPL 2025 Split 2,2025-04-09,LGD Gaming,OMG,Heng,OMG,-349
65680,LPL 2025 Split 2,2025-04-09,LGD Gaming,OMG,Linfeng,OMG,1606
65680,LPL 2025 Split 2,2025-04-09,LGD Gaming,OMG,Starry,OMG,363
65680,LPL 2025 Split 2,2025-04-09,LGD Gaming,OMG,Moham,OMG,343
65681,LPL 2025 Split 2,2025-04-09,LGD Gaming,OMG,sasi,LGD Gaming,669
65681,LPL 2025 Split 2,2025-04-09,LGD Gaming,OMG,naiyou,LGD Gaming,529
65681,LPL 2025 Split 2,2025-04-09,LGD Gaming,OMG,xqw,LGD Gaming,1642
65681,LPL 2025 Split 2,2025-04-09,LGD Gaming,OMG,Shaoye,LGD Gaming,1039
65681,LPL 2025 Split 2,2025-04-09,LGD Gaming,OMG,Ycx,LGD Gaming,197
65681,LPL 2025 Split 2,2025-04-09,LGD Gaming,OMG,Hery,OMG,-669
65681,LPL 2025 Split 2,2025-04-09,LGD Gaming,OMG,Heng,OMG,-529
65681,LPL 2025 Split 2,2025-04-09,LGD Gaming,OMG,Linfeng,OMG,-1642
65681,LPL 2025 Split 2,2025-04-09,LGD Gaming,OMG,Starry,OMG,-1039
65681,LPL 2025 Split 2,2025-04-09,LGD Gaming,OMG,Moham,OMG,-197
65682,LPL 2025 Split 2,2025-04-09,LGD Gaming,OMG,Hery,LGD Gaming,-535
65682,LPL 2025 Split 2,2025-04-09,LGD Gaming,OMG,Heng,LGD Gaming,-1185
65682,LPL 2025 Split 2,2025-04-09,LGD Gaming,OMG,Linfeng,LGD Gaming,176
65682,LPL 2025 Split 2,2025-04-09,LGD Gaming,OMG,Starry,LGD Gaming,616
65682,LPL 2025 Split 2,2025-04-09,LGD Gaming,OMG,Moham,LGD Gaming,276
65682,LPL 2025 Split 2,2025-04-09,LGD Gaming,OMG,sasi,OMG,535
65682,LPL 2025 Split 2,2025-04-09,LGD Gaming,OMG,naiyou,OMG,1185
65682,LPL 2025 Split 2,2025-04-09,LGD Gaming,OMG,xqw,OMG,-176
65682,LPL 2025 Split 2,2025-04-09,LGD Gaming,OMG,Shaoye,OMG,-616
65682,LPL 2025 Split 2,2025-04-09,LGD Gaming,OMG,Ycx,OMG,-276
65677,LPL 2025 Split 2,2025-04-08,IG,AL,Flandre,IG,-1094
65677,LPL 2025 Split 2,2025-04-08,IG,AL,Tarzan,IG,504
65677,LPL 2025 Split 2,2025-04-08,IG,AL,Shanks,IG,481
65677,LPL 2025 Split 2,2025-04-08,IG,AL,Hope,IG,752
65677,LPL 2025 Split 2,2025-04-08,IG,AL,Kael,IG,477
65677,LPL 2025 Split 2,2025-04-08,IG,AL,TheShy,AL,1094
65677,LPL 2025 Split 2,2025-04-08,IG,AL,Jiejie,AL,-504
65677,LPL 2025 Split 2,2025-04-08,IG,AL,RooKie,AL,-481
65677,LPL 2025 Split 2,2025-04-08,IG,AL,GALA,AL,-752
65677,LPL 2025 Split 2,2025-04-08,IG,AL,meiko,AL,-477
65678,LPL 2025 Split 2,2025-04-08,IG,AL,TheShy,IG,357
65678,LPL 2025 Split 2,2025-04-08,IG,AL,Jiejie,IG,838
65678,LPL 2025 Split 2,2025-04-08,IG,AL,RooKie,IG,-362
65678,LPL 2025 Split 2,2025-04-08,IG,AL,GALA,IG,-371
65678,LPL 2025 Split 2,2025-04-08,IG,AL,meiko,IG,-26
65678,LPL 2025 Split 2,2025-04-08,IG,AL,Flandre,AL,-357
65678,LPL 2025 Split 2,2025-04-08,IG,AL,Tarzan,AL,-838
65678,LPL 2025 Split 2,2025-04-08,IG,AL,Shanks,AL,362
65678,LPL 2025 Split 2,2025-04-08,IG,AL,Hope,AL,371
65678,LPL 2025 Split 2,2025-04-08,IG,AL,Kael,AL,26
65674,LPL 2025 Split 2,2025-04-08,Top Esports,FPX,sheer,Top Esports,-416
65674,LPL 2025 Split 2,2025-04-08,Top Esports,FPX,Shad0w,Top Esports,-1502
65674,LPL 2025 Split 2,2025-04-08,Top Esports,FPX,Care,Top Esports,-434
65674,LPL 2025 Split 2,2025-04-08,Top Esports,FPX,Assum,Top Esports,-67
65674,LPL 2025 Split 2,2025-04-08,Top Esports,FPX,Jwei,Top Esports,-218
65674,LPL 2025 Split 2,2025-04-08,Top Esports,FPX,369,FPX,416
65674,LPL 2025 Split 2,2025-04-08,Top Esports,FPX,Kanavi,FPX,1502
65674,LPL 2025 Split 2,2025-04-08,Top Esports,FPX,Creme,FPX,434
65674,LPL 2025 Split 2,2025-04-08,Top Esports,FPX,JackeyLove,FPX,67
65674,LPL 2025 Split 2,2025-04-08,Top Esports,FPX,Crisp,FPX,218
65675,LPL 2025 Split 2,2025-04-08,Top Esports,FPX,sheer,Top Esports,-870
65675,LPL 2025 Split 2,2025-04-08,Top Esports,FPX,Shad0w,Top Esports,-1370
65675,LPL 2025 Split 2,2025-04-08,Top Esports,FPX,Care,Top Esports,-2465
65675,LPL 2025 Split 2,2025-04-08,Top Esports,FPX,Assum,Top Esports,1091
65675,LPL 2025 Split 2,2025-04-08,Top Esports,FPX,Jwei,Top Esports,59
65675,LPL 2025 Split 2,2025-04-08,Top Esports,FPX,369,FPX,870
65675,LPL 2025 Split 2,2025-04-08,Top Esports,FPX,Kanavi,FPX,1370
65675,LPL 2025 Split 2,2025-04-08,Top Esports,FPX,Creme,FPX,2465
65675,LPL 2025 Split 2,2025-04-08,Top Esports,FPX,JackeyLove,FPX,-1091
65675,LPL 2025 Split 2,2025-04-08,Top Esports,FPX,Crisp,FPX,-59
65671,LPL 2025 Split 2,2025-04-07,Top Esports,WBG,369,Top Esports,-735
65671,LPL 2025 Split 2,2025-04-07,Top Esports,WBG,Kanavi,Top Esports,-534
65671,LPL 2025 Split 2,2025-04-07,Top Esports,WBG,Creme,Top Esports,33
65671,LPL 2025 Split 2,2025-04-07,Top Esports,WBG,JackeyLove,Top Esports,1153
65671,LPL 2025 Split 2,2025-04-07,Top Esports,WBG,Crisp,Top Esports,60
65671,LPL 2025 Split 2,2025-04-07,Top Esports,WBG,Breathe,WBG,735
65671,LPL 2025 Split 2,2025-04-07,Top Esports,WBG,Tian,WBG,534
65671,LPL 2025 Split 2,2025-04-07,Top Esports,WBG,xiaohu,WBG,-33
65671,LPL 2025 Split 2,2025-04-07,Top Esports,WBG,Light,WBG,-1153
65671,LPL 2025 Split 2,2025-04-07,Top Esports,WBG,Hang,WBG,-60
65672,LPL 2025 Split 2,2025-04-07,Top Esports,WBG,Breathe,Top Esports,80
65672,LPL 2025 Split 2,2025-04-07,Top Esports,WBG,Tian,Top Esports,241
65672,LPL 2025 Split 2,2025-04-07,Top Esports,WBG,xiaohu,Top Esports,654
65672,LPL 2025 Split 2,2025-04-07,Top Esports,WBG,Light,Top Esports,1483
65672,LPL 2025 Split 2,2025-04-07,Top Esports,WBG,Hang,Top Esports,-197
65672,LPL 2025 Split 2,2025-04-07,Top Esports,WBG,369,WBG,-80
65672,LPL 2025 Split 2,2025-04-07,Top Esports,WBG,Kanavi,WBG,-241
65672,LPL 2025 Split 2,2025-04-07,Top Esports,WBG,Creme,WBG,-654
65672,LPL 2025 Split 2,2025-04-07,Top Esports,WBG,JackeyLove,WBG,-1483
65672,LPL 2025 Split 2,2025-04-07,Top Esports,WBG,Crisp,WBG,197
65673,LPL 2025 Split 2,2025-04-07,Top Esports,WBG,369,Top Esports,1414
65673,LPL 2025 Split 2,2025-04-07,Top Esports,WBG,Kanavi,Top Esports,859
65673,LPL 2025 Split 2,2025-04-07,Top Esports,WBG,Creme,Top Esports,558
65673,LPL 2025 Split 2,2025-04-07,Top Esports,WBG,JackeyLove,Top Esports,1894
65673,LPL 2025 Split 2,2025-04-07,Top Esports,WBG,Crisp,Top Esports,501
65673,LPL 2025 Split 2,2025-04-07,Top Esports,WBG,Breathe,WBG,-1414
65673,LPL 2025 Split 2,2025-04-07,Top Esports,WBG,Tian,WBG,-859
65673,LPL 2025 Split 2,2025-04-07,Top Esports,WBG,xiaohu,WBG,-558
65673,LPL 2025 Split 2,2025-04-07,Top Esports,WBG,Light,WBG,-1894
65673,LPL 2025 Split 2,2025-04-07,Top Esports,WBG,Hang,WBG,-501
65668,LPL 2025 Split 2,2025-04-07,LNG Esports,EDG,Zdz,LNG Esports,704
65668,LPL 2025 Split 2,2025-04-07,LNG Esports,EDG,Xiaohao,LNG Esports,178
65668,LPL 2025 Split 2,2025-04-07,LNG Esports,EDG,Angel,LNG Esports,-462
65668,LPL 2025 Split 2,2025-04-07,LNG Esports,EDG,Ahn,LNG Esports,210
65668,LPL 2025 Split 2,2025-04-07,LNG Esports,EDG,Wink,LNG Esports,276
65668,LPL 2025 Split 2,2025-04-07,LNG Esports,EDG,Zika,EDG,-704
65668,LPL 2025 Split 2,2025-04-07,LNG Esports,EDG,5t5,EDG,-178
65668,LPL 2025 Split 2,2025-04-07,LNG Esports,EDG,Haichao,EDG,462
65668,LPL 2025 Split 2,2025-04-07,LNG Esports,EDG,LP,EDG,-210
65668,LPL 2025 Split 2,2025-04-07,LNG Esports,EDG,Zhuo,EDG,-276
65669,LPL 2025 Split 2,2025-04-07,LNG Esports,EDG,Zika,LNG Esports,-252
65669,LPL 2025 Split 2,2025-04-07,LNG Esports,EDG,5t5,LNG Esports,-787
65669,LPL 2025 Split 2,2025-04-07,LNG Esports,EDG,Haichao,LNG Esports,209
65669,LPL 2025 Split 2,2025-04-07,LNG Esports,EDG,LP,LNG Esports,-148
65669,LPL 2025 Split 2,2025-04-07,LNG Esports,EDG,Zhuo,LNG Esports,58
65669,LPL 2025 Split 2,2025-04-07,LNG Esports,EDG,Zdz,EDG,252
65669,LPL 2025 Split 2,2025-04-07,LNG Esports,EDG,Xiaohao,EDG,787
65669,LPL 2025 Split 2,2025-04-07,LNG Esports,EDG,Angel,EDG,-209
65669,LPL 2025 Split 2,2025-04-07,LNG Esports,EDG,Ahn,EDG,148
65669,LPL 2025 Split 2,2025-04-07,LNG Esports,EDG,Wink,EDG,-58
65670,LPL 2025 Split 2,2025-04-07,LNG Esports,EDG,Zdz,LNG Esports,-55
65670,LPL 2025 Split 2,2025-04-07,LNG Esports,EDG,Xiaohao,LNG Esports,800
65670,LPL 2025 Split 2,2025-04-07,LNG Esports,EDG,Angel,LNG Esports,223
65670,LPL 2025 Split 2,2025-04-07,LNG Esports,EDG,Ahn,LNG Esports,-926
65670,LPL 2025 Split 2,2025-04-07,LNG Esports,EDG,Wink,LNG Esports,-90
65670,LPL 2025 Split 2,2025-04-07,LNG Esports,EDG,Zika,EDG,55
65670,LPL 2025 Split 2,2025-04-07,LNG Esports,EDG,5t5,EDG,-800
65670,LPL 2025 Split 2,2025-04-07,LNG Esports,EDG,Haichao,EDG,-223
65670,LPL 2025 Split 2,2025-04-07,LNG Esports,EDG,LP,EDG,926
65670,LPL 2025 Split 2,2025-04-07,LNG Esports,EDG,Zhuo,EDG,90
65532,LPL 2025 Split 2,2025-04-06,BLG,IG,Bin,BLG,-542
65532,LPL 2025 Split 2,2025-04-06,BLG,IG,Wei,BLG,862
65532,LPL 2025 Split 2,2025-04-06,BLG,IG,Knight,BLG,45
65532,LPL 2025 Split 2,2025-04-06,BLG,IG,Elk,BLG,-1580
65532,LPL 2025 Split 2,2025-04-06,BLG,IG,ON,BLG,-106
65532,LPL 2025 Split 2,2025-04-06,BLG,IG,TheShy,IG,542
65532,LPL 2025 Split 2,2025-04-06,BLG,IG,Jiejie,IG,-862
65532,LPL 2025 Split 2,2025-04-06,BLG,IG,RooKie,IG,-45
65532,LPL 2025 Split 2,2025-04-06,BLG,IG,GALA,IG,1580
65532,LPL 2025 Split 2,2025-04-06,BLG,IG,meiko,IG,106
65533,LPL 2025 Split 2,2025-04-06,BLG,IG,TheShy,BLG,58
65533,LPL 2025 Split 2,2025-04-06,BLG,IG,Jiejie,BLG,238
65533,LPL 2025 Split 2,2025-04-06,BLG,IG,RooKie,BLG,926
65533,LPL 2025 Split 2,2025-04-06,BLG,IG,GALA,BLG,408
65533,LPL 2025 Split 2,2025-04-06,BLG,IG,meiko,BLG,-322
65533,LPL 2025 Split 2,2025-04-06,BLG,IG,Bin,IG,-58
65533,LPL 2025 Split 2,2025-04-06,BLG,IG,Wei,IG,-238
65533,LPL 2025 Split 2,2025-04-06,BLG,IG,Knight,IG,-926
65533,LPL 2025 Split 2,2025-04-06,BLG,IG,Elk,IG,-408
65533,LPL 2025 Split 2,2025-04-06,BLG,IG,ON,IG,322
65529,LPL 2025 Split 2,2025-04-06,FPX,TT,Hoya,FPX,-671
65529,LPL 2025 Split 2,2025-04-06,FPX,TT,Beichuan,FPX,407
65529,LPL 2025 Split 2,2025-04-06,FPX,TT,SeTab,FPX,496
65529,LPL 2025 Split 2,2025-04-06,FPX,TT,1xn,FPX,1173
65529,LPL 2025 Split 2,2025-04-06,FPX,TT,Feather,FPX,-7
65529,LPL 2025 Split 2,2025-04-06,FPX,TT,sheer,TT,671
65529,LPL 2025 Split 2,2025-04-06,FPX,TT,Shad0w,TT,-407
65529,LPL 2025 Split 2,2025-04-06,FPX,TT,Care,TT,-496
65529,LPL 2025 Split 2,2025-04-06,FPX,TT,Assum,TT,-1173
65529,LPL 2025 Split 2,2025-04-06,FPX,TT,Jwei,TT,7
65530,LPL 2025 Split 2,2025-04-06,FPX,TT,sheer,FPX,606
65530,LPL 2025 Split 2,2025-04-06,FPX,TT,Shad0w,FPX,439
65530,LPL 2025 Split 2,2025-04-06,FPX,TT,Care,FPX,-251
65530,LPL 2025 Split 2,2025-04-06,FPX,TT,Assum,FPX,341
65530,LPL 2025 Split 2,2025-04-06,FPX,TT,Jwei,FPX,115
65530,LPL 2025 Split 2,2025-04-06,FPX,TT,Hoya,TT,-606
65530,LPL 2025 Split 2,2025-04-06,FPX,TT,Beichuan,TT,-439
65530,LPL 2025 Split 2,2025-04-06,FPX,TT,SeTab,TT,251
65530,LPL 2025 Split 2,2025-04-06,FPX,TT,1xn,TT,-341
65530,LPL 2025 Split 2,2025-04-06,FPX,TT,Feather,TT,-115
65531,LPL 2025 Split 2,2025-04-06,FPX,TT,Hoya,FPX,-691
65531,LPL 2025 Split 2,2025-04-06,FPX,TT,Beichuan,FPX,-90
65531,LPL 2025 Split 2,2025-04-06,FPX,TT,SeTab,FPX,455
65531,LPL 2025 Split 2,2025-04-06,FPX,TT,1xn,FPX,-745
65531,LPL 2025 Split 2,2025-04-06,FPX,TT,Feather,FPX,-326
65531,LPL 2025 Split 2,2025-04-06,FPX,TT,sheer,TT,691
65531,LPL 2025 Split 2,2025-04-06,FPX,TT,Shad0w,TT,90
65531,LPL 2025 Split 2,2025-04-06,FPX,TT,Care,TT,-455
65531,LPL 2025 Split 2,2025-04-06,FPX,TT,Assum,TT,745
65531,LPL 2025 Split 2,2025-04-06,FPX,TT,Jwei,TT,326
65526,LPL 2025 Split 2,2025-04-06,JD Gaming,NIP,Ale,JD Gaming,1737
65526,LPL 2025 Split 2,2025-04-06,JD Gaming,NIP,XUN,JD Gaming,339
65526,LPL 2025 Split 2,2025-04-06,JD Gaming,NIP,Scout,JD Gaming,1048
65526,LPL 2025 Split 2,2025-04-06,JD Gaming,NIP,Peyz,JD Gaming,943
65526,LPL 2025 Split 2,2025-04-06,JD Gaming,NIP,Missing,JD Gaming,169
65526,LPL 2025 Split 2,2025-04-06,JD Gaming,NIP,shanji,NIP,-1737
65526,LPL 2025 Split 2,2025-04-06,JD Gaming,NIP,AKi,NIP,-339
65526,LPL 2025 Split 2,2025-04-06,JD Gaming,NIP,Doinb,NIP,-1048
65526,LPL 2025 Split 2,2025-04-06,JD Gaming,NIP,Leave,NIP,-943
65526,LPL 2025 Split 2,2025-04-06,JD Gaming,NIP,Ppgod,NIP,-169
65527,LPL 2025 Split 2,2025-04-06,JD Gaming,NIP,shanji,JD Gaming,-16
65527,LPL 2025 Split 2,2025-04-06,JD Gaming,NIP,AKi,JD Gaming,817
65527,LPL 2025 Split 2,2025-04-06,JD Gaming,NIP,Doinb,JD Gaming,244
65527,LPL 2025 Split 2,2025-04-06,JD Gaming,NIP,Leave,JD Gaming,257
65527,LPL 2025 Split 2,2025-04-06,JD Gaming,NIP,Ppgod,JD Gaming,213
65527,LPL 2025 Split 2,2025-04-06,JD Gaming,NIP,Ale,NIP,16
65527,LPL 2025 Split 2,2025-04-06,JD Gaming,NIP,XUN,NIP,-817
65527,LPL 2025 Split 2,2025-04-06,JD Gaming,NIP,Scout,NIP,-244
65527,LPL 2025 Split 2,2025-04-06,JD Gaming,NIP,Peyz,NIP,-257
65527,LPL 2025 Split 2,2025-04-06,JD Gaming,NIP,Missing,NIP,-213
65523,LPL 2025 Split 2,2025-04-05,Top Esports,AL,Flandre,Top Esports,273
65523,LPL 2025 Split 2,2025-04-05,Top Esports,AL,Tarzan,Top Esports,642
65523,LPL 2025 Split 2,2025-04-05,Top Esports,AL,Shanks,Top Esports,243
65523,LPL 2025 Split 2,2025-04-05,Top Esports,AL,Hope,Top Esports,1065
65523,LPL 2025 Split 2,2025-04-05,Top Esports,AL,Kael,Top Esports,320
65523,LPL 2025 Split 2,2025-04-05,Top Esports,AL,369,AL,-273
65523,LPL 2025 Split 2,2025-04-05,Top Esports,AL,Kanavi,AL,-642
65523,LPL 2025 Split 2,2025-04-05,Top Esports,AL,Creme,AL,-243
65523,LPL 2025 Split 2,2025-04-05,Top Esports,AL,JackeyLove,AL,-1065
65523,LPL 2025 Split 2,2025-04-05,Top Esports,AL,Crisp,AL,-320
65524,LPL 2025 Split 2,2025-04-05,Top Esports,AL,369,Top Esports,1240
65524,LPL 2025 Split 2,2025-04-05,Top Esports,AL,Kanavi,Top Esports,-214
65524,LPL 2025 Split 2,2025-04-05,Top Esports,AL,Creme,Top Esports,285
65524,LPL 2025 Split 2,2025-04-05,Top Esports,AL,JackeyLove,Top Esports,399
65524,LPL 2025 Split 2,2025-04-05,Top Esports,AL,Crisp,Top Esports,296
65524,LPL 2025 Split 2,2025-04-05,Top Esports,AL,Flandre,AL,-1240
65524,LPL 2025 Split 2,2025-04-05,Top Esports,AL,Tarzan,AL,214
65524,LPL 2025 Split 2,2025-04-05,Top Esports,AL,Shanks,AL,-285
65524,LPL 2025 Split 2,2025-04-05,Top Esports,AL,Hope,AL,-399
65524,LPL 2025 Split 2,2025-04-05,Top Esports,AL,Kael,AL,-296
65525,LPL 2025 Split 2,2025-04-05,Top Esports,AL,Flandre,Top Esports,-1111
65525,LPL 2025 Split 2,2025-04-05,Top Esports,AL,Tarzan,Top Esports,-773
65525,LPL 2025 Split 2,2025-04-05,Top Esports,AL,Shanks,Top Esports,89
65525,LPL 2025 Split 2,2025-04-05,Top Esports,AL,Hope,Top Esports,-108
65525,LPL 2025 Split 2,2025-04-05,Top Esports,AL,Kael,Top Esports,-594
65525,LPL 2025 Split 2,2025-04-05,Top Esports,AL,369,AL,1111
65525,LPL 2025 Split 2,2025-04-05,Top Esports,AL,Kanavi,AL,773
65525,LPL 2025 Split 2,2025-04-05,Top Esports,AL,Creme,AL,-89
65525,LPL 2025 Split 2,2025-04-05,Top Esports,AL,JackeyLove,AL,108
65525,LPL 2025 Split 2,2025-04-05,Top Esports,AL,Crisp,AL,594
65520,LPL 2025 Split 2,2025-04-05,TT,BLG,Hoya,TT,-876
65520,LPL 2025 Split 2,2025-04-05,TT,BLG,Beichuan,TT,-978
65520,LPL 2025 Split 2,2025-04-05,TT,BLG,SeTab,TT,-804
65520,LPL 2025 Split 2,2025-04-05,TT,BLG,1xn,TT,-890
65520,LPL 2025 Split 2,2025-04-05,TT,BLG,Feather,TT,-298
65520,LPL 2025 Split 2,2025-04-05,TT,BLG,Bin,BLG,876
65520,LPL 2025 Split 2,2025-04-05,TT,BLG,Wei,BLG,978
65520,LPL 2025 Split 2,2025-04-05,TT,BLG,Knight,BLG,804
65520,LPL 2025 Split 2,2025-04-05,TT,BLG,Elk,BLG,890
65520,LPL 2025 Split 2,2025-04-05,TT,BLG,ON,BLG,298
65521,LPL 2025 Split 2,2025-04-05,TT,BLG,Hoya,TT,-1112
65521,LPL 2025 Split 2,2025-04-05,TT,BLG,Beichuan,TT,-437
65521,LPL 2025 Split 2,2025-04-05,TT,BLG,SeTab,TT,-514
65521,LPL 2025 Split 2,2025-04-05,TT,BLG,1xn,TT,1103
65521,LPL 2025 Split 2,2025-04-05,TT,BLG,Feather,TT,493
65521,LPL 2025 Split 2,2025-04-05,TT,BLG,Bin,BLG,1112
65521,LPL 2025 Split 2,2025-04-05,TT,BLG,Wei,BLG,437
65521,LPL 2025 Split 2,2025-04-05,TT,BLG,Knight,BLG,514
65521,LPL 2025 Split 2,2025-04-05,TT,BLG,Elk,BLG,-1103
65521,LPL 2025 Split 2,2025-04-05,TT,BLG,ON,BLG,-493
65517,LPL 2025 Split 2,2025-04-05,IG,FPX,sheer,IG,-162
65517,LPL 2025 Split 2,2025-04-05,IG,FPX,Shad0w,IG,247
65517,LPL 2025 Split 2,2025-04-05,IG,FPX,Care,IG,-853
65517,LPL 2025 Split 2,2025-04-05,IG,FPX,Assum,IG,425
65517,LPL 2025 Split 2,2025-04-05,IG,FPX,Jwei,IG,437
65517,LPL 2025 Split 2,2025-04-05,IG,FPX,TheShy,FPX,162
65517,LPL 2025 Split 2,2025-04-05,IG,FPX,Jiejie,FPX,-247
65517,LPL 2025 Split 2,2025-04-05,IG,FPX,RooKie,FPX,853
65517,LPL 2025 Split 2,2025-04-05,IG,FPX,GALA,FPX,-425
65517,LPL 2025 Split 2,2025-04-05,IG,FPX,meiko,FPX,-437
65518,LPL 2025 Split 2,2025-04-05,IG,FPX,TheShy,IG,694
65518,LPL 2025 Split 2,2025-04-05,IG,FPX,Jiejie,IG,-712
65518,LPL 2025 Split 2,2025-04-05,IG,FPX,RooKie,IG,-897
65518,LPL 2025 Split 2,2025-04-05,IG,FPX,GALA,IG,-177
65518,LPL 2025 Split 2,2025-04-05,IG,FPX,meiko,IG,-381
65518,LPL 2025 Split 2,2025-04-05,IG,FPX,sheer,FPX,-694
65518,LPL 2025 Split 2,2025-04-05,IG,FPX,Shad0w,FPX,712
65518,LPL 2025 Split 2,2025-04-05,IG,FPX,Care,FPX,897
65518,LPL 2025 Split 2,2025-04-05,IG,FPX,Assum,FPX,177
65518,LPL 2025 Split 2,2025-04-05,IG,FPX,Jwei,FPX,381
65519,LPL 2025 Split 2,2025-04-05,IG,FPX,sheer,IG,-434
65519,LPL 2025 Split 2,2025-04-05,IG,FPX,Shad0w,IG,-1177
65519,LPL 2025 Split 2,2025-04-05,IG,FPX,Care,IG,1128
65519,LPL 2025 Split 2,2025-04-05,IG,FPX,Assum,IG,-1327
65519,LPL 2025 Split 2,2025-04-05,IG,FPX,Jwei,IG,449
65519,LPL 2025 Split 2,2025-04-05,IG,FPX,TheShy,FPX,434
65519,LPL 2025 Split 2,2025-04-05,IG,FPX,Jiejie,FPX,1177
65519,LPL 2025 Split 2,2025-04-05,IG,FPX,RooKie,FPX,-1128
65519,LPL 2025 Split 2,2025-04-05,IG,FPX,GALA,FPX,1327
65519,LPL 2025 Split 2,2025-04-05,IG,FPX,meiko,FPX,-449
69141,LPL 2025 Split 2 Playoffs,2025-06-14,AL,BLG,Flandre,AL,-501
69141,LPL 2025 Split 2 Playoffs,2025-06-14,AL,BLG,Tarzan,AL,336
69141,LPL 2025 Split 2 Playoffs,2025-06-14,AL,BLG,Shanks,AL,660
69141,LPL 2025 Split 2 Playoffs,2025-06-14,AL,BLG,Hope,AL,943
69141,LPL 2025 Split 2 Playoffs,2025-06-14,AL,BLG,Kael,AL,166
69141,LPL 2025 Split 2 Playoffs,2025-06-14,AL,BLG,Bin,BLG,501
69141,LPL 2025 Split 2 Playoffs,2025-06-14,AL,BLG,Beichuan,BLG,-336
69141,LPL 2025 Split 2 Playoffs,2025-06-14,AL,BLG,Knight,BLG,-660
69141,LPL 2025 Split 2 Playoffs,2025-06-14,AL,BLG,Elk,BLG,-943
69141,LPL 2025 Split 2 Playoffs,2025-06-14,AL,BLG,ON,BLG,-166
69142,LPL 2025 Split 2 Playoffs,2025-06-14,AL,BLG,Bin,AL,668
69142,LPL 2025 Split 2 Playoffs,2025-06-14,AL,BLG,Beichuan,AL,188
69142,LPL 2025 Split 2 Playoffs,2025-06-14,AL,BLG,Knight,AL,-520
69142,LPL 2025 Split 2 Playoffs,2025-06-14,AL,BLG,Elk,AL,890
69142,LPL 2025 Split 2 Playoffs,2025-06-14,AL,BLG,ON,AL,-434
69142,LPL 2025 Split 2 Playoffs,2025-06-14,AL,BLG,Flandre,BLG,-668
69142,LPL 2025 Split 2 Playoffs,2025-06-14,AL,BLG,Tarzan,BLG,-188
69142,LPL 2025 Split 2 Playoffs,2025-06-14,AL,BLG,Shanks,BLG,520
69142,LPL 2025 Split 2 Playoffs,2025-06-14,AL,BLG,Hope,BLG,-890
69142,LPL 2025 Split 2 Playoffs,2025-06-14,AL,BLG,Kael,BLG,434
69143,LPL 2025 Split 2 Playoffs,2025-06-14,AL,BLG,Bin,AL,413
69143,LPL 2025 Split 2 Playoffs,2025-06-14,AL,BLG,Beichuan,AL,-164
69143,LPL 2025 Split 2 Playoffs,2025-06-14,AL,BLG,Knight,AL,-483
69143,LPL 2025 Split 2 Playoffs,2025-06-14,AL,BLG,Elk,AL,457
69143,LPL 2025 Split 2 Playoffs,2025-06-14,AL,BLG,ON,AL,516
69143,LPL 2025 Split 2 Playoffs,2025-06-14,AL,BLG,Flandre,BLG,-413
69143,LPL 2025 Split 2 Playoffs,2025-06-14,AL,BLG,Tarzan,BLG,164
69143,LPL 2025 Split 2 Playoffs,2025-06-14,AL,BLG,Shanks,BLG,483
69143,LPL 2025 Split 2 Playoffs,2025-06-14,AL,BLG,Hope,BLG,-457
69143,LPL 2025 Split 2 Playoffs,2025-06-14,AL,BLG,Kael,BLG,-516
69144,LPL 2025 Split 2 Playoffs,2025-06-14,AL,BLG,Flandre,AL,-75
69144,LPL 2025 Split 2 Playoffs,2025-06-14,AL,BLG,Tarzan,AL,113
69144,LPL 2025 Split 2 Playoffs,2025-06-14,AL,BLG,Shanks,AL,-7
69144,LPL 2025 Split 2 Playoffs,2025-06-14,AL,BLG,Hope,AL,-97
69144,LPL 2025 Split 2 Playoffs,2025-06-14,AL,BLG,Kael,AL,29
69144,LPL 2025 Split 2 Playoffs,2025-06-14,AL,BLG,Bin,BLG,75
69144,LPL 2025 Split 2 Playoffs,2025-06-14,AL,BLG,Beichuan,BLG,-113
69144,LPL 2025 Split 2 Playoffs,2025-06-14,AL,BLG,Knight,BLG,7
69144,LPL 2025 Split 2 Playoffs,2025-06-14,AL,BLG,Elk,BLG,97
69144,LPL 2025 Split 2 Playoffs,2025-06-14,AL,BLG,ON,BLG,-29
69125,LPL 2025 Split 2 Playoffs,2025-06-13,BLG,IG,Bin,BLG,1744
69125,LPL 2025 Split 2 Playoffs,2025-06-13,BLG,IG,Beichuan,BLG,-51
69125,LPL 2025 Split 2 Playoffs,2025-06-13,BLG,IG,Knight,BLG,-47
69125,LPL 2025 Split 2 Playoffs,2025-06-13,BLG,IG,Elk,BLG,-434
69125,LPL 2025 Split 2 Playoffs,2025-06-13,BLG,IG,ON,BLG,736
69125,LPL 2025 Split 2 Playoffs,2025-06-13,BLG,IG,TheShy,IG,-1744
69125,LPL 2025 Split 2 Playoffs,2025-06-13,BLG,IG,Jiejie,IG,51
69125,LPL 2025 Split 2 Playoffs,2025-06-13,BLG,IG,RooKie,IG,47
69125,LPL 2025 Split 2 Playoffs,2025-06-13,BLG,IG,GALA,IG,434
69125,LPL 2025 Split 2 Playoffs,2025-06-13,BLG,IG,meiko,IG,-736
69126,LPL 2025 Split 2 Playoffs,2025-06-13,BLG,IG,Bin,BLG,471
69126,LPL 2025 Split 2 Playoffs,2025-06-13,BLG,IG,Beichuan,BLG,133
69126,LPL 2025 Split 2 Playoffs,2025-06-13,BLG,IG,Knight,BLG,311
69126,LPL 2025 Split 2 Playoffs,2025-06-13,BLG,IG,Elk,BLG,520
69126,LPL 2025 Split 2 Playoffs,2025-06-13,BLG,IG,ON,BLG,269
69126,LPL 2025 Split 2 Playoffs,2025-06-13,BLG,IG,TheShy,IG,-471
69126,LPL 2025 Split 2 Playoffs,2025-06-13,BLG,IG,Jiejie,IG,-133
69126,LPL 2025 Split 2 Playoffs,2025-06-13,BLG,IG,RooKie,IG,-311
69126,LPL 2025 Split 2 Playoffs,2025-06-13,BLG,IG,GALA,IG,-520
69126,LPL 2025 Split 2 Playoffs,2025-06-13,BLG,IG,meiko,IG,-269
69127,LPL 2025 Split 2 Playoffs,2025-06-13,BLG,IG,TheShy,BLG,1005
69127,LPL 2025 Split 2 Playoffs,2025-06-13,BLG,IG,Jiejie,BLG,-531
69127,LPL 2025 Split 2 Playoffs,2025-06-13,BLG,IG,RooKie,BLG,1110
69127,LPL 2025 Split 2 Playoffs,2025-06-13,BLG,IG,GALA,BLG,43
69127,LPL 2025 Split 2 Playoffs,2025-06-13,BLG,IG,meiko,BLG,-250
69127,LPL 2025 Split 2 Playoffs,2025-06-13,BLG,IG,Bin,IG,-1005
69127,LPL 2025 Split 2 Playoffs,2025-06-13,BLG,IG,Beichuan,IG,531
69127,LPL 2025 Split 2 Playoffs,2025-06-13,BLG,IG,Knight,IG,-1110
69127,LPL 2025 Split 2 Playoffs,2025-06-13,BLG,IG,Elk,IG,-43
69127,LPL 2025 Split 2 Playoffs,2025-06-13,BLG,IG,ON,IG,250
69128,LPL 2025 Split 2 Playoffs,2025-06-13,BLG,IG,TheShy,BLG,611
69128,LPL 2025 Split 2 Playoffs,2025-06-13,BLG,IG,Jiejie,BLG,-296
69128,LPL 2025 Split 2 Playoffs,2025-06-13,BLG,IG,RooKie,BLG,-964
69128,LPL 2025 Split 2 Playoffs,2025-06-13,BLG,IG,GALA,BLG,-534
69128,LPL 2025 Split 2 Playoffs,2025-06-13,BLG,IG,meiko,BLG,-409
69128,LPL 2025 Split 2 Playoffs,2025-06-13,BLG,IG,Bin,IG,-611
69128,LPL 2025 Split 2 Playoffs,2025-06-13,BLG,IG,Beichuan,IG,296
69128,LPL 2025 Split 2 Playoffs,2025-06-13,BLG,IG,Knight,IG,964
69128,LPL 2025 Split 2 Playoffs,2025-06-13,BLG,IG,Elk,IG,534
69128,LPL 2025 Split 2 Playoffs,2025-06-13,BLG,IG,ON,IG,409
69064,LPL 2025 Split 2 Playoffs,2025-06-11,IG,Team WE,Cube,IG,-528
69064,LPL 2025 Split 2 Playoffs,2025-06-11,IG,Team WE,Monki,IG,-1425
69064,LPL 2025 Split 2 Playoffs,2025-06-11,IG,Team WE,Karis,IG,-797
69064,LPL 2025 Split 2 Playoffs,2025-06-11,IG,Team WE,Taeyoon,IG,-96
69064,LPL 2025 Split 2 Playoffs,2025-06-11,IG,Team WE,Vampire,IG,118
69064,LPL 2025 Split 2 Playoffs,2025-06-11,IG,Team WE,TheShy,Team WE,528
69064,LPL 2025 Split 2 Playoffs,2025-06-11,IG,Team WE,Jiejie,Team WE,1425
69064,LPL 2025 Split 2 Playoffs,2025-06-11,IG,Team WE,RooKie,Team WE,797
69064,LPL 2025 Split 2 Playoffs,2025-06-11,IG,Team WE,GALA,Team WE,96
69064,LPL 2025 Split 2 Playoffs,2025-06-11,IG,Team WE,meiko,Team WE,-118
69065,LPL 2025 Split 2 Playoffs,2025-06-11,IG,Team WE,Cube,IG,-380
69065,LPL 2025 Split 2 Playoffs,2025-06-11,IG,Team WE,Monki,IG,-1127
69065,LPL 2025 Split 2 Playoffs,2025-06-11,IG,Team WE,Karis,IG,-359
69065,LPL 2025 Split 2 Playoffs,2025-06-11,IG,Team WE,Taeyoon,IG,338
69065,LPL 2025 Split 2 Playoffs,2025-06-11,IG,Team WE,Vampire,IG,-650
69065,LPL 2025 Split 2 Playoffs,2025-06-11,IG,Team WE,TheShy,Team WE,380
69065,LPL 2025 Split 2 Playoffs,2025-06-11,IG,Team WE,Jiejie,Team WE,1127
69065,LPL 2025 Split 2 Playoffs,2025-06-11,IG,Team WE,RooKie,Team WE,359
69065,LPL 2025 Split 2 Playoffs,2025-06-11,IG,Team WE,GALA,Team WE,-338
69065,LPL 2025 Split 2 Playoffs,2025-06-11,IG,Team WE,meiko,Team WE,650
69066,LPL 2025 Split 2 Playoffs,2025-06-11,IG,Team WE,Cube,IG,-1335
69066,LPL 2025 Split 2 Playoffs,2025-06-11,IG,Team WE,Monki,IG,-144
69066,LPL 2025 Split 2 Playoffs,2025-06-11,IG,Team WE,Karis,IG,210
69066,LPL 2025 Split 2 Playoffs,2025-06-11,IG,Team WE,Taeyoon,IG,703
69066,LPL 2025 Split 2 Playoffs,2025-06-11,IG,Team WE,Vampire,IG,542
69066,LPL 2025 Split 2 Playoffs,2025-06-11,IG,Team WE,TheShy,Team WE,1335
69066,LPL 2025 Split 2 Playoffs,2025-06-11,IG,Team WE,Jiejie,Team WE,144
69066,LPL 2025 Split 2 Playoffs,2025-06-11,IG,Team WE,RooKie,Team WE,-210
69066,LPL 2025 Split 2 Playoffs,2025-06-11,IG,Team WE,GALA,Team WE,-703
69066,LPL 2025 Split 2 Playoffs,2025-06-11,IG,Team WE,meiko,Team WE,-542
68940,LPL 2025 Split 2 Playoffs,2025-06-09,BLG,AL,Flandre,BLG,-42
68940,LPL 2025 Split 2 Playoffs,2025-06-09,BLG,AL,Tarzan,BLG,585
68940,LPL 2025 Split 2 Playoffs,2025-06-09,BLG,AL,Shanks,BLG,-240
68940,LPL 2025 Split 2 Playoffs,2025-06-09,BLG,AL,Hope,BLG,743
68940,LPL 2025 Split 2 Playoffs,2025-06-09,BLG,AL,Kael,BLG,27
68940,LPL 2025 Split 2 Playoffs,2025-06-09,BLG,AL,Bin,AL,42
68940,LPL 2025 Split 2 Playoffs,2025-06-09,BLG,AL,Beichuan,AL,-585
68940,LPL 2025 Split 2 Playoffs,2025-06-09,BLG,AL,Knight,AL,240
68940,LPL 2025 Split 2 Playoffs,2025-06-09,BLG,AL,Elk,AL,-743
68940,LPL 2025 Split 2 Playoffs,2025-06-09,BLG,AL,ON,AL,-27
68941,LPL 2025 Split 2 Playoffs,2025-06-09,BLG,AL,Bin,BLG,676
68941,LPL 2025 Split 2 Playoffs,2025-06-09,BLG,AL,Beichuan,BLG,700
68941,LPL 2025 Split 2 Playoffs,2025-06-09,BLG,AL,Knight,BLG,905
68941,LPL 2025 Split 2 Playoffs,2025-06-09,BLG,AL,Elk,BLG,625
68941,LPL 2025 Split 2 Playoffs,2025-06-09,BLG,AL,ON,BLG,61
68941,LPL 2025 Split 2 Playoffs,2025-06-09,BLG,AL,Flandre,AL,-676
68941,LPL 2025 Split 2 Playoffs,2025-06-09,BLG,AL,Tarzan,AL,-700
68941,LPL 2025 Split 2 Playoffs,2025-06-09,BLG,AL,Shanks,AL,-905
68941,LPL 2025 Split 2 Playoffs,2025-06-09,BLG,AL,Hope,AL,-625
68941,LPL 2025 Split 2 Playoffs,2025-06-09,BLG,AL,Kael,AL,-61
68942,LPL 2025 Split 2 Playoffs,2025-06-09,BLG,AL,Flandre,BLG,-787
68942,LPL 2025 Split 2 Playoffs,2025-06-09,BLG,AL,Tarzan,BLG,263
68942,LPL 2025 Split 2 Playoffs,2025-06-09,BLG,AL,Shanks,BLG,457
68942,LPL 2025 Split 2 Playoffs,2025-06-09,BLG,AL,Hope,BLG,174
68942,LPL 2025 Split 2 Playoffs,2025-06-09,BLG,AL,Kael,BLG,186
68942,LPL 2025 Split 2 Playoffs,2025-06-09,BLG,AL,Bin,AL,787
68942,LPL 2025 Split 2 Playoffs,2025-06-09,BLG,AL,Beichuan,AL,-263
68942,LPL 2025 Split 2 Playoffs,2025-06-09,BLG,AL,Knight,AL,-457
68942,LPL 2025 Split 2 Playoffs,2025-06-09,BLG,AL,Elk,AL,-174
68942,LPL 2025 Split 2 Playoffs,2025-06-09,BLG,AL,ON,AL,-186
68943,LPL 2025 Split 2 Playoffs,2025-06-09,BLG,AL,Bin,BLG,1145
68943,LPL 2025 Split 2 Playoffs,2025-06-09,BLG,AL,Beichuan,BLG,961
68943,LPL 2025 Split 2 Playoffs,2025-06-09,BLG,AL,Knight,BLG,1236
68943,LPL 2025 Split 2 Playoffs,2025-06-09,BLG,AL,Elk,BLG,1056
68943,LPL 2025 Split 2 Playoffs,2025-06-09,BLG,AL,ON,BLG,756
68943,LPL 2025 Split 2 Playoffs,2025-06-09,BLG,AL,Flandre,AL,-1145
68943,LPL 2025 Split 2 Playoffs,2025-06-09,BLG,AL,Tarzan,AL,-961
68943,LPL 2025 Split 2 Playoffs,2025-06-09,BLG,AL,Shanks,AL,-1236
68943,LPL 2025 Split 2 Playoffs,2025-06-09,BLG,AL,Hope,AL,-1056
68943,LPL 2025 Split 2 Playoffs,2025-06-09,BLG,AL,Kael,AL,-756
68944,LPL 2025 Split 2 Playoffs,2025-06-09,BLG,AL,Flandre,BLG,-1003
68944,LPL 2025 Split 2 Playoffs,2025-06-09,BLG,AL,Tarzan,BLG,581
68944,LPL 2025 Split 2 Playoffs,2025-06-09,BLG,AL,Shanks,BLG,135
68944,LPL 2025 Split 2 Playoffs,2025-06-09,BLG,AL,Hope,BLG,89
68944,LPL 2025 Split 2 Playoffs,2025-06-09,BLG,AL,Kael,BLG,496
68944,LPL 2025 Split 2 Playoffs,2025-06-09,BLG,AL,Bin,AL,1003
68944,LPL 2025 Split 2 Playoffs,2025-06-09,BLG,AL,Beichuan,AL,-581
68944,LPL 2025 Split 2 Playoffs,2025-06-09,BLG,AL,Knight,AL,-135
68944,LPL 2025 Split 2 Playoffs,2025-06-09,BLG,AL,Elk,AL,-89
68944,LPL 2025 Split 2 Playoffs,2025-06-09,BLG,AL,ON,AL,-496
68935,LPL 2025 Split 2 Playoffs,2025-06-08,Top Esports,Team WE,369,Top Esports,61
68935,LPL 2025 Split 2 Playoffs,2025-06-08,Top Esports,Team WE,Kanavi,Top Esports,1931
68935,LPL 2025 Split 2 Playoffs,2025-06-08,Top Esports,Team WE,Creme,Top Esports,-49
68935,LPL 2025 Split 2 Playoffs,2025-06-08,Top Esports,Team WE,JackeyLove,Top Esports,-1094
68935,LPL 2025 Split 2 Playoffs,2025-06-08,Top Esports,Team WE,Crisp,Top Esports,113
68935,LPL 2025 Split 2 Playoffs,2025-06-08,Top Esports,Team WE,Cube,Team WE,-61
68935,LPL 2025 Split 2 Playoffs,2025-06-08,Top Esports,Team WE,Monki,Team WE,-1931
68935,LPL 2025 Split 2 Playoffs,2025-06-08,Top Esports,Team WE,Karis,Team WE,49
68935,LPL 2025 Split 2 Playoffs,2025-06-08,Top Esports,Team WE,Taeyoon,Team WE,1094
68935,LPL 2025 Split 2 Playoffs,2025-06-08,Top Esports,Team WE,Vampire,Team WE,-113
68936,LPL 2025 Split 2 Playoffs,2025-06-08,Top Esports,Team WE,Cube,Top Esports,419
68936,LPL 2025 Split 2 Playoffs,2025-06-08,Top Esports,Team WE,Monki,Top Esports,552
68936,LPL 2025 Split 2 Playoffs,2025-06-08,Top Esports,Team WE,Karis,Top Esports,390
68936,LPL 2025 Split 2 Playoffs,2025-06-08,Top Esports,Team WE,Taeyoon,Top Esports,1090
68936,LPL 2025 Split 2 Playoffs,2025-06-08,Top Esports,Team WE,Vampire,Top Esports,547
68936,LPL 2025 Split 2 Playoffs,2025-06-08,Top Esports,Team WE,369,Team WE,-419
68936,LPL 2025 Split 2 Playoffs,2025-06-08,Top Esports,Team WE,Kanavi,Team WE,-552
68936,LPL 2025 Split 2 Playoffs,2025-06-08,Top Esports,Team WE,Creme,Team WE,-390
68936,LPL 2025 Split 2 Playoffs,2025-06-08,Top Esports,Team WE,JackeyLove,Team WE,-1090
68936,LPL 2025 Split 2 Playoffs,2025-06-08,Top Esports,Team WE,Crisp,Team WE,-547
68937,LPL 2025 Split 2 Playoffs,2025-06-08,Top Esports,Team WE,369,Top Esports,206
68937,LPL 2025 Split 2 Playoffs,2025-06-08,Top Esports,Team WE,Kanavi,Top Esports,-876
68937,LPL 2025 Split 2 Playoffs,2025-06-08,Top Esports,Team WE,Creme,Top Esports,-1590
68937,LPL 2025 Split 2 Playoffs,2025-06-08,Top Esports,Team WE,JackeyLove,Top Esports,48
68937,LPL 2025 Split 2 Playoffs,2025-06-08,Top Esports,Team WE,Crisp,Top Esports,-376
68937,LPL 2025 Split 2 Playoffs,2025-06-08,Top Esports,Team WE,Cube,Team WE,-206
68937,LPL 2025 Split 2 Playoffs,2025-06-08,Top Esports,Team WE,Monki,Team WE,876
68937,LPL 2025 Split 2 Playoffs,2025-06-08,Top Esports,Team WE,Karis,Team WE,1590
68937,LPL 2025 Split 2 Playoffs,2025-06-08,Top Esports,Team WE,Taeyoon,Team WE,-48
68937,LPL 2025 Split 2 Playoffs,2025-06-08,Top Esports,Team WE,Vampire,Team WE,376
68938,LPL 2025 Split 2 Playoffs,2025-06-08,Top Esports,Team WE,Cube,Top Esports,-1509
68938,LPL 2025 Split 2 Playoffs,2025-06-08,Top Esports,Team WE,Monki,Top Esports,-798
68938,LPL 2025 Split 2 Playoffs,2025-06-08,Top Esports,Team WE,Karis,Top Esports,131
68938,LPL 2025 Split 2 Playoffs,2025-06-08,Top Esports,Team WE,Taeyoon,Top Esports,1362
68938,LPL 2025 Split 2 Playoffs,2025-06-08,Top Esports,Team WE,Vampire,Top Esports,1105
68938,LPL 2025 Split 2 Playoffs,2025-06-08,Top Esports,Team WE,369,Team WE,1509
68938,LPL 2025 Split 2 Playoffs,2025-06-08,Top Esports,Team WE,Kanavi,Team WE,798
68938,LPL 2025 Split 2 Playoffs,2025-06-08,Top Esports,Team WE,Creme,Team WE,-131
68938,LPL 2025 Split 2 Playoffs,2025-06-08,Top Esports,Team WE,JackeyLove,Team WE,-1362
68938,LPL 2025 Split 2 Playoffs,2025-06-08,Top Esports,Team WE,Crisp,Team WE,-1105
68939,LPL 2025 Split 2 Playoffs,2025-06-08,Top Esports,Team WE,Cube,Top Esports,-230
68939,LPL 2025 Split 2 Playoffs,2025-06-08,Top Esports,Team WE,Monki,Top Esports,445
68939,LPL 2025 Split 2 Playoffs,2025-06-08,Top Esports,Team WE,Karis,Top Esports,1324
68939,LPL 2025 Split 2 Playoffs,2025-06-08,Top Esports,Team WE,Taeyoon,Top Esports,1145
68939,LPL 2025 Split 2 Playoffs,2025-06-08,Top Esports,Team WE,Vampire,Top Esports,535
68939,LPL 2025 Split 2 Playoffs,2025-06-08,Top Esports,Team WE,369,Team WE,230
68939,LPL 2025 Split 2 Playoffs,2025-06-08,Top Esports,Team WE,Kanavi,Team WE,-445
68939,LPL 2025 Split 2 Playoffs,2025-06-08,Top Esports,Team WE,Creme,Team WE,-1324
68939,LPL 2025 Split 2 Playoffs,2025-06-08,Top Esports,Team WE,JackeyLove,Team WE,-1145
68939,LPL 2025 Split 2 Playoffs,2025-06-08,Top Esports,Team WE,Crisp,Team WE,-535
68930,LPL 2025 Split 2 Playoffs,2025-06-07,WBG,IG,Breathe,WBG,7
68930,LPL 2025 Split 2 Playoffs,2025-06-07,WBG,IG,Tian,WBG,-179
68930,LPL 2025 Split 2 Playoffs,2025-06-07,WBG,IG,xiaohu,WBG,-19
68930,LPL 2025 Split 2 Playoffs,2025-06-07,WBG,IG,Light,WBG,353
68930,LPL 2025 Split 2 Playoffs,2025-06-07,WBG,IG,Erha,WBG,-98
68930,LPL 2025 Split 2 Playoffs,2025-06-07,WBG,IG,TheShy,IG,-7
68930,LPL 2025 Split 2 Playoffs,2025-06-07,WBG,IG,Jiejie,IG,179
68930,LPL 2025 Split 2 Playoffs,2025-06-07,WBG,IG,RooKie,IG,19
68930,LPL 2025 Split 2 Playoffs,2025-06-07,WBG,IG,GALA,IG,-353
68930,LPL 2025 Split 2 Playoffs,2025-06-07,WBG,IG,meiko,IG,98
68931,LPL 2025 Split 2 Playoffs,2025-06-07,WBG,IG,TheShy,WBG,486
68931,LPL 2025 Split 2 Playoffs,2025-06-07,WBG,IG,Jiejie,WBG,1298
68931,LPL 2025 Split 2 Playoffs,2025-06-07,WBG,IG,RooKie,WBG,1441
68931,LPL 2025 Split 2 Playoffs,2025-06-07,WBG,IG,GALA,WBG,583
68931,LPL 2025 Split 2 Playoffs,2025-06-07,WBG,IG,meiko,WBG,751
68931,LPL 2025 Split 2 Playoffs,2025-06-07,WBG,IG,Breathe,IG,-486
68931,LPL 2025 Split 2 Playoffs,2025-06-07,WBG,IG,Tian,IG,-1298
68931,LPL 2025 Split 2 Playoffs,2025-06-07,WBG,IG,xiaohu,IG,-1441
68931,LPL 2025 Split 2 Playoffs,2025-06-07,WBG,IG,Light,IG,-583
68931,LPL 2025 Split 2 Playoffs,2025-06-07,WBG,IG,Erha,IG,-751
68932,LPL 2025 Split 2 Playoffs,2025-06-07,WBG,IG,Breathe,WBG,268
68932,LPL 2025 Split 2 Playoffs,2025-06-07,WBG,IG,Tian,WBG,268
68932,LPL 2025 Split 2 Playoffs,2025-06-07,WBG,IG,xiaohu,WBG,-484
68932,LPL 2025 Split 2 Playoffs,2025-06-07,WBG,IG,Light,WBG,-561
68932,LPL 2025 Split 2 Playoffs,2025-06-07,WBG,IG,Erha,WBG,93
68932,LPL 2025 Split 2 Playoffs,2025-06-07,WBG,IG,TheShy,IG,-268
68932,LPL 2025 Split 2 Playoffs,2025-06-07,WBG,IG,Jiejie,IG,-268
68932,LPL 2025 Split 2 Playoffs,2025-06-07,WBG,IG,RooKie,IG,484
68932,LPL 2025 Split 2 Playoffs,2025-06-07,WBG,IG,GALA,IG,561
68932,LPL 2025 Split 2 Playoffs,2025-06-07,WBG,IG,meiko,IG,-93
68933,LPL 2025 Split 2 Playoffs,2025-06-07,WBG,IG,Breathe,WBG,-377
68933,LPL 2025 Split 2 Playoffs,2025-06-07,WBG,IG,Tian,WBG,666
68933,LPL 2025 Split 2 Playoffs,2025-06-07,WBG,IG,xiaohu,WBG,1045
68933,LPL 2025 Split 2 Playoffs,2025-06-07,WBG,IG,Light,WBG,445
68933,LPL 2025 Split 2 Playoffs,2025-06-07,WBG,IG,Erha,WBG,146
68933,LPL 2025 Split 2 Playoffs,2025-06-07,WBG,IG,TheShy,IG,377
68933,LPL 2025 Split 2 Playoffs,2025-06-07,WBG,IG,Jiejie,IG,-666
68933,LPL 2025 Split 2 Playoffs,2025-06-07,WBG,IG,RooKie,IG,-1045
68933,LPL 2025 Split 2 Playoffs,2025-06-07,WBG,IG,GALA,IG,-445
68933,LPL 2025 Split 2 Playoffs,2025-06-07,WBG,IG,meiko,IG,-146
68747,LPL 2025 Split 2 Playoffs,2025-06-05,Team WE,JD Gaming,Cube,Team WE,240
68747,LPL 2025 Split 2 Playoffs,2025-06-05,Team WE,JD Gaming,Monki,Team WE,502
68747,LPL 2025 Split 2 Playoffs,2025-06-05,Team WE,JD Gaming,Karis,Team WE,161
68747,LPL 2025 Split 2 Playoffs,2025-06-05,Team WE,JD Gaming,Taeyoon,Team WE,-672
68747,LPL 2025 Split 2 Playoffs,2025-06-05,Team WE,JD Gaming,Vampire,Team WE,574
68747,LPL 2025 Split 2 Playoffs,2025-06-05,Team WE,JD Gaming,Ale,JD Gaming,-240
68747,LPL 2025 Split 2 Playoffs,2025-06-05,Team WE,JD Gaming,XUN,JD Gaming,-502
68747,LPL 2025 Split 2 Playoffs,2025-06-05,Team WE,JD Gaming,Scout,JD Gaming,-161
68747,LPL 2025 Split 2 Playoffs,2025-06-05,Team WE,JD Gaming,Peyz,JD Gaming,672
68747,LPL 2025 Split 2 Playoffs,2025-06-05,Team WE,JD Gaming,Missing,JD Gaming,-574
68748,LPL 2025 Split 2 Playoffs,2025-06-05,Team WE,JD Gaming,Ale,Team WE,642
68748,LPL 2025 Split 2 Playoffs,2025-06-05,Team WE,JD Gaming,XUN,Team WE,-215
68748,LPL 2025 Split 2 Playoffs,2025-06-05,Team WE,JD Gaming,Scout,Team WE,-611
68748,LPL 2025 Split 2 Playoffs,2025-06-05,Team WE,JD Gaming,Peyz,Team WE,55
68748,LPL 2025 Split 2 Playoffs,2025-06-05,Team WE,JD Gaming,Missing,Team WE,138
68748,LPL 2025 Split 2 Playoffs,2025-06-05,Team WE,JD Gaming,Cube,JD Gaming,-642
68748,LPL 2025 Split 2 Playoffs,2025-06-05,Team WE,JD Gaming,Monki,JD Gaming,215
68748,LPL 2025 Split 2 Playoffs,2025-06-05,Team WE,JD Gaming,Karis,JD Gaming,611
68748,LPL 2025 Split 2 Playoffs,2025-06-05,Team WE,JD Gaming,Taeyoon,JD Gaming,-55
68748,LPL 2025 Split 2 Playoffs,2025-06-05,Team WE,JD Gaming,Vampire,JD Gaming,-138
68749,LPL 2025 Split 2 Playoffs,2025-06-05,Team WE,JD Gaming,Cube,Team WE,408
68749,LPL 2025 Split 2 Playoffs,2025-06-05,Team WE,JD Gaming,Monki,Team WE,99
68749,LPL 2025 Split 2 Playoffs,2025-06-05,Team WE,JD Gaming,Karis,Team WE,-376
68749,LPL 2025 Split 2 Playoffs,2025-06-05,Team WE,JD Gaming,Taeyoon,Team WE,-345
68749,LPL 2025 Split 2 Playoffs,2025-06-05,Team WE,JD Gaming,Vampire,Team WE,-19
68749,LPL 2025 Split 2 Playoffs,2025-06-05,Team WE,JD Gaming,Ale,JD Gaming,-408
68749,LPL 2025 Split 2 Playoffs,2025-06-05,Team WE,JD Gaming,XUN,JD Gaming,-99
68749,LPL 2025 Split 2 Playoffs,2025-06-05,Team WE,JD Gaming,Scout,JD Gaming,376
68749,LPL 2025 Split 2 Playoffs,2025-06-05,Team WE,JD Gaming,Peyz,JD Gaming,345
68749,LPL 2025 Split 2 Playoffs,2025-06-05,Team WE,JD Gaming,Missing,JD Gaming,19
68750,LPL 2025 Split 2 Playoffs,2025-06-05,Team WE,JD Gaming,Ale,Team WE,279
68750,LPL 2025 Split 2 Playoffs,2025-06-05,Team WE,JD Gaming,XUN,Team WE,88
68750,LPL 2025 Split 2 Playoffs,2025-06-05,Team WE,JD Gaming,Scout,Team WE,-263
68750,LPL 2025 Split 2 Playoffs,2025-06-05,Team WE,JD Gaming,Peyz,Team WE,94
68750,LPL 2025 Split 2 Playoffs,2025-06-05,Team WE,JD Gaming,Missing,Team WE,-451
68750,LPL 2025 Split 2 Playoffs,2025-06-05,Team WE,JD Gaming,Cube,JD Gaming,-279
68750,LPL 2025 Split 2 Playoffs,2025-06-05,Team WE,JD Gaming,Monki,JD Gaming,-88
68750,LPL 2025 Split 2 Playoffs,2025-06-05,Team WE,JD Gaming,Karis,JD Gaming,263
68750,LPL 2025 Split 2 Playoffs,2025-06-05,Team WE,JD Gaming,Taeyoon,JD Gaming,-94
68750,LPL 2025 Split 2 Playoffs,2025-06-05,Team WE,JD Gaming,Vampire,JD Gaming,451
68742,LPL 2025 Split 2 Playoffs,2025-06-04,FPX,IG,sheer,FPX,52
68742,LPL 2025 Split 2 Playoffs,2025-06-04,FPX,IG,Shad0w,FPX,341
68742,LPL 2025 Split 2 Playoffs,2025-06-04,FPX,IG,Care,FPX,-78
68742,LPL 2025 Split 2 Playoffs,2025-06-04,FPX,IG,Assum,FPX,-31
68742,LPL 2025 Split 2 Playoffs,2025-06-04,FPX,IG,Jwei,FPX,-8
68742,LPL 2025 Split 2 Playoffs,2025-06-04,FPX,IG,TheShy,IG,-52
68742,LPL 2025 Split 2 Playoffs,2025-06-04,FPX,IG,Jiejie,IG,-341
68742,LPL 2025 Split 2 Playoffs,2025-06-04,FPX,IG,RooKie,IG,78
68742,LPL 2025 Split 2 Playoffs,2025-06-04,FPX,IG,GALA,IG,31
68742,LPL 2025 Split 2 Playoffs,2025-06-04,FPX,IG,meiko,IG,8
68743,LPL 2025 Split 2 Playoffs,2025-06-04,FPX,IG,sheer,FPX,-815
68743,LPL 2025 Split 2 Playoffs,2025-06-04,FPX,IG,Shad0w,FPX,2156
68743,LPL 2025 Split 2 Playoffs,2025-06-04,FPX,IG,Care,FPX,396
68743,LPL 2025 Split 2 Playoffs,2025-06-04,FPX,IG,Assum,FPX,329
68743,LPL 2025 Split 2 Playoffs,2025-06-04,FPX,IG,Jwei,FPX,333
68743,LPL 2025 Split 2 Playoffs,2025-06-04,FPX,IG,TheShy,IG,815
68743,LPL 2025 Split 2 Playoffs,2025-06-04,FPX,IG,Jiejie,IG,-2156
68743,LPL 2025 Split 2 Playoffs,2025-06-04,FPX,IG,RooKie,IG,-396
68743,LPL 2025 Split 2 Playoffs,2025-06-04,FPX,IG,GALA,IG,-329
68743,LPL 2025 Split 2 Playoffs,2025-06-04,FPX,IG,meiko,IG,-333
68744,LPL 2025 Split 2 Playoffs,2025-06-04,FPX,IG,TheShy,FPX,-545
68744,LPL 2025 Split 2 Playoffs,2025-06-04,FPX,IG,Jiejie,FPX,804
68744,LPL 2025 Split 2 Playoffs,2025-06-04,FPX,IG,RooKie,FPX,-448
68744,LPL 2025 Split 2 Playoffs,2025-06-04,FPX,IG,GALA,FPX,-122
68744,LPL 2025 Split 2 Playoffs,2025-06-04,FPX,IG,meiko,FPX,-484
68744,LPL 2025 Split 2 Playoffs,2025-06-04,FPX,IG,sheer,IG,545
68744,LPL 2025 Split 2 Playoffs,2025-06-04,FPX,IG,Shad0w,IG,-804
68744,LPL 2025 Split 2 Playoffs,2025-06-04,FPX,IG,Care,IG,448
68744,LPL 2025 Split 2 Playoffs,2025-06-04,FPX,IG,Assum,IG,122
68744,LPL 2025 Split 2 Playoffs,2025-06-04,FPX,IG,Jwei,IG,484
68745,LPL 2025 Split 2 Playoffs,2025-06-04,FPX,IG,sheer,FPX,-391
68745,LPL 2025 Split 2 Playoffs,2025-06-04,FPX,IG,Shad0w,FPX,850
68745,LPL 2025 Split 2 Playoffs,2025-06-04,FPX,IG,Care,FPX,97
68745,LPL 2025 Split 2 Playoffs,2025-06-04,FPX,IG,Assum,FPX,-851
68745,LPL 2025 Split 2 Playoffs,2025-06-04,FPX,IG,Jwei,FPX,221
68745,LPL 2025 Split 2 Playoffs,2025-06-04,FPX,IG,TheShy,IG,391
68745,LPL 2025 Split 2 Playoffs,2025-06-04,FPX,IG,Jiejie,IG,-850
68745,LPL 2025 Split 2 Playoffs,2025-06-04,FPX,IG,RooKie,IG,-97
68745,LPL 2025 Split 2 Playoffs,2025-06-04,FPX,IG,GALA,IG,851
68745,LPL 2025 Split 2 Playoffs,2025-06-04,FPX,IG,meiko,IG,-221
68746,LPL 2025 Split 2 Playoffs,2025-06-04,FPX,IG,TheShy,FPX,1373
68746,LPL 2025 Split 2 Playoffs,2025-06-04,FPX,IG,Jiejie,FPX,-212
68746,LPL 2025 Split 2 Playoffs,2025-06-04,FPX,IG,RooKie,FPX,-84
68746,LPL 2025 Split 2 Playoffs,2025-06-04,FPX,IG,GALA,FPX,-414
68746,LPL 2025 Split 2 Playoffs,2025-06-04,FPX,IG,meiko,FPX,44
68746,LPL 2025 Split 2 Playoffs,2025-06-04,FPX,IG,sheer,IG,-1373
68746,LPL 2025 Split 2 Playoffs,2025-06-04,FPX,IG,Shad0w,IG,212
68746,LPL 2025 Split 2 Playoffs,2025-06-04,FPX,IG,Care,IG,84
68746,LPL 2025 Split 2 Playoffs,2025-06-04,FPX,IG,Assum,IG,414
68746,LPL 2025 Split 2 Playoffs,2025-06-04,FPX,IG,Jwei,IG,-44
68757,LPL 2025 Split 2 Playoffs,2025-06-03,AL,WBG,Flandre,AL,-673
68757,LPL 2025 Split 2 Playoffs,2025-06-03,AL,WBG,Tarzan,AL,-370
68757,LPL 2025 Split 2 Playoffs,2025-06-03,AL,WBG,Shanks,AL,350
68757,LPL 2025 Split 2 Playoffs,2025-06-03,AL,WBG,Hope,AL,-521
68757,LPL 2025 Split 2 Playoffs,2025-06-03,AL,WBG,Kael,AL,-278
68757,LPL 2025 Split 2 Playoffs,2025-06-03,AL,WBG,Breathe,WBG,673
68757,LPL 2025 Split 2 Playoffs,2025-06-03,AL,WBG,Tian,WBG,370
68757,LPL 2025 Split 2 Playoffs,2025-06-03,AL,WBG,xiaohu,WBG,-350
68757,LPL 2025 Split 2 Playoffs,2025-06-03,AL,WBG,Light,WBG,521
68757,LPL 2025 Split 2 Playoffs,2025-06-03,AL,WBG,Erha,WBG,278
68758,LPL 2025 Split 2 Playoffs,2025-06-03,AL,WBG,Breathe,AL,498
68758,LPL 2025 Split 2 Playoffs,2025-06-03,AL,WBG,Tian,AL,-446
68758,LPL 2025 Split 2 Playoffs,2025-06-03,AL,WBG,xiaohu,AL,-291
68758,LPL 2025 Split 2 Playoffs,2025-06-03,AL,WBG,Light,AL,-152
68758,LPL 2025 Split 2 Playoffs,2025-06-03,AL,WBG,Erha,AL,-267
68758,LPL 2025 Split 2 Playoffs,2025-06-03,AL,WBG,Flandre,WBG,-498
68758,LPL 2025 Split 2 Playoffs,2025-06-03,AL,WBG,Tarzan,WBG,446
68758,LPL 2025 Split 2 Playoffs,2025-06-03,AL,WBG,Shanks,WBG,291
68758,LPL 2025 Split 2 Playoffs,2025-06-03,AL,WBG,Hope,WBG,152
68758,LPL 2025 Split 2 Playoffs,2025-06-03,AL,WBG,Kael,WBG,267
68759,LPL 2025 Split 2 Playoffs,2025-06-03,AL,WBG,Flandre,AL,-384
68759,LPL 2025 Split 2 Playoffs,2025-06-03,AL,WBG,Tarzan,AL,244
68759,LPL 2025 Split 2 Playoffs,2025-06-03,AL,WBG,Shanks,AL,353
68759,LPL 2025 Split 2 Playoffs,2025-06-03,AL,WBG,Hope,AL,812
68759,LPL 2025 Split 2 Playoffs,2025-06-03,AL,WBG,Kael,AL,761
68759,LPL 2025 Split 2 Playoffs,2025-06-03,AL,WBG,Breathe,WBG,384
68759,LPL 2025 Split 2 Playoffs,2025-06-03,AL,WBG,Tian,WBG,-244
68759,LPL 2025 Split 2 Playoffs,2025-06-03,AL,WBG,xiaohu,WBG,-353
68759,LPL 2025 Split 2 Playoffs,2025-06-03,AL,WBG,Light,WBG,-812
68759,LPL 2025 Split 2 Playoffs,2025-06-03,AL,WBG,Erha,WBG,-761
68760,LPL 2025 Split 2 Playoffs,2025-06-03,AL,WBG,Breathe,AL,350
68760,LPL 2025 Split 2 Playoffs,2025-06-03,AL,WBG,Tian,AL,-8
68760,LPL 2025 Split 2 Playoffs,2025-06-03,AL,WBG,xiaohu,AL,-150
68760,LPL 2025 Split 2 Playoffs,2025-06-03,AL,WBG,Light,AL,292
68760,LPL 2025 Split 2 Playoffs,2025-06-03,AL,WBG,Erha,AL,27
68760,LPL 2025 Split 2 Playoffs,2025-06-03,AL,WBG,Flandre,WBG,-350
68760,LPL 2025 Split 2 Playoffs,2025-06-03,AL,WBG,Tarzan,WBG,8
68760,LPL 2025 Split 2 Playoffs,2025-06-03,AL,WBG,Shanks,WBG,150
68760,LPL 2025 Split 2 Playoffs,2025-06-03,AL,WBG,Hope,WBG,-292
68760,LPL 2025 Split 2 Playoffs,2025-06-03,AL,WBG,Kael,WBG,-27
68752,LPL 2025 Split 2 Playoffs,2025-06-02,Top Esports,BLG,369,Top Esports,101
68752,LPL 2025 Split 2 Playoffs,2025-06-02,Top Esports,BLG,Kanavi,Top Esports,1211
68752,LPL 2025 Split 2 Playoffs,2025-06-02,Top Esports,BLG,Creme,Top Esports,552
68752,LPL 2025 Split 2 Playoffs,2025-06-02,Top Esports,BLG,JackeyLove,Top Esports,65
68752,LPL 2025 Split 2 Playoffs,2025-06-02,Top Esports,BLG,Crisp,Top Esports,-326
68752,LPL 2025 Split 2 Playoffs,2025-06-02,Top Esports,BLG,Bin,BLG,-101
68752,LPL 2025 Split 2 Playoffs,2025-06-02,Top Esports,BLG,Beichuan,BLG,-1211
68752,LPL 2025 Split 2 Playoffs,2025-06-02,Top Esports,BLG,Knight,BLG,-552
68752,LPL 2025 Split 2 Playoffs,2025-06-02,Top Esports,BLG,Elk,BLG,-65
68752,LPL 2025 Split 2 Playoffs,2025-06-02,Top Esports,BLG,ON,BLG,326
68753,LPL 2025 Split 2 Playoffs,2025-06-02,Top Esports,BLG,369,Top Esports,-165
68753,LPL 2025 Split 2 Playoffs,2025-06-02,Top Esports,BLG,Kanavi,Top Esports,281
68753,LPL 2025 Split 2 Playoffs,2025-06-02,Top Esports,BLG,Creme,Top Esports,164
68753,LPL 2025 Split 2 Playoffs,2025-06-02,Top Esports,BLG,JackeyLove,Top Esports,-404
68753,LPL 2025 Split 2 Playoffs,2025-06-02,Top Esports,BLG,Crisp,Top Esports,-598
68753,LPL 2025 Split 2 Playoffs,2025-06-02,Top Esports,BLG,Bin,BLG,165
68753,LPL 2025 Split 2 Playoffs,2025-06-02,Top Esports,BLG,Beichuan,BLG,-281
68753,LPL 2025 Split 2 Playoffs,2025-06-02,Top Esports,BLG,Knight,BLG,-164
68753,LPL 2025 Split 2 Playoffs,2025-06-02,Top Esports,BLG,Elk,BLG,404
68753,LPL 2025 Split 2 Playoffs,2025-06-02,Top Esports,BLG,ON,BLG,598
68754,LPL 2025 Split 2 Playoffs,2025-06-02,Top Esports,BLG,369,Top Esports,-963
68754,LPL 2025 Split 2 Playoffs,2025-06-02,Top Esports,BLG,Kanavi,Top Esports,206
68754,LPL 2025 Split 2 Playoffs,2025-06-02,Top Esports,BLG,Creme,Top Esports,-635
68754,LPL 2025 Split 2 Playoffs,2025-06-02,Top Esports,BLG,JackeyLove,Top Esports,260
68754,LPL 2025 Split 2 Playoffs,2025-06-02,Top Esports,BLG,Crisp,Top Esports,-53
68754,LPL 2025 Split 2 Playoffs,2025-06-02,Top Esports,BLG,Bin,BLG,963
68754,LPL 2025 Split 2 Playoffs,2025-06-02,Top Esports,BLG,Beichuan,BLG,-206
68754,LPL 2025 Split 2 Playoffs,2025-06-02,Top Esports,BLG,Knight,BLG,635
68754,LPL 2025 Split 2 Playoffs,2025-06-02,Top Esports,BLG,Elk,BLG,-260
68754,LPL 2025 Split 2 Playoffs,2025-06-02,Top Esports,BLG,ON,BLG,53
68615,LPL 2025 Split 2 Playoffs,2025-06-01,JD Gaming,WBG,Ale,JD Gaming,763
68615,LPL 2025 Split 2 Playoffs,2025-06-01,JD Gaming,WBG,XUN,JD Gaming,192
68615,LPL 2025 Split 2 Playoffs,2025-06-01,JD Gaming,WBG,Scout,JD Gaming,-127
68615,LPL 2025 Split 2 Playoffs,2025-06-01,JD Gaming,WBG,Peyz,JD Gaming,1431
68615,LPL 2025 Split 2 Playoffs,2025-06-01,JD Gaming,WBG,Missing,JD Gaming,88
68615,LPL 2025 Split 2 Playoffs,2025-06-01,JD Gaming,WBG,Breathe,WBG,-763
68615,LPL 2025 Split 2 Playoffs,2025-06-01,JD Gaming,WBG,Tian,WBG,-192
68615,LPL 2025 Split 2 Playoffs,2025-06-01,JD Gaming,WBG,xiaohu,WBG,127
68615,LPL 2025 Split 2 Playoffs,2025-06-01,JD Gaming,WBG,Light,WBG,-1431
68615,LPL 2025 Split 2 Playoffs,2025-06-01,JD Gaming,WBG,Erha,WBG,-88
68616,LPL 2025 Split 2 Playoffs,2025-06-01,JD Gaming,WBG,Breathe,JD Gaming,1391
68616,LPL 2025 Split 2 Playoffs,2025-06-01,JD Gaming,WBG,Tian,JD Gaming,498
68616,LPL 2025 Split 2 Playoffs,2025-06-01,JD Gaming,WBG,xiaohu,JD Gaming,-238
68616,LPL 2025 Split 2 Playoffs,2025-06-01,JD Gaming,WBG,Light,JD Gaming,-2799
68616,LPL 2025 Split 2 Playoffs,2025-06-01,JD Gaming,WBG,Erha,JD Gaming,-170
68616,LPL 2025 Split 2 Playoffs,2025-06-01,JD Gaming,WBG,Ale,WBG,-1391
68616,LPL 2025 Split 2 Playoffs,2025-06-01,JD Gaming,WBG,XUN,WBG,-498
68616,LPL 2025 Split 2 Playoffs,2025-06-01,JD Gaming,WBG,Scout,WBG,238
68616,LPL 2025 Split 2 Playoffs,2025-06-01,JD Gaming,WBG,Peyz,WBG,2799
68616,LPL 2025 Split 2 Playoffs,2025-06-01,JD Gaming,WBG,Missing,WBG,170
68617,LPL 2025 Split 2 Playoffs,2025-06-01,JD Gaming,WBG,Ale,JD Gaming,-1388
68617,LPL 2025 Split 2 Playoffs,2025-06-01,JD Gaming,WBG,XUN,JD Gaming,52
68617,LPL 2025 Split 2 Playoffs,2025-06-01,JD Gaming,WBG,Scout,JD Gaming,870
68617,LPL 2025 Split 2 Playoffs,2025-06-01,JD Gaming,WBG,Peyz,JD Gaming,379
68617,LPL 2025 Split 2 Playoffs,2025-06-01,JD Gaming,WBG,Missing,JD Gaming,163
68617,LPL 2025 Split 2 Playoffs,2025-06-01,JD Gaming,WBG,Breathe,WBG,1388
68617,LPL 2025 Split 2 Playoffs,2025-06-01,JD Gaming,WBG,Tian,WBG,-52
68617,LPL 2025 Split 2 Playoffs,2025-06-01,JD Gaming,WBG,xiaohu,WBG,-870
68617,LPL 2025 Split 2 Playoffs,2025-06-01,JD Gaming,WBG,Light,WBG,-379
68617,LPL 2025 Split 2 Playoffs,2025-06-01,JD Gaming,WBG,Erha,WBG,-163
68618,LPL 2025 Split 2 Playoffs,2025-06-01,JD Gaming,WBG,Breathe,JD Gaming,-35
68618,LPL 2025 Split 2 Playoffs,2025-06-01,JD Gaming,WBG,Tian,JD Gaming,119
68618,LPL 2025 Split 2 Playoffs,2025-06-01,JD Gaming,WBG,xiaohu,JD Gaming,-1294
68618,LPL 2025 Split 2 Playoffs,2025-06-01,JD Gaming,WBG,Light,JD Gaming,-156
68618,LPL 2025 Split 2 Playoffs,2025-06-01,JD Gaming,WBG,Erha,JD Gaming,494
68618,LPL 2025 Split 2 Playoffs,2025-06-01,JD Gaming,WBG,Ale,WBG,35
68618,LPL 2025 Split 2 Playoffs,2025-06-01,JD Gaming,WBG,XUN,WBG,-119
68618,LPL 2025 Split 2 Playoffs,2025-06-01,JD Gaming,WBG,Scout,WBG,1294
68618,LPL 2025 Split 2 Playoffs,2025-06-01,JD Gaming,WBG,Peyz,WBG,156
68618,LPL 2025 Split 2 Playoffs,2025-06-01,JD Gaming,WBG,Missing,WBG,-494
68619,LPL 2025 Split 2 Playoffs,2025-06-01,JD Gaming,WBG,Breathe,JD Gaming,1538
68619,LPL 2025 Split 2 Playoffs,2025-06-01,JD Gaming,WBG,Tian,JD Gaming,-359
68619,LPL 2025 Split 2 Playoffs,2025-06-01,JD Gaming,WBG,xiaohu,JD Gaming,-7
68619,LPL 2025 Split 2 Playoffs,2025-06-01,JD Gaming,WBG,Light,JD Gaming,-457
68619,LPL 2025 Split 2 Playoffs,2025-06-01,JD Gaming,WBG,Erha,JD Gaming,340
68619,LPL 2025 Split 2 Playoffs,2025-06-01,JD Gaming,WBG,Ale,WBG,-1538
68619,LPL 2025 Split 2 Playoffs,2025-06-01,JD Gaming,WBG,XUN,WBG,359
68619,LPL 2025 Split 2 Playoffs,2025-06-01,JD Gaming,WBG,Scout,WBG,7
68619,LPL 2025 Split 2 Playoffs,2025-06-01,JD Gaming,WBG,Peyz,WBG,457
68619,LPL 2025 Split 2 Playoffs,2025-06-01,JD Gaming,WBG,Missing,WBG,-340
68610,LPL 2025 Split 2 Playoffs,2025-06-01,AL,Team WE,Flandre,AL,1890
68610,LPL 2025 Split 2 Playoffs,2025-06-01,AL,Team WE,Tarzan,AL,1233
68610,LPL 2025 Split 2 Playoffs,2025-06-01,AL,Team WE,Shanks,AL,1862
68610,LPL 2025 Split 2 Playoffs,2025-06-01,AL,Team WE,Hope,AL,743
68610,LPL 2025 Split 2 Playoffs,2025-06-01,AL,Team WE,Kael,AL,1222
68610,LPL 2025 Split 2 Playoffs,2025-06-01,AL,Team WE,Cube,Team WE,-1890
68610,LPL 2025 Split 2 Playoffs,2025-06-01,AL,Team WE,Monki,Team WE,-1233
68610,LPL 2025 Split 2 Playoffs,2025-06-01,AL,Team WE,Karis,Team WE,-1862
68610,LPL 2025 Split 2 Playoffs,2025-06-01,AL,Team WE,Taeyoon,Team WE,-743
68610,LPL 2025 Split 2 Playoffs,2025-06-01,AL,Team WE,Vampire,Team WE,-1222
68611,LPL 2025 Split 2 Playoffs,2025-06-01,AL,Team WE,Cube,AL,144
68611,LPL 2025 Split 2 Playoffs,2025-06-01,AL,Team WE,Monki,AL,34
68611,LPL 2025 Split 2 Playoffs,2025-06-01,AL,Team WE,Karis,AL,498
68611,LPL 2025 Split 2 Playoffs,2025-06-01,AL,Team WE,Taeyoon,AL,-824
68611,LPL 2025 Split 2 Playoffs,2025-06-01,AL,Team WE,Vampire,AL,169
68611,LPL 2025 Split 2 Playoffs,2025-06-01,AL,Team WE,Flandre,Team WE,-144
68611,LPL 2025 Split 2 Playoffs,2025-06-01,AL,Team WE,Tarzan,Team WE,-34
68611,LPL 2025 Split 2 Playoffs,2025-06-01,AL,Team WE,Shanks,Team WE,-498
68611,LPL 2025 Split 2 Playoffs,2025-06-01,AL,Team WE,Hope,Team WE,824
68611,LPL 2025 Split 2 Playoffs,2025-06-01,AL,Team WE,Kael,Team WE,-169
68612,LPL 2025 Split 2 Playoffs,2025-06-01,AL,Team WE,Cube,AL,-824
68612,LPL 2025 Split 2 Playoffs,2025-06-01,AL,Team WE,Monki,AL,-621
68612,LPL 2025 Split 2 Playoffs,2025-06-01,AL,Team WE,Karis,AL,-71
68612,LPL 2025 Split 2 Playoffs,2025-06-01,AL,Team WE,Taeyoon,AL,-162
68612,LPL 2025 Split 2 Playoffs,2025-06-01,AL,Team WE,Vampire,AL,44
68612,LPL 2025 Split 2 Playoffs,2025-06-01,AL,Team WE,Flandre,Team WE,824
68612,LPL 2025 Split 2 Playoffs,2025-06-01,AL,Team WE,Tarzan,Team WE,621
68612,LPL 2025 Split 2 Playoffs,2025-06-01,AL,Team WE,Shanks,Team WE,71
68612,LPL 2025 Split 2 Playoffs,2025-06-01,AL,Team WE,Hope,Team WE,162
68612,LPL 2025 Split 2 Playoffs,2025-06-01,AL,Team WE,Kael,Team WE,-44
68605,LPL 2025 Split 2 Playoffs,2025-05-31,BLG,IG,Bin,BLG,614
68605,LPL 2025 Split 2 Playoffs,2025-05-31,BLG,IG,Beichuan,BLG,-78
68605,LPL 2025 Split 2 Playoffs,2025-05-31,BLG,IG,Knight,BLG,651
68605,LPL 2025 Split 2 Playoffs,2025-05-31,BLG,IG,Elk,BLG,-56
68605,LPL 2025 Split 2 Playoffs,2025-05-31,BLG,IG,ON,BLG,710
68605,LPL 2025 Split 2 Playoffs,2025-05-31,BLG,IG,TheShy,IG,-614
68605,LPL 2025 Split 2 Playoffs,2025-05-31,BLG,IG,Jiejie,IG,78
68605,LPL 2025 Split 2 Playoffs,2025-05-31,BLG,IG,RooKie,IG,-651
68605,LPL 2025 Split 2 Playoffs,2025-05-31,BLG,IG,GALA,IG,56
68605,LPL 2025 Split 2 Playoffs,2025-05-31,BLG,IG,meiko,IG,-710
68606,LPL 2025 Split 2 Playoffs,2025-05-31,BLG,IG,TheShy,BLG,-416
68606,LPL 2025 Split 2 Playoffs,2025-05-31,BLG,IG,Jiejie,BLG,228
68606,LPL 2025 Split 2 Playoffs,2025-05-31,BLG,IG,RooKie,BLG,-465
68606,LPL 2025 Split 2 Playoffs,2025-05-31,BLG,IG,GALA,BLG,-212
68606,LPL 2025 Split 2 Playoffs,2025-05-31,BLG,IG,meiko,BLG,57
68606,LPL 2025 Split 2 Playoffs,2025-05-31,BLG,IG,Bin,IG,416
68606,LPL 2025 Split 2 Playoffs,2025-05-31,BLG,IG,Beichuan,IG,-228
68606,LPL 2025 Split 2 Playoffs,2025-05-31,BLG,IG,Knight,IG,465
68606,LPL 2025 Split 2 Playoffs,2025-05-31,BLG,IG,Elk,IG,212
68606,LPL 2025 Split 2 Playoffs,2025-05-31,BLG,IG,ON,IG,-57
68607,LPL 2025 Split 2 Playoffs,2025-05-31,BLG,IG,TheShy,BLG,265
68607,LPL 2025 Split 2 Playoffs,2025-05-31,BLG,IG,Jiejie,BLG,-1386
68607,LPL 2025 Split 2 Playoffs,2025-05-31,BLG,IG,RooKie,BLG,-366
68607,LPL 2025 Split 2 Playoffs,2025-05-31,BLG,IG,GALA,BLG,-846
68607,LPL 2025 Split 2 Playoffs,2025-05-31,BLG,IG,meiko,BLG,-602
68607,LPL 2025 Split 2 Playoffs,2025-05-31,BLG,IG,Bin,IG,-265
68607,LPL 2025 Split 2 Playoffs,2025-05-31,BLG,IG,Beichuan,IG,1386
68607,LPL 2025 Split 2 Playoffs,2025-05-31,BLG,IG,Knight,IG,366
68607,LPL 2025 Split 2 Playoffs,2025-05-31,BLG,IG,Elk,IG,846
68607,LPL 2025 Split 2 Playoffs,2025-05-31,BLG,IG,ON,IG,602
68600,LPL 2025 Split 2 Playoffs,2025-05-31,Top Esports,FPX,369,Top Esports,-70
68600,LPL 2025 Split 2 Playoffs,2025-05-31,Top Esports,FPX,Kanavi,Top Esports,144
68600,LPL 2025 Split 2 Playoffs,2025-05-31,Top Esports,FPX,Creme,Top Esports,-327
68600,LPL 2025 Split 2 Playoffs,2025-05-31,Top Esports,FPX,JackeyLove,Top Esports,-398
68600,LPL 2025 Split 2 Playoffs,2025-05-31,Top Esports,FPX,Crisp,Top Esports,342
68600,LPL 2025 Split 2 Playoffs,2025-05-31,Top Esports,FPX,sheer,FPX,70
68600,LPL 2025 Split 2 Playoffs,2025-05-31,Top Esports,FPX,Shad0w,FPX,-144
68600,LPL 2025 Split 2 Playoffs,2025-05-31,Top Esports,FPX,Care,FPX,327
68600,LPL 2025 Split 2 Playoffs,2025-05-31,Top Esports,FPX,Assum,FPX,398
68600,LPL 2025 Split 2 Playoffs,2025-05-31,Top Esports,FPX,Jwei,FPX,-342
68601,LPL 2025 Split 2 Playoffs,2025-05-31,Top Esports,FPX,369,Top Esports,1066
68601,LPL 2025 Split 2 Playoffs,2025-05-31,Top Esports,FPX,Kanavi,Top Esports,415
68601,LPL 2025 Split 2 Playoffs,2025-05-31,Top Esports,FPX,Creme,Top Esports,473
68601,LPL 2025 Split 2 Playoffs,2025-05-31,Top Esports,FPX,JackeyLove,Top Esports,-64
68601,LPL 2025 Split 2 Playoffs,2025-05-31,Top Esports,FPX,Crisp,Top Esports,141
68601,LPL 2025 Split 2 Playoffs,2025-05-31,Top Esports,FPX,sheer,FPX,-1066
68601,LPL 2025 Split 2 Playoffs,2025-05-31,Top Esports,FPX,Shad0w,FPX,-415
68601,LPL 2025 Split 2 Playoffs,2025-05-31,Top Esports,FPX,Care,FPX,-473
68601,LPL 2025 Split 2 Playoffs,2025-05-31,Top Esports,FPX,Assum,FPX,64
68601,LPL 2025 Split 2 Playoffs,2025-05-31,Top Esports,FPX,Jwei,FPX,-141
68602,LPL 2025 Split 2 Playoffs,2025-05-31,Top Esports,FPX,sheer,Top Esports,634
68602,LPL 2025 Split 2 Playoffs,2025-05-31,Top Esports,FPX,Shad0w,Top Esports,-132
68602,LPL 2025 Split 2 Playoffs,2025-05-31,Top Esports,FPX,Care,Top Esports,-982
68602,LPL 2025 Split 2 Playoffs,2025-05-31,Top Esports,FPX,Assum,Top Esports,-492
68602,LPL 2025 Split 2 Playoffs,2025-05-31,Top Esports,FPX,Jwei,Top Esports,-76
68602,LPL 2025 Split 2 Playoffs,2025-05-31,Top Esports,FPX,369,FPX,-634
68602,LPL 2025 Split 2 Playoffs,2025-05-31,Top Esports,FPX,Kanavi,FPX,132
68602,LPL 2025 Split 2 Playoffs,2025-05-31,Top Esports,FPX,Creme,FPX,982
68602,LPL 2025 Split 2 Playoffs,2025-05-31,Top Esports,FPX,JackeyLove,FPX,492
68602,LPL 2025 Split 2 Playoffs,2025-05-31,Top Esports,FPX,Crisp,FPX,76
68603,LPL 2025 Split 2 Playoffs,2025-05-31,Top Esports,FPX,sheer,Top Esports,386
68603,LPL 2025 Split 2 Playoffs,2025-05-31,Top Esports,FPX,Shad0w,Top Esports,457
68603,LPL 2025 Split 2 Playoffs,2025-05-31,Top Esports,FPX,Care,Top Esports,106
68603,LPL 2025 Split 2 Playoffs,2025-05-31,Top Esports,FPX,Assum,Top Esports,250
68603,LPL 2025 Split 2 Playoffs,2025-05-31,Top Esports,FPX,Jwei,Top Esports,138
68603,LPL 2025 Split 2 Playoffs,2025-05-31,Top Esports,FPX,369,FPX,-386
68603,LPL 2025 Split 2 Playoffs,2025-05-31,Top Esports,FPX,Kanavi,FPX,-457
68603,LPL 2025 Split 2 Playoffs,2025-05-31,Top Esports,FPX,Creme,FPX,-106
68603,LPL 2025 Split 2 Playoffs,2025-05-31,Top Esports,FPX,JackeyLove,FPX,-250
68603,LPL 2025 Split 2 Playoffs,2025-05-31,Top Esports,FPX,Crisp,FPX,-138
68390,LPL 2025 Split 2 Playoffs,2025-05-27,WBG,TT,Breathe,WBG,-127
68390,LPL 2025 Split 2 Playoffs,2025-05-27,WBG,TT,Tian,WBG,1130
68390,LPL 2025 Split 2 Playoffs,2025-05-27,WBG,TT,xiaohu,WBG,205
68390,LPL 2025 Split 2 Playoffs,2025-05-27,WBG,TT,Light,WBG,1157
68390,LPL 2025 Split 2 Playoffs,2025-05-27,WBG,TT,Erha,WBG,44
68390,LPL 2025 Split 2 Playoffs,2025-05-27,WBG,TT,Hoya,TT,127
68390,LPL 2025 Split 2 Playoffs,2025-05-27,WBG,TT,xiaohuangren,TT,-1130
68390,LPL 2025 Split 2 Playoffs,2025-05-27,WBG,TT,SeTab,TT,-205
68390,LPL 2025 Split 2 Playoffs,2025-05-27,WBG,TT,1xn,TT,-1157
68390,LPL 2025 Split 2 Playoffs,2025-05-27,WBG,TT,Feather,TT,-44
68391,LPL 2025 Split 2 Playoffs,2025-05-27,WBG,TT,Hoya,WBG,-361
68391,LPL 2025 Split 2 Playoffs,2025-05-27,WBG,TT,xiaohuangren,WBG,-775
68391,LPL 2025 Split 2 Playoffs,2025-05-27,WBG,TT,SeTab,WBG,-259
68391,LPL 2025 Split 2 Playoffs,2025-05-27,WBG,TT,1xn,WBG,-910
68391,LPL 2025 Split 2 Playoffs,2025-05-27,WBG,TT,Feather,WBG,-216
68391,LPL 2025 Split 2 Playoffs,2025-05-27,WBG,TT,Breathe,TT,361
68391,LPL 2025 Split 2 Playoffs,2025-05-27,WBG,TT,Tian,TT,775
68391,LPL 2025 Split 2 Playoffs,2025-05-27,WBG,TT,xiaohu,TT,259
68391,LPL 2025 Split 2 Playoffs,2025-05-27,WBG,TT,Light,TT,910
68391,LPL 2025 Split 2 Playoffs,2025-05-27,WBG,TT,Erha,TT,216
68392,LPL 2025 Split 2 Playoffs,2025-05-27,WBG,TT,Hoya,WBG,-801
68392,LPL 2025 Split 2 Playoffs,2025-05-27,WBG,TT,xiaohuangren,WBG,186
68392,LPL 2025 Split 2 Playoffs,2025-05-27,WBG,TT,SeTab,WBG,-795
68392,LPL 2025 Split 2 Playoffs,2025-05-27,WBG,TT,1xn,WBG,403
68392,LPL 2025 Split 2 Playoffs,2025-05-27,WBG,TT,Feather,WBG,46
68392,LPL 2025 Split 2 Playoffs,2025-05-27,WBG,TT,Breathe,TT,801
68392,LPL 2025 Split 2 Playoffs,2025-05-27,WBG,TT,Tian,TT,-186
68392,LPL 2025 Split 2 Playoffs,2025-05-27,WBG,TT,xiaohu,TT,795
68392,LPL 2025 Split 2 Playoffs,2025-05-27,WBG,TT,Light,TT,-403
68392,LPL 2025 Split 2 Playoffs,2025-05-27,WBG,TT,Erha,TT,-46
68385,LPL 2025 Split 2 Playoffs,2025-05-26,Team WE,LGD Gaming,Cube,Team WE,739
68385,LPL 2025 Split 2 Playoffs,2025-05-26,Team WE,LGD Gaming,Monki,Team WE,170
68385,LPL 2025 Split 2 Playoffs,2025-05-26,Team WE,LGD Gaming,Karis,Team WE,241
68385,LPL 2025 Split 2 Playoffs,2025-05-26,Team WE,LGD Gaming,Taeyoon,Team WE,440
68385,LPL 2025 Split 2 Playoffs,2025-05-26,Team WE,LGD Gaming,Vampire,Team WE,582
68385,LPL 2025 Split 2 Playoffs,2025-05-26,Team WE,LGD Gaming,sasi,LGD Gaming,-739
68385,LPL 2025 Split 2 Playoffs,2025-05-26,Team WE,LGD Gaming,Climber,LGD Gaming,-170
68385,LPL 2025 Split 2 Playoffs,2025-05-26,Team WE,LGD Gaming,xqw,LGD Gaming,-241
68385,LPL 2025 Split 2 Playoffs,2025-05-26,Team WE,LGD Gaming,Shaoye,LGD Gaming,-440
68385,LPL 2025 Split 2 Playoffs,2025-05-26,Team WE,LGD Gaming,Ycx,LGD Gaming,-582
68386,LPL 2025 Split 2 Playoffs,2025-05-26,Team WE,LGD Gaming,sasi,Team WE,-283
68386,LPL 2025 Split 2 Playoffs,2025-05-26,Team WE,LGD Gaming,Climber,Team WE,1126
68386,LPL 2025 Split 2 Playoffs,2025-05-26,Team WE,LGD Gaming,xqw,Team WE,-387
68386,LPL 2025 Split 2 Playoffs,2025-05-26,Team WE,LGD Gaming,Shaoye,Team WE,649
68386,LPL 2025 Split 2 Playoffs,2025-05-26,Team WE,LGD Gaming,Ycx,Team WE,309
68386,LPL 2025 Split 2 Playoffs,2025-05-26,Team WE,LGD Gaming,Cube,LGD Gaming,283
68386,LPL 2025 Split 2 Playoffs,2025-05-26,Team WE,LGD Gaming,Monki,LGD Gaming,-1126
68386,LPL 2025 Split 2 Playoffs,2025-05-26,Team WE,LGD Gaming,Karis,LGD Gaming,387
68386,LPL 2025 Split 2 Playoffs,2025-05-26,Team WE,LGD Gaming,Taeyoon,LGD Gaming,-649
68386,LPL 2025 Split 2 Playoffs,2025-05-26,Team WE,LGD Gaming,Vampire,LGD Gaming,-309
68387,LPL 2025 Split 2 Playoffs,2025-05-26,Team WE,LGD Gaming,Cube,Team WE,531
68387,LPL 2025 Split 2 Playoffs,2025-05-26,Team WE,LGD Gaming,Monki,Team WE,543
68387,LPL 2025 Split 2 Playoffs,2025-05-26,Team WE,LGD Gaming,Karis,Team WE,1922
68387,LPL 2025 Split 2 Playoffs,2025-05-26,Team WE,LGD Gaming,Taeyoon,Team WE,-707
68387,LPL 2025 Split 2 Playoffs,2025-05-26,Team WE,LGD Gaming,Vampire,Team WE,103
68387,LPL 2025 Split 2 Playoffs,2025-05-26,Team WE,LGD Gaming,sasi,LGD Gaming,-531
68387,LPL 2025 Split 2 Playoffs,2025-05-26,Team WE,LGD Gaming,Climber,LGD Gaming,-543
68387,LPL 2025 Split 2 Playoffs,2025-05-26,Team WE,LGD Gaming,xqw,LGD Gaming,-1922
68387,LPL 2025 Split 2 Playoffs,2025-05-26,Team WE,LGD Gaming,Shaoye,LGD Gaming,707
68387,LPL 2025 Split 2 Playoffs,2025-05-26,Team WE,LGD Gaming,Ycx,LGD Gaming,-103
68388,LPL 2025 Split 2 Playoffs,2025-05-26,Team WE,LGD Gaming,sasi,Team WE,-460
68388,LPL 2025 Split 2 Playoffs,2025-05-26,Team WE,LGD Gaming,Climber,Team WE,352
68388,LPL 2025 Split 2 Playoffs,2025-05-26,Team WE,LGD Gaming,xqw,Team WE,-1044
68388,LPL 2025 Split 2 Playoffs,2025-05-26,Team WE,LGD Gaming,Shaoye,Team WE,1344
68388,LPL 2025 Split 2 Playoffs,2025-05-26,Team WE,LGD Gaming,Ycx,Team WE,67
68388,LPL 2025 Split 2 Playoffs,2025-05-26,Team WE,LGD Gaming,Cube,LGD Gaming,460
68388,LPL 2025 Split 2 Playoffs,2025-05-26,Team WE,LGD Gaming,Monki,LGD Gaming,-352
68388,LPL 2025 Split 2 Playoffs,2025-05-26,Team WE,LGD Gaming,Karis,LGD Gaming,1044
68388,LPL 2025 Split 2 Playoffs,2025-05-26,Team WE,LGD Gaming,Taeyoon,LGD Gaming,-1344
68388,LPL 2025 Split 2 Playoffs,2025-05-26,Team WE,LGD Gaming,Vampire,LGD Gaming,-67
68380,LPL 2025 Split 2 Playoffs,2025-05-25,FPX,NIP,sheer,FPX,399
68380,LPL 2025 Split 2 Playoffs,2025-05-25,FPX,NIP,Shad0w,FPX,356
68380,LPL 2025 Split 2 Playoffs,2025-05-25,FPX,NIP,Care,FPX,475
68380,LPL 2025 Split 2 Playoffs,2025-05-25,FPX,NIP,Assum,FPX,702
68380,LPL 2025 Split 2 Playoffs,2025-05-25,FPX,NIP,Jwei,FPX,-9
68380,LPL 2025 Split 2 Playoffs,2025-05-25,FPX,NIP,Solokill,NIP,-399
68380,LPL 2025 Split 2 Playoffs,2025-05-25,FPX,NIP,AKi,NIP,-356
68380,LPL 2025 Split 2 Playoffs,2025-05-25,FPX,NIP,Doinb,NIP,-475
68380,LPL 2025 Split 2 Playoffs,2025-05-25,FPX,NIP,Leave,NIP,-702
68380,LPL 2025 Split 2 Playoffs,2025-05-25,FPX,NIP,Ppgod,NIP,9
68381,LPL 2025 Split 2 Playoffs,2025-05-25,FPX,NIP,Solokill,FPX,-81
68381,LPL 2025 Split 2 Playoffs,2025-05-25,FPX,NIP,AKi,FPX,-245
68381,LPL 2025 Split 2 Playoffs,2025-05-25,FPX,NIP,Doinb,FPX,1835
68381,LPL 2025 Split 2 Playoffs,2025-05-25,FPX,NIP,Leave,FPX,-672
68381,LPL 2025 Split 2 Playoffs,2025-05-25,FPX,NIP,Ppgod,FPX,-66
68381,LPL 2025 Split 2 Playoffs,2025-05-25,FPX,NIP,sheer,NIP,81
68381,LPL 2025 Split 2 Playoffs,2025-05-25,FPX,NIP,Shad0w,NIP,245
68381,LPL 2025 Split 2 Playoffs,2025-05-25,FPX,NIP,Care,NIP,-1835
68381,LPL 2025 Split 2 Playoffs,2025-05-25,FPX,NIP,Assum,NIP,672
68381,LPL 2025 Split 2 Playoffs,2025-05-25,FPX,NIP,Jwei,NIP,66
68382,LPL 2025 Split 2 Playoffs,2025-05-25,FPX,NIP,sheer,FPX,264
68382,LPL 2025 Split 2 Playoffs,2025-05-25,FPX,NIP,Shad0w,FPX,-390
68382,LPL 2025 Split 2 Playoffs,2025-05-25,FPX,NIP,Care,FPX,246
68382,LPL 2025 Split 2 Playoffs,2025-05-25,FPX,NIP,Assum,FPX,1103
68382,LPL 2025 Split 2 Playoffs,2025-05-25,FPX,NIP,Jwei,FPX,284
68382,LPL 2025 Split 2 Playoffs,2025-05-25,FPX,NIP,Solokill,NIP,-264
68382,LPL 2025 Split 2 Playoffs,2025-05-25,FPX,NIP,AKi,NIP,390
68382,LPL 2025 Split 2 Playoffs,2025-05-25,FPX,NIP,Doinb,NIP,-246
68382,LPL 2025 Split 2 Playoffs,2025-05-25,FPX,NIP,Leave,NIP,-1103
68382,LPL 2025 Split 2 Playoffs,2025-05-25,FPX,NIP,Ppgod,NIP,-284
68383,LPL 2025 Split 2 Playoffs,2025-05-25,FPX,NIP,Solokill,FPX,-592
68383,LPL 2025 Split 2 Playoffs,2025-05-25,FPX,NIP,AKi,FPX,-317
68383,LPL 2025 Split 2 Playoffs,2025-05-25,FPX,NIP,Doinb,FPX,-191
68383,LPL 2025 Split 2 Playoffs,2025-05-25,FPX,NIP,Leave,FPX,157
68383,LPL 2025 Split 2 Playoffs,2025-05-25,FPX,NIP,Ppgod,FPX,173
68383,LPL 2025 Split 2 Playoffs,2025-05-25,FPX,NIP,sheer,NIP,592
68383,LPL 2025 Split 2 Playoffs,2025-05-25,FPX,NIP,Shad0w,NIP,317
68383,LPL 2025 Split 2 Playoffs,2025-05-25,FPX,NIP,Care,NIP,191
68383,LPL 2025 Split 2 Playoffs,2025-05-25,FPX,NIP,Assum,NIP,-157
68383,LPL 2025 Split 2 Playoffs,2025-05-25,FPX,NIP,Jwei,NIP,-173
68384,LPL 2025 Split 2 Playoffs,2025-05-25,FPX,NIP,Solokill,FPX,-1108
68384,LPL 2025 Split 2 Playoffs,2025-05-25,FPX,NIP,AKi,FPX,-309
68384,LPL 2025 Split 2 Playoffs,2025-05-25,FPX,NIP,Doinb,FPX,980
68384,LPL 2025 Split 2 Playoffs,2025-05-25,FPX,NIP,Leave,FPX,346
68384,LPL 2025 Split 2 Playoffs,2025-05-25,FPX,NIP,Ppgod,FPX,99
68384,LPL 2025 Split 2 Playoffs,2025-05-25,FPX,NIP,sheer,NIP,1108
68384,LPL 2025 Split 2 Playoffs,2025-05-25,FPX,NIP,Shad0w,NIP,309
68384,LPL 2025 Split 2 Playoffs,2025-05-25,FPX,NIP,Care,NIP,-980
68384,LPL 2025 Split 2 Playoffs,2025-05-25,FPX,NIP,Assum,NIP,-346
68384,LPL 2025 Split 2 Playoffs,2025-05-25,FPX,NIP,Jwei,NIP,-99
68375,LPL 2025 Split 2 Playoffs,2025-05-24,IG,EDG,TheShy,IG,-138
68375,LPL 2025 Split 2 Playoffs,2025-05-24,IG,EDG,Jiejie,IG,336
68375,LPL 2025 Split 2 Playoffs,2025-05-24,IG,EDG,RooKie,IG,685
68375,LPL 2025 Split 2 Playoffs,2025-05-24,IG,EDG,GALA,IG,-54
68375,LPL 2025 Split 2 Playoffs,2025-05-24,IG,EDG,meiko,IG,-301
68375,LPL 2025 Split 2 Playoffs,2025-05-24,IG,EDG,Zdz,EDG,138
68375,LPL 2025 Split 2 Playoffs,2025-05-24,IG,EDG,Xiaohao,EDG,-336
68375,LPL 2025 Split 2 Playoffs,2025-05-24,IG,EDG,Angel,EDG,-685
68375,LPL 2025 Split 2 Playoffs,2025-05-24,IG,EDG,Ahn,EDG,54
68375,LPL 2025 Split 2 Playoffs,2025-05-24,IG,EDG,Wink,EDG,301
68376,LPL 2025 Split 2 Playoffs,2025-05-24,IG,EDG,Zdz,IG,-66
68376,LPL 2025 Split 2 Playoffs,2025-05-24,IG,EDG,Xiaohao,IG,419
68376,LPL 2025 Split 2 Playoffs,2025-05-24,IG,EDG,Angel,IG,787
68376,LPL 2025 Split 2 Playoffs,2025-05-24,IG,EDG,Ahn,IG,525
68376,LPL 2025 Split 2 Playoffs,2025-05-24,IG,EDG,Wink,IG,-18
68376,LPL 2025 Split 2 Playoffs,2025-05-24,IG,EDG,TheShy,EDG,66
68376,LPL 2025 Split 2 Playoffs,2025-05-24,IG,EDG,Jiejie,EDG,-419
68376,LPL 2025 Split 2 Playoffs,2025-05-24,IG,EDG,RooKie,EDG,-787
68376,LPL 2025 Split 2 Playoffs,2025-05-24,IG,EDG,GALA,EDG,-525
68376,LPL 2025 Split 2 Playoffs,2025-05-24,IG,EDG,meiko,EDG,18
68377,LPL 2025 Split 2 Playoffs,2025-05-24,IG,EDG,Zdz,IG,107
68377,LPL 2025 Split 2 Playoffs,2025-05-24,IG,EDG,Xiaohao,IG,67
68377,LPL 2025 Split 2 Playoffs,2025-05-24,IG,EDG,Angel,IG,298
68377,LPL 2025 Split 2 Playoffs,2025-05-24,IG,EDG,Ahn,IG,816
68377,LPL 2025 Split 2 Playoffs,2025-05-24,IG,EDG,Wink,IG,112
68377,LPL 2025 Split 2 Playoffs,2025-05-24,IG,EDG,TheShy,EDG,-107
68377,LPL 2025 Split 2 Playoffs,2025-05-24,IG,EDG,Jiejie,EDG,-67
68377,LPL 2025 Split 2 Playoffs,2025-05-24,IG,EDG,RooKie,EDG,-298
68377,LPL 2025 Split 2 Playoffs,2025-05-24,IG,EDG,GALA,EDG,-816
68377,LPL 2025 Split 2 Playoffs,2025-05-24,IG,EDG,meiko,EDG,-112
71724,LPL 2025 Split 3,2025-08-28,IG,BLG,TheShy,IG,-78
71724,LPL 2025 Split 3,2025-08-28,IG,BLG,Wei,IG,449
71724,LPL 2025 Split 3,2025-08-28,IG,BLG,RooKie,IG,-768
71724,LPL 2025 Split 3,2025-08-28,IG,BLG,GALA,IG,-79
71724,LPL 2025 Split 3,2025-08-28,IG,BLG,meiko,IG,-75
71724,LPL 2025 Split 3,2025-08-28,IG,BLG,Bin,BLG,78
71724,LPL 2025 Split 3,2025-08-28,IG,BLG,Shad0w,BLG,-449
71724,LPL 2025 Split 3,2025-08-28,IG,BLG,Knight,BLG,768
71724,LPL 2025 Split 3,2025-08-28,IG,BLG,Elk,BLG,79
71724,LPL 2025 Split 3,2025-08-28,IG,BLG,ON,BLG,75
71725,LPL 2025 Split 3,2025-08-28,IG,BLG,Bin,IG,329
71725,LPL 2025 Split 3,2025-08-28,IG,BLG,Shad0w,IG,686
71725,LPL 2025 Split 3,2025-08-28,IG,BLG,Knight,IG,-224
71725,LPL 2025 Split 3,2025-08-28,IG,BLG,Elk,IG,-444
71725,LPL 2025 Split 3,2025-08-28,IG,BLG,ON,IG,265
71725,LPL 2025 Split 3,2025-08-28,IG,BLG,TheShy,BLG,-329
71725,LPL 2025 Split 3,2025-08-28,IG,BLG,Wei,BLG,-686
71725,LPL 2025 Split 3,2025-08-28,IG,BLG,RooKie,BLG,224
71725,LPL 2025 Split 3,2025-08-28,IG,BLG,GALA,BLG,444
71725,LPL 2025 Split 3,2025-08-28,IG,BLG,meiko,BLG,-265
71721,LPL 2025 Split 3,2025-08-28,WBG,JD Gaming,Xiaoxu,WBG,-669
71721,LPL 2025 Split 3,2025-08-28,WBG,JD Gaming,XUN,WBG,684
71721,LPL 2025 Split 3,2025-08-28,WBG,JD Gaming,Scout,WBG,744
71721,LPL 2025 Split 3,2025-08-28,WBG,JD Gaming,Peyz,WBG,168
71721,LPL 2025 Split 3,2025-08-28,WBG,JD Gaming,Zhuo,WBG,-76
71721,LPL 2025 Split 3,2025-08-28,WBG,JD Gaming,Breathe,JD Gaming,669
71721,LPL 2025 Split 3,2025-08-28,WBG,JD Gaming,Tian,JD Gaming,-684
71721,LPL 2025 Split 3,2025-08-28,WBG,JD Gaming,xiaohu,JD Gaming,-744
71721,LPL 2025 Split 3,2025-08-28,WBG,JD Gaming,Light,JD Gaming,-168
71721,LPL 2025 Split 3,2025-08-28,WBG,JD Gaming,Crisp,JD Gaming,76
71722,LPL 2025 Split 3,2025-08-28,WBG,JD Gaming,Breathe,WBG,-85
71722,LPL 2025 Split 3,2025-08-28,WBG,JD Gaming,Tian,WBG,1393
71722,LPL 2025 Split 3,2025-08-28,WBG,JD Gaming,xiaohu,WBG,613
71722,LPL 2025 Split 3,2025-08-28,WBG,JD Gaming,Light,WBG,376
71722,LPL 2025 Split 3,2025-08-28,WBG,JD Gaming,Crisp,WBG,213
71722,LPL 2025 Split 3,2025-08-28,WBG,JD Gaming,Xiaoxu,JD Gaming,85
71722,LPL 2025 Split 3,2025-08-28,WBG,JD Gaming,XUN,JD Gaming,-1393
71722,LPL 2025 Split 3,2025-08-28,WBG,JD Gaming,Scout,JD Gaming,-613
71722,LPL 2025 Split 3,2025-08-28,WBG,JD Gaming,Peyz,JD Gaming,-376
71722,LPL 2025 Split 3,2025-08-28,WBG,JD Gaming,Zhuo,JD Gaming,-213
71723,LPL 2025 Split 3,2025-08-28,WBG,JD Gaming,Xiaoxu,WBG,1156
71723,LPL 2025 Split 3,2025-08-28,WBG,JD Gaming,XUN,WBG,1172
71723,LPL 2025 Split 3,2025-08-28,WBG,JD Gaming,Scout,WBG,1252
71723,LPL 2025 Split 3,2025-08-28,WBG,JD Gaming,Peyz,WBG,-982
71723,LPL 2025 Split 3,2025-08-28,WBG,JD Gaming,Zhuo,WBG,-387
71723,LPL 2025 Split 3,2025-08-28,WBG,JD Gaming,Breathe,JD Gaming,-1156
71723,LPL 2025 Split 3,2025-08-28,WBG,JD Gaming,Tian,JD Gaming,-1172
71723,LPL 2025 Split 3,2025-08-28,WBG,JD Gaming,xiaohu,JD Gaming,-1252
71723,LPL 2025 Split 3,2025-08-28,WBG,JD Gaming,Light,JD Gaming,982
71723,LPL 2025 Split 3,2025-08-28,WBG,JD Gaming,Crisp,JD Gaming,387
71718,LPL 2025 Split 3,2025-08-27,Team WE,AL,Cube,Team WE,-129
71718,LPL 2025 Split 3,2025-08-27,Team WE,AL,Monki,Team WE,-152
71718,LPL 2025 Split 3,2025-08-27,Team WE,AL,Karis,Team WE,-286
71718,LPL 2025 Split 3,2025-08-27,Team WE,AL,Taeyoon,Team WE,301
71718,LPL 2025 Split 3,2025-08-27,Team WE,AL,Vampire,Team WE,213
71718,LPL 2025 Split 3,2025-08-27,Team WE,AL,Flandre,AL,129
71718,LPL 2025 Split 3,2025-08-27,Team WE,AL,Tarzan,AL,152
71718,LPL 2025 Split 3,2025-08-27,Team WE,AL,Shanks,AL,286
71718,LPL 2025 Split 3,2025-08-27,Team WE,AL,Hope,AL,-301
71718,LPL 2025 Split 3,2025-08-27,Team WE,AL,Kael,AL,-213
71719,LPL 2025 Split 3,2025-08-27,Team WE,AL,Flandre,Team WE,-327
71719,LPL 2025 Split 3,2025-08-27,Team WE,AL,Tarzan,Team WE,-152
71719,LPL 2025 Split 3,2025-08-27,Team WE,AL,Shanks,Team WE,-659
71719,LPL 2025 Split 3,2025-08-27,Team WE,AL,Hope,Team WE,358
71719,LPL 2025 Split 3,2025-08-27,Team WE,AL,Kael,Team WE,-386
71719,LPL 2025 Split 3,2025-08-27,Team WE,AL,Cube,AL,327
71719,LPL 2025 Split 3,2025-08-27,Team WE,AL,Monki,AL,152
71719,LPL 2025 Split 3,2025-08-27,Team WE,AL,Karis,AL,659
71719,LPL 2025 Split 3,2025-08-27,Team WE,AL,Taeyoon,AL,-358
71719,LPL 2025 Split 3,2025-08-27,Team WE,AL,Vampire,AL,386
71715,LPL 2025 Split 3,2025-08-27,WBG,JD Gaming,Breathe,WBG,-67
71715,LPL 2025 Split 3,2025-08-27,WBG,JD Gaming,Tian,WBG,1273
71715,LPL 2025 Split 3,2025-08-27,WBG,JD Gaming,xiaohu,WBG,-11
71715,LPL 2025 Split 3,2025-08-27,WBG,JD Gaming,Light,WBG,-79
71715,LPL 2025 Split 3,2025-08-27,WBG,JD Gaming,Crisp,WBG,113
71715,LPL 2025 Split 3,2025-08-27,WBG,JD Gaming,Xiaoxu,JD Gaming,67
71715,LPL 2025 Split 3,2025-08-27,WBG,JD Gaming,XUN,JD Gaming,-1273
71715,LPL 2025 Split 3,2025-08-27,WBG,JD Gaming,Scout,JD Gaming,11
71715,LPL 2025 Split 3,2025-08-27,WBG,JD Gaming,Peyz,JD Gaming,79
71715,LPL 2025 Split 3,2025-08-27,WBG,JD Gaming,Zhuo,JD Gaming,-113
71716,LPL 2025 Split 3,2025-08-27,WBG,JD Gaming,Xiaoxu,WBG,-7
71716,LPL 2025 Split 3,2025-08-27,WBG,JD Gaming,XUN,WBG,-760
71716,LPL 2025 Split 3,2025-08-27,WBG,JD Gaming,Scout,WBG,-42
71716,LPL 2025 Split 3,2025-08-27,WBG,JD Gaming,Peyz,WBG,-612
71716,LPL 2025 Split 3,2025-08-27,WBG,JD Gaming,Zhuo,WBG,-359
71716,LPL 2025 Split 3,2025-08-27,WBG,JD Gaming,Breathe,JD Gaming,7
71716,LPL 2025 Split 3,2025-08-27,WBG,JD Gaming,Tian,JD Gaming,760
71716,LPL 2025 Split 3,2025-08-27,WBG,JD Gaming,xiaohu,JD Gaming,42
71716,LPL 2025 Split 3,2025-08-27,WBG,JD Gaming,Light,JD Gaming,612
71716,LPL 2025 Split 3,2025-08-27,WBG,JD Gaming,Crisp,JD Gaming,359
71712,LPL 2025 Split 3,2025-08-26,FPX,Top Esports,369,FPX,564
71712,LPL 2025 Split 3,2025-08-26,FPX,Top Esports,Kanavi,FPX,-170
71712,LPL 2025 Split 3,2025-08-26,FPX,Top Esports,Creme,FPX,-65
71712,LPL 2025 Split 3,2025-08-26,FPX,Top Esports,JackeyLove,FPX,79
71712,LPL 2025 Split 3,2025-08-26,FPX,Top Esports,Hang,FPX,-225
71712,LPL 2025 Split 3,2025-08-26,FPX,Top Esports,sheer,Top Esports,-564
71712,LPL 2025 Split 3,2025-08-26,FPX,Top Esports,Jiejie,Top Esports,170
71712,LPL 2025 Split 3,2025-08-26,FPX,Top Esports,Care,Top Esports,65
71712,LPL 2025 Split 3,2025-08-26,FPX,Top Esports,JiaQi,Top Esports,-79
71712,LPL 2025 Split 3,2025-08-26,FPX,Top Esports,Jwei,Top Esports,225
71713,LPL 2025 Split 3,2025-08-26,FPX,Top Esports,sheer,FPX,441
71713,LPL 2025 Split 3,2025-08-26,FPX,Top Esports,Jiejie,FPX,70
71713,LPL 2025 Split 3,2025-08-26,FPX,Top Esports,Care,FPX,-102
71713,LPL 2025 Split 3,2025-08-26,FPX,Top Esports,JiaQi,FPX,-510
71713,LPL 2025 Split 3,2025-08-26,FPX,Top Esports,Jwei,FPX,-12
71713,LPL 2025 Split 3,2025-08-26,FPX,Top Esports,369,Top Esports,-441
71713,LPL 2025 Split 3,2025-08-26,FPX,Top Esports,Kanavi,Top Esports,-70
71713,LPL 2025 Split 3,2025-08-26,FPX,Top Esports,Creme,Top Esports,102
71713,LPL 2025 Split 3,2025-08-26,FPX,Top Esports,JackeyLove,Top Esports,510
71713,LPL 2025 Split 3,2025-08-26,FPX,Top Esports,Hang,Top Esports,12
71714,LPL 2025 Split 3,2025-08-26,FPX,Top Esports,369,FPX,-582
71714,LPL 2025 Split 3,2025-08-26,FPX,Top Esports,Kanavi,FPX,406
71714,LPL 2025 Split 3,2025-08-26,FPX,Top Esports,Creme,FPX,1491
71714,LPL 2025 Split 3,2025-08-26,FPX,Top Esports,JackeyLove,FPX,-230
71714,LPL 2025 Split 3,2025-08-26,FPX,Top Esports,Hang,FPX,24
71714,LPL 2025 Split 3,2025-08-26,FPX,Top Esports,sheer,Top Esports,582
71714,LPL 2025 Split 3,2025-08-26,FPX,Top Esports,Jiejie,Top Esports,-406
71714,LPL 2025 Split 3,2025-08-26,FPX,Top Esports,Care,Top Esports,-1491
71714,LPL 2025 Split 3,2025-08-26,FPX,Top Esports,JiaQi,Top Esports,230
71714,LPL 2025 Split 3,2025-08-26,FPX,Top Esports,Jwei,Top Esports,-24
71709,LPL 2025 Split 3,2025-08-26,Team WE,IG,Cube,Team WE,-938
71709,LPL 2025 Split 3,2025-08-26,Team WE,IG,Monki,Team WE,225
71709,LPL 2025 Split 3,2025-08-26,Team WE,IG,Karis,Team WE,602
71709,LPL 2025 Split 3,2025-08-26,Team WE,IG,Taeyoon,Team WE,-505
71709,LPL 2025 Split 3,2025-08-26,Team WE,IG,Vampire,Team WE,172
71709,LPL 2025 Split 3,2025-08-26,Team WE,IG,TheShy,IG,938
71709,LPL 2025 Split 3,2025-08-26,Team WE,IG,Wei,IG,-225
71709,LPL 2025 Split 3,2025-08-26,Team WE,IG,RooKie,IG,-602
71709,LPL 2025 Split 3,2025-08-26,Team WE,IG,GALA,IG,505
71709,LPL 2025 Split 3,2025-08-26,Team WE,IG,meiko,IG,-172
71710,LPL 2025 Split 3,2025-08-26,Team WE,IG,Cube,Team WE,-782
71710,LPL 2025 Split 3,2025-08-26,Team WE,IG,Monki,Team WE,-853
71710,LPL 2025 Split 3,2025-08-26,Team WE,IG,Karis,Team WE,388
71710,LPL 2025 Split 3,2025-08-26,Team WE,IG,Taeyoon,Team WE,159
71710,LPL 2025 Split 3,2025-08-26,Team WE,IG,Vampire,Team WE,175
71710,LPL 2025 Split 3,2025-08-26,Team WE,IG,TheShy,IG,782
71710,LPL 2025 Split 3,2025-08-26,Team WE,IG,Wei,IG,853
71710,LPL 2025 Split 3,2025-08-26,Team WE,IG,RooKie,IG,-388
71710,LPL 2025 Split 3,2025-08-26,Team WE,IG,GALA,IG,-159
71710,LPL 2025 Split 3,2025-08-26,Team WE,IG,meiko,IG,-175
71706,LPL 2025 Split 3,2025-08-25,BLG,FPX,sheer,BLG,764
71706,LPL 2025 Split 3,2025-08-25,BLG,FPX,Jiejie,BLG,-107
71706,LPL 2025 Split 3,2025-08-25,BLG,FPX,Care,BLG,-527
71706,LPL 2025 Split 3,2025-08-25,BLG,FPX,JiaQi,BLG,-1898
71706,LPL 2025 Split 3,2025-08-25,BLG,FPX,Jwei,BLG,-244
71706,LPL 2025 Split 3,2025-08-25,BLG,FPX,Bin,FPX,-764
71706,LPL 2025 Split 3,2025-08-25,BLG,FPX,Shad0w,FPX,107
71706,LPL 2025 Split 3,2025-08-25,BLG,FPX,Knight,FPX,527
71706,LPL 2025 Split 3,2025-08-25,BLG,FPX,Elk,FPX,1898
71706,LPL 2025 Split 3,2025-08-25,BLG,FPX,ON,FPX,244
71707,LPL 2025 Split 3,2025-08-25,BLG,FPX,sheer,BLG,-699
71707,LPL 2025 Split 3,2025-08-25,BLG,FPX,Jiejie,BLG,-586
71707,LPL 2025 Split 3,2025-08-25,BLG,FPX,Care,BLG,-819
71707,LPL 2025 Split 3,2025-08-25,BLG,FPX,JiaQi,BLG,1858
71707,LPL 2025 Split 3,2025-08-25,BLG,FPX,Jwei,BLG,380
71707,LPL 2025 Split 3,2025-08-25,BLG,FPX,Bin,FPX,699
71707,LPL 2025 Split 3,2025-08-25,BLG,FPX,Shad0w,FPX,586
71707,LPL 2025 Split 3,2025-08-25,BLG,FPX,Knight,FPX,819
71707,LPL 2025 Split 3,2025-08-25,BLG,FPX,Elk,FPX,-1858
71707,LPL 2025 Split 3,2025-08-25,BLG,FPX,ON,FPX,-380
71703,LPL 2025 Split 3,2025-08-25,Ultra Prime,LGD Gaming,sasi,Ultra Prime,-204
71703,LPL 2025 Split 3,2025-08-25,Ultra Prime,LGD Gaming,Climber,Ultra Prime,-709
71703,LPL 2025 Split 3,2025-08-25,Ultra Prime,LGD Gaming,xqw,Ultra Prime,31
71703,LPL 2025 Split 3,2025-08-25,Ultra Prime,LGD Gaming,Sav1or,Ultra Prime,-196
71703,LPL 2025 Split 3,2025-08-25,Ultra Prime,LGD Gaming,Ycx,Ultra Prime,272
71703,LPL 2025 Split 3,2025-08-25,Ultra Prime,LGD Gaming,1Jiang,LGD Gaming,204
71703,LPL 2025 Split 3,2025-08-25,Ultra Prime,LGD Gaming,Junhao,LGD Gaming,709
71703,LPL 2025 Split 3,2025-08-25,Ultra Prime,LGD Gaming,Saber,LGD Gaming,-31
71703,LPL 2025 Split 3,2025-08-25,Ultra Prime,LGD Gaming,Baiye,LGD Gaming,196
71703,LPL 2025 Split 3,2025-08-25,Ultra Prime,LGD Gaming,Xiaoxia,LGD Gaming,-272
71704,LPL 2025 Split 3,2025-08-25,Ultra Prime,LGD Gaming,sasi,Ultra Prime,1481
71704,LPL 2025 Split 3,2025-08-25,Ultra Prime,LGD Gaming,Climber,Ultra Prime,149
71704,LPL 2025 Split 3,2025-08-25,Ultra Prime,LGD Gaming,xqw,Ultra Prime,1369
71704,LPL 2025 Split 3,2025-08-25,Ultra Prime,LGD Gaming,Sav1or,Ultra Prime,-641
71704,LPL 2025 Split 3,2025-08-25,Ultra Prime,LGD Gaming,Ycx,Ultra Prime,175
71704,LPL 2025 Split 3,2025-08-25,Ultra Prime,LGD Gaming,1Jiang,LGD Gaming,-1481
71704,LPL 2025 Split 3,2025-08-25,Ultra Prime,LGD Gaming,Junhao,LGD Gaming,-149
71704,LPL 2025 Split 3,2025-08-25,Ultra Prime,LGD Gaming,Saber,LGD Gaming,-1369
71704,LPL 2025 Split 3,2025-08-25,Ultra Prime,LGD Gaming,Baiye,LGD Gaming,641
71704,LPL 2025 Split 3,2025-08-25,Ultra Prime,LGD Gaming,Xiaoxia,LGD Gaming,-175
71705,LPL 2025 Split 3,2025-08-25,Ultra Prime,LGD Gaming,1Jiang,Ultra Prime,366
71705,LPL 2025 Split 3,2025-08-25,Ultra Prime,LGD Gaming,Junhao,Ultra Prime,-684
71705,LPL 2025 Split 3,2025-08-25,Ultra Prime,LGD Gaming,Saber,Ultra Prime,687
71705,LPL 2025 Split 3,2025-08-25,Ultra Prime,LGD Gaming,Baiye,Ultra Prime,477
71705,LPL 2025 Split 3,2025-08-25,Ultra Prime,LGD Gaming,Xiaoxia,Ultra Prime,-38
71705,LPL 2025 Split 3,2025-08-25,Ultra Prime,LGD Gaming,sasi,LGD Gaming,-366
71705,LPL 2025 Split 3,2025-08-25,Ultra Prime,LGD Gaming,Climber,LGD Gaming,684
71705,LPL 2025 Split 3,2025-08-25,Ultra Prime,LGD Gaming,xqw,LGD Gaming,-687
71705,LPL 2025 Split 3,2025-08-25,Ultra Prime,LGD Gaming,Sav1or,LGD Gaming,-477
71705,LPL 2025 Split 3,2025-08-25,Ultra Prime,LGD Gaming,Ycx,LGD Gaming,38
71459,LPL 2025 Split 3,2025-08-24,JD Gaming,AL,Flandre,JD Gaming,-211
71459,LPL 2025 Split 3,2025-08-24,JD Gaming,AL,Tarzan,JD Gaming,-88
71459,LPL 2025 Split 3,2025-08-24,JD Gaming,AL,Shanks,JD Gaming,-343
71459,LPL 2025 Split 3,2025-08-24,JD Gaming,AL,Hope,JD Gaming,-303
71459,LPL 2025 Split 3,2025-08-24,JD Gaming,AL,Kael,JD Gaming,64
71459,LPL 2025 Split 3,2025-08-24,JD Gaming,AL,Xiaoxu,AL,211
71459,LPL 2025 Split 3,2025-08-24,JD Gaming,AL,XUN,AL,88
71459,LPL 2025 Split 3,2025-08-24,JD Gaming,AL,Scout,AL,343
71459,LPL 2025 Split 3,2025-08-24,JD Gaming,AL,Peyz,AL,303
71459,LPL 2025 Split 3,2025-08-24,JD Gaming,AL,Zhuo,AL,-64
71460,LPL 2025 Split 3,2025-08-24,JD Gaming,AL,Xiaoxu,JD Gaming,-1808
71460,LPL 2025 Split 3,2025-08-24,JD Gaming,AL,XUN,JD Gaming,-1750
71460,LPL 2025 Split 3,2025-08-24,JD Gaming,AL,Scout,JD Gaming,-2087
71460,LPL 2025 Split 3,2025-08-24,JD Gaming,AL,Peyz,JD Gaming,772
71460,LPL 2025 Split 3,2025-08-24,JD Gaming,AL,Zhuo,JD Gaming,-321
71460,LPL 2025 Split 3,2025-08-24,JD Gaming,AL,Flandre,AL,1808
71460,LPL 2025 Split 3,2025-08-24,JD Gaming,AL,Tarzan,AL,1750
71460,LPL 2025 Split 3,2025-08-24,JD Gaming,AL,Shanks,AL,2087
71460,LPL 2025 Split 3,2025-08-24,JD Gaming,AL,Hope,AL,-772
71460,LPL 2025 Split 3,2025-08-24,JD Gaming,AL,Kael,AL,321
71456,LPL 2025 Split 3,2025-08-24,LNG Esports,EDG,Zdz,LNG Esports,526
71456,LPL 2025 Split 3,2025-08-24,LNG Esports,EDG,Xiaohao,LNG Esports,807
71456,LPL 2025 Split 3,2025-08-24,LNG Esports,EDG,Angel,LNG Esports,956
71456,LPL 2025 Split 3,2025-08-24,LNG Esports,EDG,Ahn,LNG Esports,1701
71456,LPL 2025 Split 3,2025-08-24,LNG Esports,EDG,Parukia,LNG Esports,888
71456,LPL 2025 Split 3,2025-08-24,LNG Esports,EDG,Zika,EDG,-526
71456,LPL 2025 Split 3,2025-08-24,LNG Esports,EDG,xiaofang,EDG,-807
71456,LPL 2025 Split 3,2025-08-24,LNG Esports,EDG,Haichao,EDG,-956
71456,LPL 2025 Split 3,2025-08-24,LNG Esports,EDG,fishone,EDG,-1701
71456,LPL 2025 Split 3,2025-08-24,LNG Esports,EDG,OvO,EDG,-888
71457,LPL 2025 Split 3,2025-08-24,LNG Esports,EDG,Zika,LNG Esports,43
71457,LPL 2025 Split 3,2025-08-24,LNG Esports,EDG,xiaofang,LNG Esports,119
71457,LPL 2025 Split 3,2025-08-24,LNG Esports,EDG,Haichao,LNG Esports,-518
71457,LPL 2025 Split 3,2025-08-24,LNG Esports,EDG,fishone,LNG Esports,89
71457,LPL 2025 Split 3,2025-08-24,LNG Esports,EDG,OvO,LNG Esports,-140
71457,LPL 2025 Split 3,2025-08-24,LNG Esports,EDG,Zdz,EDG,-43
71457,LPL 2025 Split 3,2025-08-24,LNG Esports,EDG,Xiaohao,EDG,-119
71457,LPL 2025 Split 3,2025-08-24,LNG Esports,EDG,Angel,EDG,518
71457,LPL 2025 Split 3,2025-08-24,LNG Esports,EDG,Ahn,EDG,-89
71457,LPL 2025 Split 3,2025-08-24,LNG Esports,EDG,Parukia,EDG,140
71453,LPL 2025 Split 3,2025-08-23,WBG,IG,Breathe,WBG,633
71453,LPL 2025 Split 3,2025-08-23,WBG,IG,Tian,WBG,1042
71453,LPL 2025 Split 3,2025-08-23,WBG,IG,xiaohu,WBG,-278
71453,LPL 2025 Split 3,2025-08-23,WBG,IG,Light,WBG,464
71453,LPL 2025 Split 3,2025-08-23,WBG,IG,Crisp,WBG,160
71453,LPL 2025 Split 3,2025-08-23,WBG,IG,TheShy,IG,-633
71453,LPL 2025 Split 3,2025-08-23,WBG,IG,Wei,IG,-1042
71453,LPL 2025 Split 3,2025-08-23,WBG,IG,RooKie,IG,278
71453,LPL 2025 Split 3,2025-08-23,WBG,IG,GALA,IG,-464
71453,LPL 2025 Split 3,2025-08-23,WBG,IG,meiko,IG,-160
71454,LPL 2025 Split 3,2025-08-23,WBG,IG,Breathe,WBG,-674
71454,LPL 2025 Split 3,2025-08-23,WBG,IG,Tian,WBG,457
71454,LPL 2025 Split 3,2025-08-23,WBG,IG,xiaohu,WBG,388
71454,LPL 2025 Split 3,2025-08-23,WBG,IG,Light,WBG,-985
71454,LPL 2025 Split 3,2025-08-23,WBG,IG,Crisp,WBG,1121
71454,LPL 2025 Split 3,2025-08-23,WBG,IG,TheShy,IG,674
71454,LPL 2025 Split 3,2025-08-23,WBG,IG,Wei,IG,-457
71454,LPL 2025 Split 3,2025-08-23,WBG,IG,RooKie,IG,-388
71454,LPL 2025 Split 3,2025-08-23,WBG,IG,GALA,IG,985
71454,LPL 2025 Split 3,2025-08-23,WBG,IG,meiko,IG,-1121
71455,LPL 2025 Split 3,2025-08-23,WBG,IG,TheShy,WBG,510
71455,LPL 2025 Split 3,2025-08-23,WBG,IG,Wei,WBG,467
71455,LPL 2025 Split 3,2025-08-23,WBG,IG,RooKie,WBG,588
71455,LPL 2025 Split 3,2025-08-23,WBG,IG,GALA,WBG,765
71455,LPL 2025 Split 3,2025-08-23,WBG,IG,meiko,WBG,41
71455,LPL 2025 Split 3,2025-08-23,WBG,IG,Breathe,IG,-510
71455,LPL 2025 Split 3,2025-08-23,WBG,IG,Tian,IG,-467
71455,LPL 2025 Split 3,2025-08-23,WBG,IG,xiaohu,IG,-588
71455,LPL 2025 Split 3,2025-08-23,WBG,IG,Light,IG,-765
71455,LPL 2025 Split 3,2025-08-23,WBG,IG,Crisp,IG,-41
71450,LPL 2025 Split 3,2025-08-23,Team WE,Top Esports,Cube,Team WE,875
71450,LPL 2025 Split 3,2025-08-23,Team WE,Top Esports,Monki,Team WE,-399
71450,LPL 2025 Split 3,2025-08-23,Team WE,Top Esports,Karis,Team WE,852
71450,LPL 2025 Split 3,2025-08-23,Team WE,Top Esports,Taeyoon,Team WE,259
71450,LPL 2025 Split 3,2025-08-23,Team WE,Top Esports,Vampire,Team WE,439
71450,LPL 2025 Split 3,2025-08-23,Team WE,Top Esports,369,Top Esports,-875
71450,LPL 2025 Split 3,2025-08-23,Team WE,Top Esports,Kanavi,Top Esports,399
71450,LPL 2025 Split 3,2025-08-23,Team WE,Top Esports,Creme,Top Esports,-852
71450,LPL 2025 Split 3,2025-08-23,Team WE,Top Esports,JackeyLove,Top Esports,-259
71450,LPL 2025 Split 3,2025-08-23,Team WE,Top Esports,Hang,Top Esports,-439
71451,LPL 2025 Split 3,2025-08-23,Team WE,Top Esports,369,Team WE,872
71451,LPL 2025 Split 3,2025-08-23,Team WE,Top Esports,Kanavi,Team WE,606
71451,LPL 2025 Split 3,2025-08-23,Team WE,Top Esports,Creme,Team WE,-909
71451,LPL 2025 Split 3,2025-08-23,Team WE,Top Esports,JackeyLove,Team WE,787
71451,LPL 2025 Split 3,2025-08-23,Team WE,Top Esports,Hang,Team WE,380
71451,LPL 2025 Split 3,2025-08-23,Team WE,Top Esports,Cube,Top Esports,-872
71451,LPL 2025 Split 3,2025-08-23,Team WE,Top Esports,Monki,Top Esports,-606
71451,LPL 2025 Split 3,2025-08-23,Team WE,Top Esports,Karis,Top Esports,909
71451,LPL 2025 Split 3,2025-08-23,Team WE,Top Esports,Taeyoon,Top Esports,-787
71451,LPL 2025 Split 3,2025-08-23,Team WE,Top Esports,Vampire,Top Esports,-380
71452,LPL 2025 Split 3,2025-08-23,Team WE,Top Esports,Cube,Team WE,-570
71452,LPL 2025 Split 3,2025-08-23,Team WE,Top Esports,Monki,Team WE,-690
71452,LPL 2025 Split 3,2025-08-23,Team WE,Top Esports,Karis,Team WE,1282
71452,LPL 2025 Split 3,2025-08-23,Team WE,Top Esports,Taeyoon,Team WE,763
71452,LPL 2025 Split 3,2025-08-23,Team WE,Top Esports,Vampire,Team WE,338
71452,LPL 2025 Split 3,2025-08-23,Team WE,Top Esports,369,Top Esports,570
71452,LPL 2025 Split 3,2025-08-23,Team WE,Top Esports,Kanavi,Top Esports,690
71452,LPL 2025 Split 3,2025-08-23,Team WE,Top Esports,Creme,Top Esports,-1282
71452,LPL 2025 Split 3,2025-08-23,Team WE,Top Esports,JackeyLove,Top Esports,-763
71452,LPL 2025 Split 3,2025-08-23,Team WE,Top Esports,Hang,Top Esports,-338
71447,LPL 2025 Split 3,2025-08-23,LNG Esports,TT,Zika,LNG Esports,26
71447,LPL 2025 Split 3,2025-08-23,LNG Esports,TT,xiaofang,LNG Esports,700
71447,LPL 2025 Split 3,2025-08-23,LNG Esports,TT,Haichao,LNG Esports,1714
71447,LPL 2025 Split 3,2025-08-23,LNG Esports,TT,fishone,LNG Esports,-22
71447,LPL 2025 Split 3,2025-08-23,LNG Esports,TT,OvO,LNG Esports,171
71447,LPL 2025 Split 3,2025-08-23,LNG Esports,TT,Hoya,TT,-26
71447,LPL 2025 Split 3,2025-08-23,LNG Esports,TT,AKi,TT,-700
71447,LPL 2025 Split 3,2025-08-23,LNG Esports,TT,SeTab,TT,-1714
71447,LPL 2025 Split 3,2025-08-23,LNG Esports,TT,1xn,TT,22
71447,LPL 2025 Split 3,2025-08-23,LNG Esports,TT,Feather,TT,-171
71448,LPL 2025 Split 3,2025-08-23,LNG Esports,TT,Hoya,LNG Esports,-1053
71448,LPL 2025 Split 3,2025-08-23,LNG Esports,TT,AKi,LNG Esports,423
71448,LPL 2025 Split 3,2025-08-23,LNG Esports,TT,SeTab,LNG Esports,-805
71448,LPL 2025 Split 3,2025-08-23,LNG Esports,TT,1xn,LNG Esports,1
71448,LPL 2025 Split 3,2025-08-23,LNG Esports,TT,Feather,LNG Esports,91
71448,LPL 2025 Split 3,2025-08-23,LNG Esports,TT,Zika,TT,1053
71448,LPL 2025 Split 3,2025-08-23,LNG Esports,TT,xiaofang,TT,-423
71448,LPL 2025 Split 3,2025-08-23,LNG Esports,TT,Haichao,TT,805
71448,LPL 2025 Split 3,2025-08-23,LNG Esports,TT,fishone,TT,-1
71448,LPL 2025 Split 3,2025-08-23,LNG Esports,TT,OvO,TT,-91
71444,LPL 2025 Split 3,2025-08-22,LGD Gaming,EDG,Zdz,LGD Gaming,597
71444,LPL 2025 Split 3,2025-08-22,LGD Gaming,EDG,Xiaohao,LGD Gaming,-253
71444,LPL 2025 Split 3,2025-08-22,LGD Gaming,EDG,Angel,LGD Gaming,-553
71444,LPL 2025 Split 3,2025-08-22,LGD Gaming,EDG,Ahn,LGD Gaming,-607
71444,LPL 2025 Split 3,2025-08-22,LGD Gaming,EDG,Parukia,LGD Gaming,-788
71444,LPL 2025 Split 3,2025-08-22,LGD Gaming,EDG,sasi,EDG,-597
71444,LPL 2025 Split 3,2025-08-22,LGD Gaming,EDG,Climber,EDG,253
71444,LPL 2025 Split 3,2025-08-22,LGD Gaming,EDG,xqw,EDG,553
71444,LPL 2025 Split 3,2025-08-22,LGD Gaming,EDG,Sav1or,EDG,607
71444,LPL 2025 Split 3,2025-08-22,LGD Gaming,EDG,Ycx,EDG,788
71445,LPL 2025 Split 3,2025-08-22,LGD Gaming,EDG,Zdz,LGD Gaming,-830
71445,LPL 2025 Split 3,2025-08-22,LGD Gaming,EDG,Xiaohao,LGD Gaming,52
71445,LPL 2025 Split 3,2025-08-22,LGD Gaming,EDG,Angel,LGD Gaming,1502
71445,LPL 2025 Split 3,2025-08-22,LGD Gaming,EDG,Ahn,LGD Gaming,314
71445,LPL 2025 Split 3,2025-08-22,LGD Gaming,EDG,Parukia,LGD Gaming,-229
71445,LPL 2025 Split 3,2025-08-22,LGD Gaming,EDG,sasi,EDG,830
71445,LPL 2025 Split 3,2025-08-22,LGD Gaming,EDG,Climber,EDG,-52
71445,LPL 2025 Split 3,2025-08-22,LGD Gaming,EDG,xqw,EDG,-1502
71445,LPL 2025 Split 3,2025-08-22,LGD Gaming,EDG,Sav1or,EDG,-314
71445,LPL 2025 Split 3,2025-08-22,LGD Gaming,EDG,Ycx,EDG,229
71441,LPL 2025 Split 3,2025-08-22,IG,FPX,TheShy,IG,-424
71441,LPL 2025 Split 3,2025-08-22,IG,FPX,Wei,IG,475
71441,LPL 2025 Split 3,2025-08-22,IG,FPX,RooKie,IG,1727
71441,LPL 2025 Split 3,2025-08-22,IG,FPX,GALA,IG,554
71441,LPL 2025 Split 3,2025-08-22,IG,FPX,meiko,IG,499
71441,LPL 2025 Split 3,2025-08-22,IG,FPX,sheer,FPX,424
71441,LPL 2025 Split 3,2025-08-22,IG,FPX,iyy,FPX,-475
71441,LPL 2025 Split 3,2025-08-22,IG,FPX,Care,FPX,-1727
71441,LPL 2025 Split 3,2025-08-22,IG,FPX,JiaQi,FPX,-554
71441,LPL 2025 Split 3,2025-08-22,IG,FPX,Jwei,FPX,-499
71442,LPL 2025 Split 3,2025-08-22,IG,FPX,sheer,IG,-1347
71442,LPL 2025 Split 3,2025-08-22,IG,FPX,iyy,IG,-796
71442,LPL 2025 Split 3,2025-08-22,IG,FPX,Care,IG,78
71442,LPL 2025 Split 3,2025-08-22,IG,FPX,JiaQi,IG,-384
71442,LPL 2025 Split 3,2025-08-22,IG,FPX,Jwei,IG,85
71442,LPL 2025 Split 3,2025-08-22,IG,FPX,TheShy,FPX,1347
71442,LPL 2025 Split 3,2025-08-22,IG,FPX,Wei,FPX,796
71442,LPL 2025 Split 3,2025-08-22,IG,FPX,RooKie,FPX,-78
71442,LPL 2025 Split 3,2025-08-22,IG,FPX,GALA,FPX,384
71442,LPL 2025 Split 3,2025-08-22,IG,FPX,meiko,FPX,-85
71438,LPL 2025 Split 3,2025-08-21,JD Gaming,BLG,Xiaoxu,JD Gaming,-233
71438,LPL 2025 Split 3,2025-08-21,JD Gaming,BLG,XUN,JD Gaming,-344
71438,LPL 2025 Split 3,2025-08-21,JD Gaming,BLG,Scout,JD Gaming,143
71438,LPL 2025 Split 3,2025-08-21,JD Gaming,BLG,Peyz,JD Gaming,-378
71438,LPL 2025 Split 3,2025-08-21,JD Gaming,BLG,Zhuo,JD Gaming,6
71438,LPL 2025 Split 3,2025-08-21,JD Gaming,BLG,Bin,BLG,233
71438,LPL 2025 Split 3,2025-08-21,JD Gaming,BLG,Shad0w,BLG,344
71438,LPL 2025 Split 3,2025-08-21,JD Gaming,BLG,Knight,BLG,-143
71438,LPL 2025 Split 3,2025-08-21,JD Gaming,BLG,Elk,BLG,378
71438,LPL 2025 Split 3,2025-08-21,JD Gaming,BLG,ON,BLG,-6
71439,LPL 2025 Split 3,2025-08-21,JD Gaming,BLG,Xiaoxu,JD Gaming,-285
71439,LPL 2025 Split 3,2025-08-21,JD Gaming,BLG,XUN,JD Gaming,1624
71439,LPL 2025 Split 3,2025-08-21,JD Gaming,BLG,Scout,JD Gaming,-48
71439,LPL 2025 Split 3,2025-08-21,JD Gaming,BLG,Peyz,JD Gaming,405
71439,LPL 2025 Split 3,2025-08-21,JD Gaming,BLG,Zhuo,JD Gaming,-153
71439,LPL 2025 Split 3,2025-08-21,JD Gaming,BLG,Bin,BLG,285
71439,LPL 2025 Split 3,2025-08-21,JD Gaming,BLG,Shad0w,BLG,-1624
71439,LPL 2025 Split 3,2025-08-21,JD Gaming,BLG,Knight,BLG,48
71439,LPL 2025 Split 3,2025-08-21,JD Gaming,BLG,Elk,BLG,-405
71439,LPL 2025 Split 3,2025-08-21,JD Gaming,BLG,ON,BLG,153
71440,LPL 2025 Split 3,2025-08-21,JD Gaming,BLG,Bin,JD Gaming,-352
71440,LPL 2025 Split 3,2025-08-21,JD Gaming,BLG,Shad0w,JD Gaming,64
71440,LPL 2025 Split 3,2025-08-21,JD Gaming,BLG,Knight,JD Gaming,614
71440,LPL 2025 Split 3,2025-08-21,JD Gaming,BLG,Elk,JD Gaming,-118
71440,LPL 2025 Split 3,2025-08-21,JD Gaming,BLG,ON,JD Gaming,504
71440,LPL 2025 Split 3,2025-08-21,JD Gaming,BLG,Xiaoxu,BLG,352
71440,LPL 2025 Split 3,2025-08-21,JD Gaming,BLG,XUN,BLG,-64
71440,LPL 2025 Split 3,2025-08-21,JD Gaming,BLG,Scout,BLG,-614
71440,LPL 2025 Split 3,2025-08-21,JD Gaming,BLG,Peyz,BLG,118
71440,LPL 2025 Split 3,2025-08-21,JD Gaming,BLG,Zhuo,BLG,-504
71435,LPL 2025 Split 3,2025-08-21,Ultra Prime,EDG,1Jiang,Ultra Prime,-491
71435,LPL 2025 Split 3,2025-08-21,Ultra Prime,EDG,Junhao,Ultra Prime,-954
71435,LPL 2025 Split 3,2025-08-21,Ultra Prime,EDG,Saber,Ultra Prime,153
71435,LPL 2025 Split 3,2025-08-21,Ultra Prime,EDG,Baiye,Ultra Prime,-1043
71435,LPL 2025 Split 3,2025-08-21,Ultra Prime,EDG,Xiaoxia,Ultra Prime,185
71435,LPL 2025 Split 3,2025-08-21,Ultra Prime,EDG,Zdz,EDG,491
71435,LPL 2025 Split 3,2025-08-21,Ultra Prime,EDG,Xiaohao,EDG,954
71435,LPL 2025 Split 3,2025-08-21,Ultra Prime,EDG,Angel,EDG,-153
71435,LPL 2025 Split 3,2025-08-21,Ultra Prime,EDG,Ahn,EDG,1043
71435,LPL 2025 Split 3,2025-08-21,Ultra Prime,EDG,Parukia,EDG,-185
71436,LPL 2025 Split 3,2025-08-21,Ultra Prime,EDG,1Jiang,Ultra Prime,-1200
71436,LPL 2025 Split 3,2025-08-21,Ultra Prime,EDG,Junhao,Ultra Prime,-1615
71436,LPL 2025 Split 3,2025-08-21,Ultra Prime,EDG,Saber,Ultra Prime,-39
71436,LPL 2025 Split 3,2025-08-21,Ultra Prime,EDG,Baiye,Ultra Prime,-1424
71436,LPL 2025 Split 3,2025-08-21,Ultra Prime,EDG,Xiaoxia,Ultra Prime,-282
71436,LPL 2025 Split 3,2025-08-21,Ultra Prime,EDG,Zdz,EDG,1200
71436,LPL 2025 Split 3,2025-08-21,Ultra Prime,EDG,Xiaohao,EDG,1615
71436,LPL 2025 Split 3,2025-08-21,Ultra Prime,EDG,Angel,EDG,39
71436,LPL 2025 Split 3,2025-08-21,Ultra Prime,EDG,Ahn,EDG,1424
71436,LPL 2025 Split 3,2025-08-21,Ultra Prime,EDG,Parukia,EDG,282
71432,LPL 2025 Split 3,2025-08-20,AL,FPX,sheer,AL,-513
71432,LPL 2025 Split 3,2025-08-20,AL,FPX,iyy,AL,-695
71432,LPL 2025 Split 3,2025-08-20,AL,FPX,Care,AL,-867
71432,LPL 2025 Split 3,2025-08-20,AL,FPX,JiaQi,AL,-363
71432,LPL 2025 Split 3,2025-08-20,AL,FPX,Jwei,AL,-364
71432,LPL 2025 Split 3,2025-08-20,AL,FPX,Flandre,FPX,513
71432,LPL 2025 Split 3,2025-08-20,AL,FPX,Tarzan,FPX,695
71432,LPL 2025 Split 3,2025-08-20,AL,FPX,Shanks,FPX,867
71432,LPL 2025 Split 3,2025-08-20,AL,FPX,Hope,FPX,363
71432,LPL 2025 Split 3,2025-08-20,AL,FPX,Kael,FPX,364
71433,LPL 2025 Split 3,2025-08-20,AL,FPX,sheer,AL,-33
71433,LPL 2025 Split 3,2025-08-20,AL,FPX,iyy,AL,-312
71433,LPL 2025 Split 3,2025-08-20,AL,FPX,Care,AL,-879
71433,LPL 2025 Split 3,2025-08-20,AL,FPX,JiaQi,AL,242
71433,LPL 2025 Split 3,2025-08-20,AL,FPX,Jwei,AL,460
71433,LPL 2025 Split 3,2025-08-20,AL,FPX,Flandre,FPX,33
71433,LPL 2025 Split 3,2025-08-20,AL,FPX,Tarzan,FPX,312
71433,LPL 2025 Split 3,2025-08-20,AL,FPX,Shanks,FPX,879
71433,LPL 2025 Split 3,2025-08-20,AL,FPX,Hope,FPX,-242
71433,LPL 2025 Split 3,2025-08-20,AL,FPX,Kael,FPX,-460
71429,LPL 2025 Split 3,2025-08-20,TT,LGD Gaming,sasi,TT,70
71429,LPL 2025 Split 3,2025-08-20,TT,LGD Gaming,Climber,TT,-262
71429,LPL 2025 Split 3,2025-08-20,TT,LGD Gaming,xqw,TT,-305
71429,LPL 2025 Split 3,2025-08-20,TT,LGD Gaming,Sav1or,TT,-192
71429,LPL 2025 Split 3,2025-08-20,TT,LGD Gaming,Ycx,TT,217
71429,LPL 2025 Split 3,2025-08-20,TT,LGD Gaming,Hoya,LGD Gaming,-70
71429,LPL 2025 Split 3,2025-08-20,TT,LGD Gaming,AKi,LGD Gaming,262
71429,LPL 2025 Split 3,2025-08-20,TT,LGD Gaming,SeTab,LGD Gaming,305
71429,LPL 2025 Split 3,2025-08-20,TT,LGD Gaming,1xn,LGD Gaming,192
71429,LPL 2025 Split 3,2025-08-20,TT,LGD Gaming,Feather,LGD Gaming,-217
71430,LPL 2025 Split 3,2025-08-20,TT,LGD Gaming,Hoya,TT,100
71430,LPL 2025 Split 3,2025-08-20,TT,LGD Gaming,AKi,TT,606
71430,LPL 2025 Split 3,2025-08-20,TT,LGD Gaming,SeTab,TT,-355
71430,LPL 2025 Split 3,2025-08-20,TT,LGD Gaming,1xn,TT,1009
71430,LPL 2025 Split 3,2025-08-20,TT,LGD Gaming,Feather,TT,529
71430,LPL 2025 Split 3,2025-08-20,TT,LGD Gaming,sasi,LGD Gaming,-100
71430,LPL 2025 Split 3,2025-08-20,TT,LGD Gaming,Climber,LGD Gaming,-606
71430,LPL 2025 Split 3,2025-08-20,TT,LGD Gaming,xqw,LGD Gaming,355
71430,LPL 2025 Split 3,2025-08-20,TT,LGD Gaming,Sav1or,LGD Gaming,-1009
71430,LPL 2025 Split 3,2025-08-20,TT,LGD Gaming,Ycx,LGD Gaming,-529
71426,LPL 2025 Split 3,2025-08-19,AL,Top Esports,Flandre,AL,-1069
71426,LPL 2025 Split 3,2025-08-19,AL,Top Esports,Tarzan,AL,102
71426,LPL 2025 Split 3,2025-08-19,AL,Top Esports,Shanks,AL,-931
71426,LPL 2025 Split 3,2025-08-19,AL,Top Esports,Hope,AL,198
71426,LPL 2025 Split 3,2025-08-19,AL,Top Esports,Kael,AL,-522
71426,LPL 2025 Split 3,2025-08-19,AL,Top Esports,369,Top Esports,1069
71426,LPL 2025 Split 3,2025-08-19,AL,Top Esports,Kanavi,Top Esports,-102
71426,LPL 2025 Split 3,2025-08-19,AL,Top Esports,Creme,Top Esports,931
71426,LPL 2025 Split 3,2025-08-19,AL,Top Esports,JackeyLove,Top Esports,-198
71426,LPL 2025 Split 3,2025-08-19,AL,Top Esports,Hang,Top Esports,522
71427,LPL 2025 Split 3,2025-08-19,AL,Top Esports,Flandre,AL,568
71427,LPL 2025 Split 3,2025-08-19,AL,Top Esports,Tarzan,AL,161
71427,LPL 2025 Split 3,2025-08-19,AL,Top Esports,Shanks,AL,-1225
71427,LPL 2025 Split 3,2025-08-19,AL,Top Esports,Hope,AL,-760
71427,LPL 2025 Split 3,2025-08-19,AL,Top Esports,Kael,AL,-519
71427,LPL 2025 Split 3,2025-08-19,AL,Top Esports,369,Top Esports,-568
71427,LPL 2025 Split 3,2025-08-19,AL,Top Esports,Kanavi,Top Esports,-161
71427,LPL 2025 Split 3,2025-08-19,AL,Top Esports,Creme,Top Esports,1225
71427,LPL 2025 Split 3,2025-08-19,AL,Top Esports,JackeyLove,Top Esports,760
71427,LPL 2025 Split 3,2025-08-19,AL,Top Esports,Hang,Top Esports,519
71423,LPL 2025 Split 3,2025-08-19,LNG Esports,NIP,Solokill,LNG Esports,-70
71423,LPL 2025 Split 3,2025-08-19,LNG Esports,NIP,naiyou,LNG Esports,178
71423,LPL 2025 Split 3,2025-08-19,LNG Esports,NIP,Doinb,LNG Esports,972
71423,LPL 2025 Split 3,2025-08-19,LNG Esports,NIP,Leave,LNG Esports,482
71423,LPL 2025 Split 3,2025-08-19,LNG Esports,NIP,Niket,LNG Esports,98
71423,LPL 2025 Split 3,2025-08-19,LNG Esports,NIP,Zika,NIP,70
71423,LPL 2025 Split 3,2025-08-19,LNG Esports,NIP,xiaofang,NIP,-178
71423,LPL 2025 Split 3,2025-08-19,LNG Esports,NIP,Haichao,NIP,-972
71423,LPL 2025 Split 3,2025-08-19,LNG Esports,NIP,fishone,NIP,-482
71423,LPL 2025 Split 3,2025-08-19,LNG Esports,NIP,OvO,NIP,-98
71424,LPL 2025 Split 3,2025-08-19,LNG Esports,NIP,Zika,LNG Esports,697
71424,LPL 2025 Split 3,2025-08-19,LNG Esports,NIP,xiaofang,LNG Esports,25
71424,LPL 2025 Split 3,2025-08-19,LNG Esports,NIP,Haichao,LNG Esports,-284
71424,LPL 2025 Split 3,2025-08-19,LNG Esports,NIP,fishone,LNG Esports,-423
71424,LPL 2025 Split 3,2025-08-19,LNG Esports,NIP,OvO,LNG Esports,304
71424,LPL 2025 Split 3,2025-08-19,LNG Esports,NIP,Solokill,NIP,-697
71424,LPL 2025 Split 3,2025-08-19,LNG Esports,NIP,naiyou,NIP,-25
71424,LPL 2025 Split 3,2025-08-19,LNG Esports,NIP,Doinb,NIP,284
71424,LPL 2025 Split 3,2025-08-19,LNG Esports,NIP,Leave,NIP,423
71424,LPL 2025 Split 3,2025-08-19,LNG Esports,NIP,Niket,NIP,-304
71420,LPL 2025 Split 3,2025-08-18,IG,BLG,Bin,IG,442
71420,LPL 2025 Split 3,2025-08-18,IG,BLG,Shad0w,IG,912
71420,LPL 2025 Split 3,2025-08-18,IG,BLG,Knight,IG,1476
71420,LPL 2025 Split 3,2025-08-18,IG,BLG,Elk,IG,-37
71420,LPL 2025 Split 3,2025-08-18,IG,BLG,ON,IG,-227
71420,LPL 2025 Split 3,2025-08-18,IG,BLG,TheShy,BLG,-442
71420,LPL 2025 Split 3,2025-08-18,IG,BLG,Wei,BLG,-912
71420,LPL 2025 Split 3,2025-08-18,IG,BLG,RooKie,BLG,-1476
71420,LPL 2025 Split 3,2025-08-18,IG,BLG,GALA,BLG,37
71420,LPL 2025 Split 3,2025-08-18,IG,BLG,meiko,BLG,227
71421,LPL 2025 Split 3,2025-08-18,IG,BLG,Bin,IG,-573
71421,LPL 2025 Split 3,2025-08-18,IG,BLG,Shad0w,IG,-205
71421,LPL 2025 Split 3,2025-08-18,IG,BLG,Knight,IG,1807
71421,LPL 2025 Split 3,2025-08-18,IG,BLG,Elk,IG,-678
71421,LPL 2025 Split 3,2025-08-18,IG,BLG,ON,IG,-539
71421,LPL 2025 Split 3,2025-08-18,IG,BLG,TheShy,BLG,573
71421,LPL 2025 Split 3,2025-08-18,IG,BLG,Wei,BLG,205
71421,LPL 2025 Split 3,2025-08-18,IG,BLG,RooKie,BLG,-1807
71421,LPL 2025 Split 3,2025-08-18,IG,BLG,GALA,BLG,678
71421,LPL 2025 Split 3,2025-08-18,IG,BLG,meiko,BLG,539
71422,LPL 2025 Split 3,2025-08-18,IG,BLG,TheShy,IG,149
71422,LPL 2025 Split 3,2025-08-18,IG,BLG,Wei,IG,-819
71422,LPL 2025 Split 3,2025-08-18,IG,BLG,RooKie,IG,-569
71422,LPL 2025 Split 3,2025-08-18,IG,BLG,GALA,IG,402
71422,LPL 2025 Split 3,2025-08-18,IG,BLG,meiko,IG,-222
71422,LPL 2025 Split 3,2025-08-18,IG,BLG,Bin,BLG,-149
71422,LPL 2025 Split 3,2025-08-18,IG,BLG,Shad0w,BLG,819
71422,LPL 2025 Split 3,2025-08-18,IG,BLG,Knight,BLG,569
71422,LPL 2025 Split 3,2025-08-18,IG,BLG,Elk,BLG,-402
71422,LPL 2025 Split 3,2025-08-18,IG,BLG,ON,BLG,222
71417,LPL 2025 Split 3,2025-08-18,WBG,FPX,sheer,WBG,651
71417,LPL 2025 Split 3,2025-08-18,WBG,FPX,iyy,WBG,-254
71417,LPL 2025 Split 3,2025-08-18,WBG,FPX,Care,WBG,-528
71417,LPL 2025 Split 3,2025-08-18,WBG,FPX,JiaQi,WBG,-724
71417,LPL 2025 Split 3,2025-08-18,WBG,FPX,Jwei,WBG,-109
71417,LPL 2025 Split 3,2025-08-18,WBG,FPX,Breathe,FPX,-651
71417,LPL 2025 Split 3,2025-08-18,WBG,FPX,Tian,FPX,254
71417,LPL 2025 Split 3,2025-08-18,WBG,FPX,xiaohu,FPX,528
71417,LPL 2025 Split 3,2025-08-18,WBG,FPX,Light,FPX,724
71417,LPL 2025 Split 3,2025-08-18,WBG,FPX,Crisp,FPX,109
71418,LPL 2025 Split 3,2025-08-18,WBG,FPX,sheer,WBG,31
71418,LPL 2025 Split 3,2025-08-18,WBG,FPX,iyy,WBG,-687
71418,LPL 2025 Split 3,2025-08-18,WBG,FPX,Care,WBG,-181
71418,LPL 2025 Split 3,2025-08-18,WBG,FPX,JiaQi,WBG,573
71418,LPL 2025 Split 3,2025-08-18,WBG,FPX,Jwei,WBG,20
71418,LPL 2025 Split 3,2025-08-18,WBG,FPX,Breathe,FPX,-31
71418,LPL 2025 Split 3,2025-08-18,WBG,FPX,Tian,FPX,687
71418,LPL 2025 Split 3,2025-08-18,WBG,FPX,xiaohu,FPX,181
71418,LPL 2025 Split 3,2025-08-18,WBG,FPX,Light,FPX,-573
71418,LPL 2025 Split 3,2025-08-18,WBG,FPX,Crisp,FPX,-20
71016,LPL 2025 Split 3,2025-08-17,BLG,Top Esports,369,BLG,723
71016,LPL 2025 Split 3,2025-08-17,BLG,Top Esports,Kanavi,BLG,169
71016,LPL 2025 Split 3,2025-08-17,BLG,Top Esports,Creme,BLG,-91
71016,LPL 2025 Split 3,2025-08-17,BLG,Top Esports,JackeyLove,BLG,924
71016,LPL 2025 Split 3,2025-08-17,BLG,Top Esports,Hang,BLG,-481
71016,LPL 2025 Split 3,2025-08-17,BLG,Top Esports,Bin,Top Esports,-723
71016,LPL 2025 Split 3,2025-08-17,BLG,Top Esports,Shad0w,Top Esports,-169
71016,LPL 2025 Split 3,2025-08-17,BLG,Top Esports,Knight,Top Esports,91
71016,LPL 2025 Split 3,2025-08-17,BLG,Top Esports,Elk,Top Esports,-924
71016,LPL 2025 Split 3,2025-08-17,BLG,Top Esports,ON,Top Esports,481
71017,LPL 2025 Split 3,2025-08-17,BLG,Top Esports,Bin,BLG,-447
71017,LPL 2025 Split 3,2025-08-17,BLG,Top Esports,Shad0w,BLG,-1909
71017,LPL 2025 Split 3,2025-08-17,BLG,Top Esports,Knight,BLG,726
71017,LPL 2025 Split 3,2025-08-17,BLG,Top Esports,Elk,BLG,318
71017,LPL 2025 Split 3,2025-08-17,BLG,Top Esports,ON,BLG,-525
71017,LPL 2025 Split 3,2025-08-17,BLG,Top Esports,369,Top Esports,447
71017,LPL 2025 Split 3,2025-08-17,BLG,Top Esports,Kanavi,Top Esports,1909
71017,LPL 2025 Split 3,2025-08-17,BLG,Top Esports,Creme,Top Esports,-726
71017,LPL 2025 Split 3,2025-08-17,BLG,Top Esports,JackeyLove,Top Esports,-318
71017,LPL 2025 Split 3,2025-08-17,BLG,Top Esports,Hang,Top Esports,525
71013,LPL 2025 Split 3,2025-08-17,WBG,AL,Breathe,WBG,340
71013,LPL 2025 Split 3,2025-08-17,WBG,AL,Tian,WBG,65
71013,LPL 2025 Split 3,2025-08-17,WBG,AL,xiaohu,WBG,-325
71013,LPL 2025 Split 3,2025-08-17,WBG,AL,Light,WBG,137
71013,LPL 2025 Split 3,2025-08-17,WBG,AL,Crisp,WBG,105
71013,LPL 2025 Split 3,2025-08-17,WBG,AL,Flandre,AL,-340
71013,LPL 2025 Split 3,2025-08-17,WBG,AL,Tarzan,AL,-65
71013,LPL 2025 Split 3,2025-08-17,WBG,AL,Shanks,AL,325
71013,LPL 2025 Split 3,2025-08-17,WBG,AL,Hope,AL,-137
71013,LPL 2025 Split 3,2025-08-17,WBG,AL,Kael,AL,-105
71014,LPL 2025 Split 3,2025-08-17,WBG,AL,Breathe,WBG,-1124
71014,LPL 2025 Split 3,2025-08-17,WBG,AL,Tian,WBG,151
71014,LPL 2025 Split 3,2025-08-17,WBG,AL,xiaohu,WBG,-153
71014,LPL 2025 Split 3,2025-08-17,WBG,AL,Light,WBG,-559
71014,LPL 2025 Split 3,2025-08-17,WBG,AL,Crisp,WBG,-101
71014,LPL 2025 Split 3,2025-08-17,WBG,AL,Flandre,AL,1124
71014,LPL 2025 Split 3,2025-08-17,WBG,AL,Tarzan,AL,-151
71014,LPL 2025 Split 3,2025-08-17,WBG,AL,Shanks,AL,153
71014,LPL 2025 Split 3,2025-08-17,WBG,AL,Hope,AL,559
71014,LPL 2025 Split 3,2025-08-17,WBG,AL,Kael,AL,101
71010,LPL 2025 Split 3,2025-08-16,IG,Top Esports,TheShy,IG,-556
71010,LPL 2025 Split 3,2025-08-16,IG,Top Esports,Wei,IG,-2082
71010,LPL 2025 Split 3,2025-08-16,IG,Top Esports,RooKie,IG,-87
71010,LPL 2025 Split 3,2025-08-16,IG,Top Esports,GALA,IG,-1463
71010,LPL 2025 Split 3,2025-08-16,IG,Top Esports,meiko,IG,-950
71010,LPL 2025 Split 3,2025-08-16,IG,Top Esports,369,Top Esports,556
71010,LPL 2025 Split 3,2025-08-16,IG,Top Esports,Kanavi,Top Esports,2082
71010,LPL 2025 Split 3,2025-08-16,IG,Top Esports,Creme,Top Esports,87
71010,LPL 2025 Split 3,2025-08-16,IG,Top Esports,JackeyLove,Top Esports,1463
71010,LPL 2025 Split 3,2025-08-16,IG,Top Esports,Hang,Top Esports,950
71011,LPL 2025 Split 3,2025-08-16,IG,Top Esports,TheShy,IG,-230
71011,LPL 2025 Split 3,2025-08-16,IG,Top Esports,Wei,IG,-99
71011,LPL 2025 Split 3,2025-08-16,IG,Top Esports,RooKie,IG,-620
71011,LPL 2025 Split 3,2025-08-16,IG,Top Esports,GALA,IG,-274
71011,LPL 2025 Split 3,2025-08-16,IG,Top Esports,meiko,IG,-86
71011,LPL 2025 Split 3,2025-08-16,IG,Top Esports,369,Top Esports,230
71011,LPL 2025 Split 3,2025-08-16,IG,Top Esports,Kanavi,Top Esports,99
71011,LPL 2025 Split 3,2025-08-16,IG,Top Esports,Creme,Top Esports,620
71011,LPL 2025 Split 3,2025-08-16,IG,Top Esports,JackeyLove,Top Esports,274
71011,LPL 2025 Split 3,2025-08-16,IG,Top Esports,Hang,Top Esports,86
71012,LPL 2025 Split 3,2025-08-16,IG,Top Esports,369,IG,230
71012,LPL 2025 Split 3,2025-08-16,IG,Top Esports,Kanavi,IG,-162
71012,LPL 2025 Split 3,2025-08-16,IG,Top Esports,Creme,IG,-60
71012,LPL 2025 Split 3,2025-08-16,IG,Top Esports,JackeyLove,IG,328
71012,LPL 2025 Split 3,2025-08-16,IG,Top Esports,Hang,IG,362
71012,LPL 2025 Split 3,2025-08-16,IG,Top Esports,TheShy,Top Esports,-230
71012,LPL 2025 Split 3,2025-08-16,IG,Top Esports,Wei,Top Esports,162
71012,LPL 2025 Split 3,2025-08-16,IG,Top Esports,RooKie,Top Esports,60
71012,LPL 2025 Split 3,2025-08-16,IG,Top Esports,GALA,Top Esports,-328
71012,LPL 2025 Split 3,2025-08-16,IG,Top Esports,meiko,Top Esports,-362
71007,LPL 2025 Split 3,2025-08-16,Ultra Prime,TT,Hoya,Ultra Prime,-910
71007,LPL 2025 Split 3,2025-08-16,Ultra Prime,TT,AKi,Ultra Prime,-177
71007,LPL 2025 Split 3,2025-08-16,Ultra Prime,TT,SeTab,Ultra Prime,-151
71007,LPL 2025 Split 3,2025-08-16,Ultra Prime,TT,1xn,Ultra Prime,40
71007,LPL 2025 Split 3,2025-08-16,Ultra Prime,TT,Feather,Ultra Prime,84
71007,LPL 2025 Split 3,2025-08-16,Ultra Prime,TT,1Jiang,TT,910
71007,LPL 2025 Split 3,2025-08-16,Ultra Prime,TT,Junhao,TT,177
71007,LPL 2025 Split 3,2025-08-16,Ultra Prime,TT,Saber,TT,151
71007,LPL 2025 Split 3,2025-08-16,Ultra Prime,TT,Baiye,TT,-40
71007,LPL 2025 Split 3,2025-08-16,Ultra Prime,TT,Xiaoxia,TT,-84
71008,LPL 2025 Split 3,2025-08-16,Ultra Prime,TT,Hoya,Ultra Prime,-1142
71008,LPL 2025 Split 3,2025-08-16,Ultra Prime,TT,AKi,Ultra Prime,431
71008,LPL 2025 Split 3,2025-08-16,Ultra Prime,TT,SeTab,Ultra Prime,-369
71008,LPL 2025 Split 3,2025-08-16,Ultra Prime,TT,1xn,Ultra Prime,1012
71008,LPL 2025 Split 3,2025-08-16,Ultra Prime,TT,Feather,Ultra Prime,-272
71008,LPL 2025 Split 3,2025-08-16,Ultra Prime,TT,1Jiang,TT,1142
71008,LPL 2025 Split 3,2025-08-16,Ultra Prime,TT,Junhao,TT,-431
71008,LPL 2025 Split 3,2025-08-16,Ultra Prime,TT,Saber,TT,369
71008,LPL 2025 Split 3,2025-08-16,Ultra Prime,TT,Baiye,TT,-1012
71008,LPL 2025 Split 3,2025-08-16,Ultra Prime,TT,Xiaoxia,TT,272
71009,LPL 2025 Split 3,2025-08-16,Ultra Prime,TT,1Jiang,Ultra Prime,194
71009,LPL 2025 Split 3,2025-08-16,Ultra Prime,TT,Junhao,Ultra Prime,-240
71009,LPL 2025 Split 3,2025-08-16,Ultra Prime,TT,Saber,Ultra Prime,149
71009,LPL 2025 Split 3,2025-08-16,Ultra Prime,TT,Baiye,Ultra Prime,-832
71009,LPL 2025 Split 3,2025-08-16,Ultra Prime,TT,Xiaoxia,Ultra Prime,-89
71009,LPL 2025 Split 3,2025-08-16,Ultra Prime,TT,Hoya,TT,-194
71009,LPL 2025 Split 3,2025-08-16,Ultra Prime,TT,AKi,TT,240
71009,LPL 2025 Split 3,2025-08-16,Ultra Prime,TT,SeTab,TT,-149
71009,LPL 2025 Split 3,2025-08-16,Ultra Prime,TT,1xn,TT,832
71009,LPL 2025 Split 3,2025-08-16,Ultra Prime,TT,Feather,TT,89
71004,LPL 2025 Split 3,2025-08-16,JD Gaming,Team WE,Cube,JD Gaming,247
71004,LPL 2025 Split 3,2025-08-16,JD Gaming,Team WE,Monki,JD Gaming,571
71004,LPL 2025 Split 3,2025-08-16,JD Gaming,Team WE,Karis,JD Gaming,237
71004,LPL 2025 Split 3,2025-08-16,JD Gaming,Team WE,Taeyoon,JD Gaming,1274
71004,LPL 2025 Split 3,2025-08-16,JD Gaming,Team WE,Vampire,JD Gaming,80
71004,LPL 2025 Split 3,2025-08-16,JD Gaming,Team WE,Xiaoxu,Team WE,-247
71004,LPL 2025 Split 3,2025-08-16,JD Gaming,Team WE,XUN,Team WE,-571
71004,LPL 2025 Split 3,2025-08-16,JD Gaming,Team WE,Scout,Team WE,-237
71004,LPL 2025 Split 3,2025-08-16,JD Gaming,Team WE,Peyz,Team WE,-1274
71004,LPL 2025 Split 3,2025-08-16,JD Gaming,Team WE,Zhuo,Team WE,-80
71005,LPL 2025 Split 3,2025-08-16,JD Gaming,Team WE,Xiaoxu,JD Gaming,913
71005,LPL 2025 Split 3,2025-08-16,JD Gaming,Team WE,XUN,JD Gaming,629
71005,LPL 2025 Split 3,2025-08-16,JD Gaming,Team WE,Scout,JD Gaming,688
71005,LPL 2025 Split 3,2025-08-16,JD Gaming,Team WE,Peyz,JD Gaming,1179
71005,LPL 2025 Split 3,2025-08-16,JD Gaming,Team WE,Zhuo,JD Gaming,182
71005,LPL 2025 Split 3,2025-08-16,JD Gaming,Team WE,Cube,Team WE,-913
71005,LPL 2025 Split 3,2025-08-16,JD Gaming,Team WE,Monki,Team WE,-629
71005,LPL 2025 Split 3,2025-08-16,JD Gaming,Team WE,Karis,Team WE,-688
71005,LPL 2025 Split 3,2025-08-16,JD Gaming,Team WE,Taeyoon,Team WE,-1179
71005,LPL 2025 Split 3,2025-08-16,JD Gaming,Team WE,Vampire,Team WE,-182
71006,LPL 2025 Split 3,2025-08-16,JD Gaming,Team WE,Cube,JD Gaming,-399
71006,LPL 2025 Split 3,2025-08-16,JD Gaming,Team WE,Monki,JD Gaming,76
71006,LPL 2025 Split 3,2025-08-16,JD Gaming,Team WE,Karis,JD Gaming,-234
71006,LPL 2025 Split 3,2025-08-16,JD Gaming,Team WE,Taeyoon,JD Gaming,48
71006,LPL 2025 Split 3,2025-08-16,JD Gaming,Team WE,Vampire,JD Gaming,-215
71006,LPL 2025 Split 3,2025-08-16,JD Gaming,Team WE,Xiaoxu,Team WE,399
71006,LPL 2025 Split 3,2025-08-16,JD Gaming,Team WE,XUN,Team WE,-76
71006,LPL 2025 Split 3,2025-08-16,JD Gaming,Team WE,Scout,Team WE,234
71006,LPL 2025 Split 3,2025-08-16,JD Gaming,Team WE,Peyz,Team WE,-48
71006,LPL 2025 Split 3,2025-08-16,JD Gaming,Team WE,Zhuo,Team WE,215
71001,LPL 2025 Split 3,2025-08-15,WBG,BLG,Bin,WBG,-49
71001,LPL 2025 Split 3,2025-08-15,WBG,BLG,Shad0w,WBG,-827
71001,LPL 2025 Split 3,2025-08-15,WBG,BLG,Knight,WBG,-690
71001,LPL 2025 Split 3,2025-08-15,WBG,BLG,Elk,WBG,-795
71001,LPL 2025 Split 3,2025-08-15,WBG,BLG,ON,WBG,-431
71001,LPL 2025 Split 3,2025-08-15,WBG,BLG,Breathe,BLG,49
71001,LPL 2025 Split 3,2025-08-15,WBG,BLG,Tian,BLG,827
71001,LPL 2025 Split 3,2025-08-15,WBG,BLG,xiaohu,BLG,690
71001,LPL 2025 Split 3,2025-08-15,WBG,BLG,Light,BLG,795
71001,LPL 2025 Split 3,2025-08-15,WBG,BLG,Crisp,BLG,431
71002,LPL 2025 Split 3,2025-08-15,WBG,BLG,Bin,WBG,709
71002,LPL 2025 Split 3,2025-08-15,WBG,BLG,Shad0w,WBG,-89
71002,LPL 2025 Split 3,2025-08-15,WBG,BLG,Knight,WBG,-615
71002,LPL 2025 Split 3,2025-08-15,WBG,BLG,Elk,WBG,1492
71002,LPL 2025 Split 3,2025-08-15,WBG,BLG,ON,WBG,141
71002,LPL 2025 Split 3,2025-08-15,WBG,BLG,Breathe,BLG,-709
71002,LPL 2025 Split 3,2025-08-15,WBG,BLG,Tian,BLG,89
71002,LPL 2025 Split 3,2025-08-15,WBG,BLG,xiaohu,BLG,615
71002,LPL 2025 Split 3,2025-08-15,WBG,BLG,Light,BLG,-1492
71002,LPL 2025 Split 3,2025-08-15,WBG,BLG,Crisp,BLG,-141
71003,LPL 2025 Split 3,2025-08-15,WBG,BLG,Breathe,WBG,265
71003,LPL 2025 Split 3,2025-08-15,WBG,BLG,Tian,WBG,154
71003,LPL 2025 Split 3,2025-08-15,WBG,BLG,xiaohu,WBG,-904
71003,LPL 2025 Split 3,2025-08-15,WBG,BLG,Light,WBG,-1857
71003,LPL 2025 Split 3,2025-08-15,WBG,BLG,Crisp,WBG,-356
71003,LPL 2025 Split 3,2025-08-15,WBG,BLG,Bin,BLG,-265
71003,LPL 2025 Split 3,2025-08-15,WBG,BLG,Shad0w,BLG,-154
71003,LPL 2025 Split 3,2025-08-15,WBG,BLG,Knight,BLG,904
71003,LPL 2025 Split 3,2025-08-15,WBG,BLG,Elk,BLG,1857
71003,LPL 2025 Split 3,2025-08-15,WBG,BLG,ON,BLG,356
70998,LPL 2025 Split 3,2025-08-15,AL,IG,Flandre,AL,418
70998,LPL 2025 Split 3,2025-08-15,AL,IG,Tarzan,AL,-357
70998,LPL 2025 Split 3,2025-08-15,AL,IG,Shanks,AL,814
70998,LPL 2025 Split 3,2025-08-15,AL,IG,Hope,AL,1040
70998,LPL 2025 Split 3,2025-08-15,AL,IG,Kael,AL,-96
70998,LPL 2025 Split 3,2025-08-15,AL,IG,TheShy,IG,-418
70998,LPL 2025 Split 3,2025-08-15,AL,IG,Wei,IG,357
70998,LPL 2025 Split 3,2025-08-15,AL,IG,RooKie,IG,-814
70998,LPL 2025 Split 3,2025-08-15,AL,IG,GALA,IG,-1040
70998,LPL 2025 Split 3,2025-08-15,AL,IG,meiko,IG,96
70999,LPL 2025 Split 3,2025-08-15,AL,IG,TheShy,AL,-886
70999,LPL 2025 Split 3,2025-08-15,AL,IG,Wei,AL,-318
70999,LPL 2025 Split 3,2025-08-15,AL,IG,RooKie,AL,408
70999,LPL 2025 Split 3,2025-08-15,AL,IG,GALA,AL,329
70999,LPL 2025 Split 3,2025-08-15,AL,IG,meiko,AL,11
70999,LPL 2025 Split 3,2025-08-15,AL,IG,Flandre,IG,886
70999,LPL 2025 Split 3,2025-08-15,AL,IG,Tarzan,IG,318
70999,LPL 2025 Split 3,2025-08-15,AL,IG,Shanks,IG,-408
70999,LPL 2025 Split 3,2025-08-15,AL,IG,Hope,IG,-329
70999,LPL 2025 Split 3,2025-08-15,AL,IG,Kael,IG,-11
70995,LPL 2025 Split 3,2025-08-14,Team WE,FPX,sheer,Team WE,1178
70995,LPL 2025 Split 3,2025-08-14,Team WE,FPX,iyy,Team WE,-243
70995,LPL 2025 Split 3,2025-08-14,Team WE,FPX,Care,Team WE,24
70995,LPL 2025 Split 3,2025-08-14,Team WE,FPX,JiaQi,Team WE,-232
70995,LPL 2025 Split 3,2025-08-14,Team WE,FPX,Jwei,Team WE,358
70995,LPL 2025 Split 3,2025-08-14,Team WE,FPX,Cube,FPX,-1178
70995,LPL 2025 Split 3,2025-08-14,Team WE,FPX,Monki,FPX,243
70995,LPL 2025 Split 3,2025-08-14,Team WE,FPX,Karis,FPX,-24
70995,LPL 2025 Split 3,2025-08-14,Team WE,FPX,Taeyoon,FPX,232
70995,LPL 2025 Split 3,2025-08-14,Team WE,FPX,Vampire,FPX,-358
70996,LPL 2025 Split 3,2025-08-14,Team WE,FPX,sheer,Team WE,-531
70996,LPL 2025 Split 3,2025-08-14,Team WE,FPX,iyy,Team WE,772
70996,LPL 2025 Split 3,2025-08-14,Team WE,FPX,Care,Team WE,1017
70996,LPL 2025 Split 3,2025-08-14,Team WE,FPX,JiaQi,Team WE,485
70996,LPL 2025 Split 3,2025-08-14,Team WE,FPX,Jwei,Team WE,304
70996,LPL 2025 Split 3,2025-08-14,Team WE,FPX,Cube,FPX,531
70996,LPL 2025 Split 3,2025-08-14,Team WE,FPX,Monki,FPX,-772
70996,LPL 2025 Split 3,2025-08-14,Team WE,FPX,Karis,FPX,-1017
70996,LPL 2025 Split 3,2025-08-14,Team WE,FPX,Taeyoon,FPX,-485
70996,LPL 2025 Split 3,2025-08-14,Team WE,FPX,Vampire,FPX,-304
70992,LPL 2025 Split 3,2025-08-14,NIP,EDG,Solokill,NIP,-182
70992,LPL 2025 Split 3,2025-08-14,NIP,EDG,naiyou,NIP,476
70992,LPL 2025 Split 3,2025-08-14,NIP,EDG,Doinb,NIP,131
70992,LPL 2025 Split 3,2025-08-14,NIP,EDG,Leave,NIP,397
70992,LPL 2025 Split 3,2025-08-14,NIP,EDG,Niket,NIP,-369
70992,LPL 2025 Split 3,2025-08-14,NIP,EDG,Zdz,EDG,182
70992,LPL 2025 Split 3,2025-08-14,NIP,EDG,Xiaohao,EDG,-476
70992,LPL 2025 Split 3,2025-08-14,NIP,EDG,Angel,EDG,-131
70992,LPL 2025 Split 3,2025-08-14,NIP,EDG,Ahn,EDG,-397
70992,LPL 2025 Split 3,2025-08-14,NIP,EDG,Parukia,EDG,369
70993,LPL 2025 Split 3,2025-08-14,NIP,EDG,Solokill,NIP,-1163
70993,LPL 2025 Split 3,2025-08-14,NIP,EDG,naiyou,NIP,-389
70993,LPL 2025 Split 3,2025-08-14,NIP,EDG,Doinb,NIP,-976
70993,LPL 2025 Split 3,2025-08-14,NIP,EDG,Leave,NIP,-240
70993,LPL 2025 Split 3,2025-08-14,NIP,EDG,Niket,NIP,-135
70993,LPL 2025 Split 3,2025-08-14,NIP,EDG,Zdz,EDG,1163
70993,LPL 2025 Split 3,2025-08-14,NIP,EDG,Xiaohao,EDG,389
70993,LPL 2025 Split 3,2025-08-14,NIP,EDG,Angel,EDG,976
70993,LPL 2025 Split 3,2025-08-14,NIP,EDG,Ahn,EDG,240
70993,LPL 2025 Split 3,2025-08-14,NIP,EDG,Parukia,EDG,135
70994,LPL 2025 Split 3,2025-08-14,NIP,EDG,Zdz,NIP,367
70994,LPL 2025 Split 3,2025-08-14,NIP,EDG,Xiaohao,NIP,-502
70994,LPL 2025 Split 3,2025-08-14,NIP,EDG,Angel,NIP,-498
70994,LPL 2025 Split 3,2025-08-14,NIP,EDG,Ahn,NIP,-578
70994,LPL 2025 Split 3,2025-08-14,NIP,EDG,Parukia,NIP,475
70994,LPL 2025 Split 3,2025-08-14,NIP,EDG,Solokill,EDG,-367
70994,LPL 2025 Split 3,2025-08-14,NIP,EDG,naiyou,EDG,502
70994,LPL 2025 Split 3,2025-08-14,NIP,EDG,Doinb,EDG,498
70994,LPL 2025 Split 3,2025-08-14,NIP,EDG,Leave,EDG,578
70994,LPL 2025 Split 3,2025-08-14,NIP,EDG,Niket,EDG,-475
70989,LPL 2025 Split 3,2025-08-13,AL,BLG,Bin,AL,172
70989,LPL 2025 Split 3,2025-08-13,AL,BLG,Shad0w,AL,1891
70989,LPL 2025 Split 3,2025-08-13,AL,BLG,Knight,AL,678
70989,LPL 2025 Split 3,2025-08-13,AL,BLG,Elk,AL,808
70989,LPL 2025 Split 3,2025-08-13,AL,BLG,ON,AL,300
70989,LPL 2025 Split 3,2025-08-13,AL,BLG,Flandre,BLG,-172
70989,LPL 2025 Split 3,2025-08-13,AL,BLG,Tarzan,BLG,-1891
70989,LPL 2025 Split 3,2025-08-13,AL,BLG,Shanks,BLG,-678
70989,LPL 2025 Split 3,2025-08-13,AL,BLG,Hope,BLG,-808
70989,LPL 2025 Split 3,2025-08-13,AL,BLG,Kael,BLG,-300
70990,LPL 2025 Split 3,2025-08-13,AL,BLG,Flandre,AL,233
70990,LPL 2025 Split 3,2025-08-13,AL,BLG,Tarzan,AL,340
70990,LPL 2025 Split 3,2025-08-13,AL,BLG,Shanks,AL,-2219
70990,LPL 2025 Split 3,2025-08-13,AL,BLG,Hope,AL,-717
70990,LPL 2025 Split 3,2025-08-13,AL,BLG,Kael,AL,-658
70990,LPL 2025 Split 3,2025-08-13,AL,BLG,Bin,BLG,-233
70990,LPL 2025 Split 3,2025-08-13,AL,BLG,Shad0w,BLG,-340
70990,LPL 2025 Split 3,2025-08-13,AL,BLG,Knight,BLG,2219
70990,LPL 2025 Split 3,2025-08-13,AL,BLG,Elk,BLG,717
70990,LPL 2025 Split 3,2025-08-13,AL,BLG,ON,BLG,658
70991,LPL 2025 Split 3,2025-08-13,AL,BLG,Bin,AL,972
70991,LPL 2025 Split 3,2025-08-13,AL,BLG,Shad0w,AL,245
70991,LPL 2025 Split 3,2025-08-13,AL,BLG,Knight,AL,-1053
70991,LPL 2025 Split 3,2025-08-13,AL,BLG,Elk,AL,-651
70991,LPL 2025 Split 3,2025-08-13,AL,BLG,ON,AL,-28
70991,LPL 2025 Split 3,2025-08-13,AL,BLG,Flandre,BLG,-972
70991,LPL 2025 Split 3,2025-08-13,AL,BLG,Tarzan,BLG,-245
70991,LPL 2025 Split 3,2025-08-13,AL,BLG,Shanks,BLG,1053
70991,LPL 2025 Split 3,2025-08-13,AL,BLG,Hope,BLG,651
70991,LPL 2025 Split 3,2025-08-13,AL,BLG,Kael,BLG,28
70986,LPL 2025 Split 3,2025-08-13,JD Gaming,Top Esports,Xiaoxu,JD Gaming,-383
70986,LPL 2025 Split 3,2025-08-13,JD Gaming,Top Esports,XUN,JD Gaming,89
70986,LPL 2025 Split 3,2025-08-13,JD Gaming,Top Esports,Scout,JD Gaming,-457
70986,LPL 2025 Split 3,2025-08-13,JD Gaming,Top Esports,Peyz,JD Gaming,-1032
70986,LPL 2025 Split 3,2025-08-13,JD Gaming,Top Esports,Zhuo,JD Gaming,-307
70986,LPL 2025 Split 3,2025-08-13,JD Gaming,Top Esports,369,Top Esports,383
70986,LPL 2025 Split 3,2025-08-13,JD Gaming,Top Esports,Kanavi,Top Esports,-89
70986,LPL 2025 Split 3,2025-08-13,JD Gaming,Top Esports,Creme,Top Esports,457
70986,LPL 2025 Split 3,2025-08-13,JD Gaming,Top Esports,JackeyLove,Top Esports,1032
70986,LPL 2025 Split 3,2025-08-13,JD Gaming,Top Esports,Hang,Top Esports,307
70987,LPL 2025 Split 3,2025-08-13,JD Gaming,Top Esports,Xiaoxu,JD Gaming,-571
70987,LPL 2025 Split 3,2025-08-13,JD Gaming,Top Esports,XUN,JD Gaming,-1678
70987,LPL 2025 Split 3,2025-08-13,JD Gaming,Top Esports,Scout,JD Gaming,1269
70987,LPL 2025 Split 3,2025-08-13,JD Gaming,Top Esports,Peyz,JD Gaming,-223
70987,LPL 2025 Split 3,2025-08-13,JD Gaming,Top Esports,Zhuo,JD Gaming,-396
70987,LPL 2025 Split 3,2025-08-13,JD Gaming,Top Esports,369,Top Esports,571
70987,LPL 2025 Split 3,2025-08-13,JD Gaming,Top Esports,Kanavi,Top Esports,1678
70987,LPL 2025 Split 3,2025-08-13,JD Gaming,Top Esports,Creme,Top Esports,-1269
70987,LPL 2025 Split 3,2025-08-13,JD Gaming,Top Esports,JackeyLove,Top Esports,223
70987,LPL 2025 Split 3,2025-08-13,JD Gaming,Top Esports,Hang,Top Esports,396
70988,LPL 2025 Split 3,2025-08-13,JD Gaming,Top Esports,369,JD Gaming,260
70988,LPL 2025 Split 3,2025-08-13,JD Gaming,Top Esports,Kanavi,JD Gaming,-548
70988,LPL 2025 Split 3,2025-08-13,JD Gaming,Top Esports,Creme,JD Gaming,-556
70988,LPL 2025 Split 3,2025-08-13,JD Gaming,Top Esports,JackeyLove,JD Gaming,138
70988,LPL 2025 Split 3,2025-08-13,JD Gaming,Top Esports,Hang,JD Gaming,603
70988,LPL 2025 Split 3,2025-08-13,JD Gaming,Top Esports,Xiaoxu,Top Esports,-260
70988,LPL 2025 Split 3,2025-08-13,JD Gaming,Top Esports,XUN,Top Esports,548
70988,LPL 2025 Split 3,2025-08-13,JD Gaming,Top Esports,Scout,Top Esports,556
70988,LPL 2025 Split 3,2025-08-13,JD Gaming,Top Esports,Peyz,Top Esports,-138
70988,LPL 2025 Split 3,2025-08-13,JD Gaming,Top Esports,Zhuo,Top Esports,-603
70983,LPL 2025 Split 3,2025-08-12,WBG,Team WE,Breathe,WBG,-148
70983,LPL 2025 Split 3,2025-08-12,WBG,Team WE,Tian,WBG,-270
70983,LPL 2025 Split 3,2025-08-12,WBG,Team WE,xiaohu,WBG,-586
70983,LPL 2025 Split 3,2025-08-12,WBG,Team WE,Light,WBG,1017
70983,LPL 2025 Split 3,2025-08-12,WBG,Team WE,Crisp,WBG,-64
70983,LPL 2025 Split 3,2025-08-12,WBG,Team WE,Cube,Team WE,148
70983,LPL 2025 Split 3,2025-08-12,WBG,Team WE,Monki,Team WE,270
70983,LPL 2025 Split 3,2025-08-12,WBG,Team WE,Karis,Team WE,586
70983,LPL 2025 Split 3,2025-08-12,WBG,Team WE,Taeyoon,Team WE,-1017
70983,LPL 2025 Split 3,2025-08-12,WBG,Team WE,Vampire,Team WE,64
70984,LPL 2025 Split 3,2025-08-12,WBG,Team WE,Breathe,WBG,303
70984,LPL 2025 Split 3,2025-08-12,WBG,Team WE,Tian,WBG,309
70984,LPL 2025 Split 3,2025-08-12,WBG,Team WE,xiaohu,WBG,160
70984,LPL 2025 Split 3,2025-08-12,WBG,Team WE,Light,WBG,-1379
70984,LPL 2025 Split 3,2025-08-12,WBG,Team WE,Crisp,WBG,-521
70984,LPL 2025 Split 3,2025-08-12,WBG,Team WE,Cube,Team WE,-303
70984,LPL 2025 Split 3,2025-08-12,WBG,Team WE,Monki,Team WE,-309
70984,LPL 2025 Split 3,2025-08-12,WBG,Team WE,Karis,Team WE,-160
70984,LPL 2025 Split 3,2025-08-12,WBG,Team WE,Taeyoon,Team WE,1379
70984,LPL 2025 Split 3,2025-08-12,WBG,Team WE,Vampire,Team WE,521
70985,LPL 2025 Split 3,2025-08-12,WBG,Team WE,Cube,WBG,-784
70985,LPL 2025 Split 3,2025-08-12,WBG,Team WE,Monki,WBG,-298
70985,LPL 2025 Split 3,2025-08-12,WBG,Team WE,Karis,WBG,-402
70985,LPL 2025 Split 3,2025-08-12,WBG,Team WE,Taeyoon,WBG,-681
70985,LPL 2025 Split 3,2025-08-12,WBG,Team WE,Vampire,WBG,-461
70985,LPL 2025 Split 3,2025-08-12,WBG,Team WE,Breathe,Team WE,784
70985,LPL 2025 Split 3,2025-08-12,WBG,Team WE,Tian,Team WE,298
70985,LPL 2025 Split 3,2025-08-12,WBG,Team WE,xiaohu,Team WE,402
70985,LPL 2025 Split 3,2025-08-12,WBG,Team WE,Light,Team WE,681
70985,LPL 2025 Split 3,2025-08-12,WBG,Team WE,Crisp,Team WE,461
70980,LPL 2025 Split 3,2025-08-12,LGD Gaming,NIP,Solokill,LGD Gaming,1779
70980,LPL 2025 Split 3,2025-08-12,LGD Gaming,NIP,naiyou,LGD Gaming,837
70980,LPL 2025 Split 3,2025-08-12,LGD Gaming,NIP,Doinb,LGD Gaming,131
70980,LPL 2025 Split 3,2025-08-12,LGD Gaming,NIP,Leave,LGD Gaming,86
70980,LPL 2025 Split 3,2025-08-12,LGD Gaming,NIP,Niket,LGD Gaming,-203
70980,LPL 2025 Split 3,2025-08-12,LGD Gaming,NIP,sasi,NIP,-1779
70980,LPL 2025 Split 3,2025-08-12,LGD Gaming,NIP,Climber,NIP,-837
70980,LPL 2025 Split 3,2025-08-12,LGD Gaming,NIP,xqw,NIP,-131
70980,LPL 2025 Split 3,2025-08-12,LGD Gaming,NIP,Sav1or,NIP,-86
70980,LPL 2025 Split 3,2025-08-12,LGD Gaming,NIP,Ycx,NIP,203
70981,LPL 2025 Split 3,2025-08-12,LGD Gaming,NIP,sasi,LGD Gaming,361
70981,LPL 2025 Split 3,2025-08-12,LGD Gaming,NIP,Climber,LGD Gaming,-623
70981,LPL 2025 Split 3,2025-08-12,LGD Gaming,NIP,xqw,LGD Gaming,-436
70981,LPL 2025 Split 3,2025-08-12,LGD Gaming,NIP,Sav1or,LGD Gaming,-368
70981,LPL 2025 Split 3,2025-08-12,LGD Gaming,NIP,Ycx,LGD Gaming,-80
70981,LPL 2025 Split 3,2025-08-12,LGD Gaming,NIP,Solokill,NIP,-361
70981,LPL 2025 Split 3,2025-08-12,LGD Gaming,NIP,naiyou,NIP,623
70981,LPL 2025 Split 3,2025-08-12,LGD Gaming,NIP,Doinb,NIP,436
70981,LPL 2025 Split 3,2025-08-12,LGD Gaming,NIP,Leave,NIP,368
70981,LPL 2025 Split 3,2025-08-12,LGD Gaming,NIP,Niket,NIP,80
70977,LPL 2025 Split 3,2025-08-11,JD Gaming,FPX,Xiaoxu,JD Gaming,159
70977,LPL 2025 Split 3,2025-08-11,JD Gaming,FPX,XUN,JD Gaming,-35
70977,LPL 2025 Split 3,2025-08-11,JD Gaming,FPX,Scout,JD Gaming,119
70977,LPL 2025 Split 3,2025-08-11,JD Gaming,FPX,Peyz,JD Gaming,520
70977,LPL 2025 Split 3,2025-08-11,JD Gaming,FPX,Zhuo,JD Gaming,-129
70977,LPL 2025 Split 3,2025-08-11,JD Gaming,FPX,sheer,FPX,-159
70977,LPL 2025 Split 3,2025-08-11,JD Gaming,FPX,milkyway,FPX,35
70977,LPL 2025 Split 3,2025-08-11,JD Gaming,FPX,Care,FPX,-119
70977,LPL 2025 Split 3,2025-08-11,JD Gaming,FPX,JiaQi,FPX,-520
70977,LPL 2025 Split 3,2025-08-11,JD Gaming,FPX,Jwei,FPX,129
70978,LPL 2025 Split 3,2025-08-11,JD Gaming,FPX,sheer,JD Gaming,-1208
70978,LPL 2025 Split 3,2025-08-11,JD Gaming,FPX,iyy,JD Gaming,264
70978,LPL 2025 Split 3,2025-08-11,JD Gaming,FPX,Care,JD Gaming,-463
70978,LPL 2025 Split 3,2025-08-11,JD Gaming,FPX,JiaQi,JD Gaming,-446
70978,LPL 2025 Split 3,2025-08-11,JD Gaming,FPX,Jwei,JD Gaming,-5
70978,LPL 2025 Split 3,2025-08-11,JD Gaming,FPX,Xiaoxu,FPX,1208
70978,LPL 2025 Split 3,2025-08-11,JD Gaming,FPX,XUN,FPX,-264
70978,LPL 2025 Split 3,2025-08-11,JD Gaming,FPX,Scout,FPX,463
70978,LPL 2025 Split 3,2025-08-11,JD Gaming,FPX,Peyz,FPX,446
70978,LPL 2025 Split 3,2025-08-11,JD Gaming,FPX,Zhuo,FPX,5
70974,LPL 2025 Split 3,2025-08-11,Ultra Prime,NIP,1Jiang,Ultra Prime,-784
70974,LPL 2025 Split 3,2025-08-11,Ultra Prime,NIP,Junhao,Ultra Prime,-101
70974,LPL 2025 Split 3,2025-08-11,Ultra Prime,NIP,Saber,Ultra Prime,-1111
70974,LPL 2025 Split 3,2025-08-11,Ultra Prime,NIP,Baiye,Ultra Prime,953
70974,LPL 2025 Split 3,2025-08-11,Ultra Prime,NIP,Xiaoxia,Ultra Prime,187
70974,LPL 2025 Split 3,2025-08-11,Ultra Prime,NIP,Solokill,NIP,784
70974,LPL 2025 Split 3,2025-08-11,Ultra Prime,NIP,naiyou,NIP,101
70974,LPL 2025 Split 3,2025-08-11,Ultra Prime,NIP,Doinb,NIP,1111
70974,LPL 2025 Split 3,2025-08-11,Ultra Prime,NIP,Leave,NIP,-953
70974,LPL 2025 Split 3,2025-08-11,Ultra Prime,NIP,Niket,NIP,-187
70975,LPL 2025 Split 3,2025-08-11,Ultra Prime,NIP,1Jiang,Ultra Prime,662
70975,LPL 2025 Split 3,2025-08-11,Ultra Prime,NIP,Junhao,Ultra Prime,-2123
70975,LPL 2025 Split 3,2025-08-11,Ultra Prime,NIP,Saber,Ultra Prime,454
70975,LPL 2025 Split 3,2025-08-11,Ultra Prime,NIP,Baiye,Ultra Prime,-332
70975,LPL 2025 Split 3,2025-08-11,Ultra Prime,NIP,Xiaoxia,Ultra Prime,-418
70975,LPL 2025 Split 3,2025-08-11,Ultra Prime,NIP,Solokill,NIP,-662
70975,LPL 2025 Split 3,2025-08-11,Ultra Prime,NIP,naiyou,NIP,2123
70975,LPL 2025 Split 3,2025-08-11,Ultra Prime,NIP,Doinb,NIP,-454
70975,LPL 2025 Split 3,2025-08-11,Ultra Prime,NIP,Leave,NIP,332
70975,LPL 2025 Split 3,2025-08-11,Ultra Prime,NIP,Niket,NIP,418
70579,LPL 2025 Split 3,2025-08-10,Team WE,BLG,Bin,Team WE,342
70579,LPL 2025 Split 3,2025-08-10,Team WE,BLG,Shad0w,Team WE,273
70579,LPL 2025 Split 3,2025-08-10,Team WE,BLG,Knight,Team WE,659
70579,LPL 2025 Split 3,2025-08-10,Team WE,BLG,Elk,Team WE,-437
70579,LPL 2025 Split 3,2025-08-10,Team WE,BLG,ON,Team WE,320
70579,LPL 2025 Split 3,2025-08-10,Team WE,BLG,Cube,BLG,-342
70579,LPL 2025 Split 3,2025-08-10,Team WE,BLG,Monki,BLG,-273
70579,LPL 2025 Split 3,2025-08-10,Team WE,BLG,Karis,BLG,-659
70579,LPL 2025 Split 3,2025-08-10,Team WE,BLG,Taeyoon,BLG,437
70579,LPL 2025 Split 3,2025-08-10,Team WE,BLG,Vampire,BLG,-320
70580,LPL 2025 Split 3,2025-08-10,Team WE,BLG,Cube,Team WE,-525
70580,LPL 2025 Split 3,2025-08-10,Team WE,BLG,Monki,Team WE,450
70580,LPL 2025 Split 3,2025-08-10,Team WE,BLG,Karis,Team WE,-1354
70580,LPL 2025 Split 3,2025-08-10,Team WE,BLG,Taeyoon,Team WE,-1322
70580,LPL 2025 Split 3,2025-08-10,Team WE,BLG,Vampire,Team WE,-914
70580,LPL 2025 Split 3,2025-08-10,Team WE,BLG,Bin,BLG,525
70580,LPL 2025 Split 3,2025-08-10,Team WE,BLG,Shad0w,BLG,-450
70580,LPL 2025 Split 3,2025-08-10,Team WE,BLG,Knight,BLG,1354
70580,LPL 2025 Split 3,2025-08-10,Team WE,BLG,Elk,BLG,1322
70580,LPL 2025 Split 3,2025-08-10,Team WE,BLG,ON,BLG,914
70581,LPL 2025 Split 3,2025-08-10,Team WE,BLG,Bin,Team WE,1438
70581,LPL 2025 Split 3,2025-08-10,Team WE,BLG,Shad0w,Team WE,-863
70581,LPL 2025 Split 3,2025-08-10,Team WE,BLG,Knight,Team WE,725
70581,LPL 2025 Split 3,2025-08-10,Team WE,BLG,Elk,Team WE,2091
70581,LPL 2025 Split 3,2025-08-10,Team WE,BLG,ON,Team WE,719
70581,LPL 2025 Split 3,2025-08-10,Team WE,BLG,Cube,BLG,-1438
70581,LPL 2025 Split 3,2025-08-10,Team WE,BLG,Monki,BLG,863
70581,LPL 2025 Split 3,2025-08-10,Team WE,BLG,Karis,BLG,-725
70581,LPL 2025 Split 3,2025-08-10,Team WE,BLG,Taeyoon,BLG,-2091
70581,LPL 2025 Split 3,2025-08-10,Team WE,BLG,Vampire,BLG,-719
70576,LPL 2025 Split 3,2025-08-10,TT,EDG,Hoya,TT,-819
70576,LPL 2025 Split 3,2025-08-10,TT,EDG,AKi,TT,88
70576,LPL 2025 Split 3,2025-08-10,TT,EDG,SeTab,TT,1016
70576,LPL 2025 Split 3,2025-08-10,TT,EDG,1xn,TT,53
70576,LPL 2025 Split 3,2025-08-10,TT,EDG,Feather,TT,48
70576,LPL 2025 Split 3,2025-08-10,TT,EDG,Zdz,EDG,819
70576,LPL 2025 Split 3,2025-08-10,TT,EDG,Xiaohao,EDG,-88
70576,LPL 2025 Split 3,2025-08-10,TT,EDG,Angel,EDG,-1016
70576,LPL 2025 Split 3,2025-08-10,TT,EDG,Ahn,EDG,-53
70576,LPL 2025 Split 3,2025-08-10,TT,EDG,Parukia,EDG,-48
70577,LPL 2025 Split 3,2025-08-10,TT,EDG,Zdz,TT,975
70577,LPL 2025 Split 3,2025-08-10,TT,EDG,Xiaohao,TT,-419
70577,LPL 2025 Split 3,2025-08-10,TT,EDG,Angel,TT,1573
70577,LPL 2025 Split 3,2025-08-10,TT,EDG,Ahn,TT,343
70577,LPL 2025 Split 3,2025-08-10,TT,EDG,Parukia,TT,127
70577,LPL 2025 Split 3,2025-08-10,TT,EDG,Hoya,EDG,-975
70577,LPL 2025 Split 3,2025-08-10,TT,EDG,AKi,EDG,419
70577,LPL 2025 Split 3,2025-08-10,TT,EDG,SeTab,EDG,-1573
70577,LPL 2025 Split 3,2025-08-10,TT,EDG,1xn,EDG,-343
70577,LPL 2025 Split 3,2025-08-10,TT,EDG,Feather,EDG,-127
70578,LPL 2025 Split 3,2025-08-10,TT,EDG,Hoya,TT,-793
70578,LPL 2025 Split 3,2025-08-10,TT,EDG,AKi,TT,208
70578,LPL 2025 Split 3,2025-08-10,TT,EDG,SeTab,TT,191
70578,LPL 2025 Split 3,2025-08-10,TT,EDG,1xn,TT,-315
70578,LPL 2025 Split 3,2025-08-10,TT,EDG,Feather,TT,-250
70578,LPL 2025 Split 3,2025-08-10,TT,EDG,Zdz,EDG,793
70578,LPL 2025 Split 3,2025-08-10,TT,EDG,Xiaohao,EDG,-208
70578,LPL 2025 Split 3,2025-08-10,TT,EDG,Angel,EDG,-191
70578,LPL 2025 Split 3,2025-08-10,TT,EDG,Ahn,EDG,315
70578,LPL 2025 Split 3,2025-08-10,TT,EDG,Parukia,EDG,250
70573,LPL 2025 Split 3,2025-08-09,JD Gaming,IG,TheShy,JD Gaming,-304
70573,LPL 2025 Split 3,2025-08-09,JD Gaming,IG,Wei,JD Gaming,-670
70573,LPL 2025 Split 3,2025-08-09,JD Gaming,IG,RooKie,JD Gaming,494
70573,LPL 2025 Split 3,2025-08-09,JD Gaming,IG,GALA,JD Gaming,630
70573,LPL 2025 Split 3,2025-08-09,JD Gaming,IG,meiko,JD Gaming,340
70573,LPL 2025 Split 3,2025-08-09,JD Gaming,IG,Xiaoxu,IG,304
70573,LPL 2025 Split 3,2025-08-09,JD Gaming,IG,XUN,IG,670
70573,LPL 2025 Split 3,2025-08-09,JD Gaming,IG,Scout,IG,-494
70573,LPL 2025 Split 3,2025-08-09,JD Gaming,IG,Peyz,IG,-630
70573,LPL 2025 Split 3,2025-08-09,JD Gaming,IG,Wink,IG,-340
70574,LPL 2025 Split 3,2025-08-09,JD Gaming,IG,Xiaoxu,JD Gaming,-42
70574,LPL 2025 Split 3,2025-08-09,JD Gaming,IG,XUN,JD Gaming,289
70574,LPL 2025 Split 3,2025-08-09,JD Gaming,IG,Scout,JD Gaming,1227
70574,LPL 2025 Split 3,2025-08-09,JD Gaming,IG,Peyz,JD Gaming,-160
70574,LPL 2025 Split 3,2025-08-09,JD Gaming,IG,Wink,JD Gaming,33
70574,LPL 2025 Split 3,2025-08-09,JD Gaming,IG,TheShy,IG,42
70574,LPL 2025 Split 3,2025-08-09,JD Gaming,IG,Wei,IG,-289
70574,LPL 2025 Split 3,2025-08-09,JD Gaming,IG,RooKie,IG,-1227
70574,LPL 2025 Split 3,2025-08-09,JD Gaming,IG,GALA,IG,160
70574,LPL 2025 Split 3,2025-08-09,JD Gaming,IG,meiko,IG,-33
70570,LPL 2025 Split 3,2025-08-09,WBG,Top Esports,369,WBG,-636
70570,LPL 2025 Split 3,2025-08-09,WBG,Top Esports,Kanavi,WBG,363
70570,LPL 2025 Split 3,2025-08-09,WBG,Top Esports,Creme,WBG,286
70570,LPL 2025 Split 3,2025-08-09,WBG,Top Esports,JackeyLove,WBG,657
70570,LPL 2025 Split 3,2025-08-09,WBG,Top Esports,Hang,WBG,155
70570,LPL 2025 Split 3,2025-08-09,WBG,Top Esports,Breathe,Top Esports,636
70570,LPL 2025 Split 3,2025-08-09,WBG,Top Esports,Tian,Top Esports,-363
70570,LPL 2025 Split 3,2025-08-09,WBG,Top Esports,xiaohu,Top Esports,-286
70570,LPL 2025 Split 3,2025-08-09,WBG,Top Esports,Light,Top Esports,-657
70570,LPL 2025 Split 3,2025-08-09,WBG,Top Esports,Crisp,Top Esports,-155
70571,LPL 2025 Split 3,2025-08-09,WBG,Top Esports,Breathe,WBG,1124
70571,LPL 2025 Split 3,2025-08-09,WBG,Top Esports,Tian,WBG,500
70571,LPL 2025 Split 3,2025-08-09,WBG,Top Esports,xiaohu,WBG,-350
70571,LPL 2025 Split 3,2025-08-09,WBG,Top Esports,Light,WBG,-393
70571,LPL 2025 Split 3,2025-08-09,WBG,Top Esports,Crisp,WBG,173
70571,LPL 2025 Split 3,2025-08-09,WBG,Top Esports,369,Top Esports,-1124
70571,LPL 2025 Split 3,2025-08-09,WBG,Top Esports,Kanavi,Top Esports,-500
70571,LPL 2025 Split 3,2025-08-09,WBG,Top Esports,Creme,Top Esports,350
70571,LPL 2025 Split 3,2025-08-09,WBG,Top Esports,JackeyLove,Top Esports,393
70571,LPL 2025 Split 3,2025-08-09,WBG,Top Esports,Hang,Top Esports,-173
70567,LPL 2025 Split 3,2025-08-09,Team WE,BLG,Cube,Team WE,-215
70567,LPL 2025 Split 3,2025-08-09,Team WE,BLG,Monki,Team WE,-434
70567,LPL 2025 Split 3,2025-08-09,Team WE,BLG,Karis,Team WE,48
70567,LPL 2025 Split 3,2025-08-09,Team WE,BLG,Taeyoon,Team WE,40
70567,LPL 2025 Split 3,2025-08-09,Team WE,BLG,Vampire,Team WE,116
70567,LPL 2025 Split 3,2025-08-09,Team WE,BLG,Bin,BLG,215
70567,LPL 2025 Split 3,2025-08-09,Team WE,BLG,Shad0w,BLG,434
70567,LPL 2025 Split 3,2025-08-09,Team WE,BLG,Knight,BLG,-48
70567,LPL 2025 Split 3,2025-08-09,Team WE,BLG,Elk,BLG,-40
70567,LPL 2025 Split 3,2025-08-09,Team WE,BLG,ON,BLG,-116
70568,LPL 2025 Split 3,2025-08-09,Team WE,BLG,Cube,Team WE,337
70568,LPL 2025 Split 3,2025-08-09,Team WE,BLG,Monki,Team WE,433
70568,LPL 2025 Split 3,2025-08-09,Team WE,BLG,Karis,Team WE,-258
70568,LPL 2025 Split 3,2025-08-09,Team WE,BLG,Taeyoon,Team WE,-1417
70568,LPL 2025 Split 3,2025-08-09,Team WE,BLG,Vampire,Team WE,-507
70568,LPL 2025 Split 3,2025-08-09,Team WE,BLG,Bin,BLG,-337
70568,LPL 2025 Split 3,2025-08-09,Team WE,BLG,Shad0w,BLG,-433
70568,LPL 2025 Split 3,2025-08-09,Team WE,BLG,Knight,BLG,258
70568,LPL 2025 Split 3,2025-08-09,Team WE,BLG,Elk,BLG,1417
70568,LPL 2025 Split 3,2025-08-09,Team WE,BLG,ON,BLG,507
70569,LPL 2025 Split 3,2025-08-09,Team WE,BLG,Bin,Team WE,788
70569,LPL 2025 Split 3,2025-08-09,Team WE,BLG,Shad0w,Team WE,1222
70569,LPL 2025 Split 3,2025-08-09,Team WE,BLG,Knight,Team WE,563
70569,LPL 2025 Split 3,2025-08-09,Team WE,BLG,Elk,Team WE,-571
70569,LPL 2025 Split 3,2025-08-09,Team WE,BLG,ON,Team WE,405
70569,LPL 2025 Split 3,2025-08-09,Team WE,BLG,Cube,BLG,-788
70569,LPL 2025 Split 3,2025-08-09,Team WE,BLG,Monki,BLG,-1222
70569,LPL 2025 Split 3,2025-08-09,Team WE,BLG,Karis,BLG,-563
70569,LPL 2025 Split 3,2025-08-09,Team WE,BLG,Taeyoon,BLG,571
70569,LPL 2025 Split 3,2025-08-09,Team WE,BLG,Vampire,BLG,-405
70564,LPL 2025 Split 3,2025-08-08,AL,FPX,Flandre,AL,249
70564,LPL 2025 Split 3,2025-08-08,AL,FPX,Tarzan,AL,-335
70564,LPL 2025 Split 3,2025-08-08,AL,FPX,Shanks,AL,140
70564,LPL 2025 Split 3,2025-08-08,AL,FPX,Hope,AL,-1097
70564,LPL 2025 Split 3,2025-08-08,AL,FPX,Kael,AL,65
70564,LPL 2025 Split 3,2025-08-08,AL,FPX,sheer,FPX,-249
70564,LPL 2025 Split 3,2025-08-08,AL,FPX,milkyway,FPX,335
70564,LPL 2025 Split 3,2025-08-08,AL,FPX,Care,FPX,-140
70564,LPL 2025 Split 3,2025-08-08,AL,FPX,JiaQi,FPX,1097
70564,LPL 2025 Split 3,2025-08-08,AL,FPX,Jwei,FPX,-65
70565,LPL 2025 Split 3,2025-08-08,AL,FPX,Flandre,AL,-217
70565,LPL 2025 Split 3,2025-08-08,AL,FPX,Tarzan,AL,288
70565,LPL 2025 Split 3,2025-08-08,AL,FPX,Shanks,AL,51
70565,LPL 2025 Split 3,2025-08-08,AL,FPX,Hope,AL,558
70565,LPL 2025 Split 3,2025-08-08,AL,FPX,Kael,AL,-493
70565,LPL 2025 Split 3,2025-08-08,AL,FPX,sheer,FPX,217
70565,LPL 2025 Split 3,2025-08-08,AL,FPX,milkyway,FPX,-288
70565,LPL 2025 Split 3,2025-08-08,AL,FPX,Care,FPX,-51
70565,LPL 2025 Split 3,2025-08-08,AL,FPX,JiaQi,FPX,-558
70565,LPL 2025 Split 3,2025-08-08,AL,FPX,Jwei,FPX,493
70566,LPL 2025 Split 3,2025-08-08,AL,FPX,sheer,AL,98
70566,LPL 2025 Split 3,2025-08-08,AL,FPX,milkyway,AL,-169
70566,LPL 2025 Split 3,2025-08-08,AL,FPX,Care,AL,-536
70566,LPL 2025 Split 3,2025-08-08,AL,FPX,JiaQi,AL,677
70566,LPL 2025 Split 3,2025-08-08,AL,FPX,Jwei,AL,114
70566,LPL 2025 Split 3,2025-08-08,AL,FPX,Flandre,FPX,-98
70566,LPL 2025 Split 3,2025-08-08,AL,FPX,Tarzan,FPX,169
70566,LPL 2025 Split 3,2025-08-08,AL,FPX,Shanks,FPX,536
70566,LPL 2025 Split 3,2025-08-08,AL,FPX,Hope,FPX,-677
70566,LPL 2025 Split 3,2025-08-08,AL,FPX,Kael,FPX,-114
70561,LPL 2025 Split 3,2025-08-08,Ultra Prime,LNG Esports,1Jiang,Ultra Prime,-794
70561,LPL 2025 Split 3,2025-08-08,Ultra Prime,LNG Esports,Junhao,Ultra Prime,-189
70561,LPL 2025 Split 3,2025-08-08,Ultra Prime,LNG Esports,Saber,Ultra Prime,-668
70561,LPL 2025 Split 3,2025-08-08,Ultra Prime,LNG Esports,Baiye,Ultra Prime,301
70561,LPL 2025 Split 3,2025-08-08,Ultra Prime,LNG Esports,Xiaoxia,Ultra Prime,-173
70561,LPL 2025 Split 3,2025-08-08,Ultra Prime,LNG Esports,Zika,LNG Esports,794
70561,LPL 2025 Split 3,2025-08-08,Ultra Prime,LNG Esports,xiaofang,LNG Esports,189
70561,LPL 2025 Split 3,2025-08-08,Ultra Prime,LNG Esports,Haichao,LNG Esports,668
70561,LPL 2025 Split 3,2025-08-08,Ultra Prime,LNG Esports,fishone,LNG Esports,-301
70561,LPL 2025 Split 3,2025-08-08,Ultra Prime,LNG Esports,OvO,LNG Esports,173
70562,LPL 2025 Split 3,2025-08-08,Ultra Prime,LNG Esports,1Jiang,Ultra Prime,-530
70562,LPL 2025 Split 3,2025-08-08,Ultra Prime,LNG Esports,Junhao,Ultra Prime,-446
70562,LPL 2025 Split 3,2025-08-08,Ultra Prime,LNG Esports,Saber,Ultra Prime,-417
70562,LPL 2025 Split 3,2025-08-08,Ultra Prime,LNG Esports,Baiye,Ultra Prime,554
70562,LPL 2025 Split 3,2025-08-08,Ultra Prime,LNG Esports,Xiaoxia,Ultra Prime,340
70562,LPL 2025 Split 3,2025-08-08,Ultra Prime,LNG Esports,Zika,LNG Esports,530
70562,LPL 2025 Split 3,2025-08-08,Ultra Prime,LNG Esports,xiaofang,LNG Esports,446
70562,LPL 2025 Split 3,2025-08-08,Ultra Prime,LNG Esports,Haichao,LNG Esports,417
70562,LPL 2025 Split 3,2025-08-08,Ultra Prime,LNG Esports,fishone,LNG Esports,-554
70562,LPL 2025 Split 3,2025-08-08,Ultra Prime,LNG Esports,OvO,LNG Esports,-340
70563,LPL 2025 Split 3,2025-08-08,Ultra Prime,LNG Esports,Zika,Ultra Prime,420
70563,LPL 2025 Split 3,2025-08-08,Ultra Prime,LNG Esports,xiaofang,Ultra Prime,296
70563,LPL 2025 Split 3,2025-08-08,Ultra Prime,LNG Esports,Haichao,Ultra Prime,-1045
70563,LPL 2025 Split 3,2025-08-08,Ultra Prime,LNG Esports,fishone,Ultra Prime,-345
70563,LPL 2025 Split 3,2025-08-08,Ultra Prime,LNG Esports,OvO,Ultra Prime,192
70563,LPL 2025 Split 3,2025-08-08,Ultra Prime,LNG Esports,1Jiang,LNG Esports,-420
70563,LPL 2025 Split 3,2025-08-08,Ultra Prime,LNG Esports,Junhao,LNG Esports,-296
70563,LPL 2025 Split 3,2025-08-08,Ultra Prime,LNG Esports,Saber,LNG Esports,1045
70563,LPL 2025 Split 3,2025-08-08,Ultra Prime,LNG Esports,Baiye,LNG Esports,345
70563,LPL 2025 Split 3,2025-08-08,Ultra Prime,LNG Esports,Xiaoxia,LNG Esports,-192
70558,LPL 2025 Split 3,2025-08-07,TT,NIP,Hoya,TT,-339
70558,LPL 2025 Split 3,2025-08-07,TT,NIP,AKi,TT,-240
70558,LPL 2025 Split 3,2025-08-07,TT,NIP,SeTab,TT,99
70558,LPL 2025 Split 3,2025-08-07,TT,NIP,1xn,TT,-328
70558,LPL 2025 Split 3,2025-08-07,TT,NIP,Feather,TT,-241
70558,LPL 2025 Split 3,2025-08-07,TT,NIP,Solokill,NIP,339
70558,LPL 2025 Split 3,2025-08-07,TT,NIP,naiyou,NIP,240
70558,LPL 2025 Split 3,2025-08-07,TT,NIP,Doinb,NIP,-99
70558,LPL 2025 Split 3,2025-08-07,TT,NIP,Leave,NIP,328
70558,LPL 2025 Split 3,2025-08-07,TT,NIP,Niket,NIP,241
70559,LPL 2025 Split 3,2025-08-07,TT,NIP,Solokill,TT,-256
70559,LPL 2025 Split 3,2025-08-07,TT,NIP,naiyou,TT,-128
70559,LPL 2025 Split 3,2025-08-07,TT,NIP,Doinb,TT,793
70559,LPL 2025 Split 3,2025-08-07,TT,NIP,Leave,TT,557
70559,LPL 2025 Split 3,2025-08-07,TT,NIP,Niket,TT,285
70559,LPL 2025 Split 3,2025-08-07,TT,NIP,Hoya,NIP,256
70559,LPL 2025 Split 3,2025-08-07,TT,NIP,AKi,NIP,128
70559,LPL 2025 Split 3,2025-08-07,TT,NIP,SeTab,NIP,-793
70559,LPL 2025 Split 3,2025-08-07,TT,NIP,1xn,NIP,-557
70559,LPL 2025 Split 3,2025-08-07,TT,NIP,Feather,NIP,-285
70560,LPL 2025 Split 3,2025-08-07,TT,NIP,Hoya,TT,543
70560,LPL 2025 Split 3,2025-08-07,TT,NIP,AKi,TT,-179
70560,LPL 2025 Split 3,2025-08-07,TT,NIP,SeTab,TT,-415
70560,LPL 2025 Split 3,2025-08-07,TT,NIP,1xn,TT,-305
70560,LPL 2025 Split 3,2025-08-07,TT,NIP,Feather,TT,-138
70560,LPL 2025 Split 3,2025-08-07,TT,NIP,Solokill,NIP,-543
70560,LPL 2025 Split 3,2025-08-07,TT,NIP,naiyou,NIP,179
70560,LPL 2025 Split 3,2025-08-07,TT,NIP,Doinb,NIP,415
70560,LPL 2025 Split 3,2025-08-07,TT,NIP,Leave,NIP,305
70560,LPL 2025 Split 3,2025-08-07,TT,NIP,Niket,NIP,138
70555,LPL 2025 Split 3,2025-08-07,LNG Esports,LGD Gaming,Zika,LNG Esports,944
70555,LPL 2025 Split 3,2025-08-07,LNG Esports,LGD Gaming,xiaofang,LNG Esports,-63
70555,LPL 2025 Split 3,2025-08-07,LNG Esports,LGD Gaming,Haichao,LNG Esports,-199
70555,LPL 2025 Split 3,2025-08-07,LNG Esports,LGD Gaming,fishone,LNG Esports,-336
70555,LPL 2025 Split 3,2025-08-07,LNG Esports,LGD Gaming,OvO,LNG Esports,-526
70555,LPL 2025 Split 3,2025-08-07,LNG Esports,LGD Gaming,sasi,LGD Gaming,-944
70555,LPL 2025 Split 3,2025-08-07,LNG Esports,LGD Gaming,Climber,LGD Gaming,63
70555,LPL 2025 Split 3,2025-08-07,LNG Esports,LGD Gaming,xqw,LGD Gaming,199
70555,LPL 2025 Split 3,2025-08-07,LNG Esports,LGD Gaming,Sav1or,LGD Gaming,336
70555,LPL 2025 Split 3,2025-08-07,LNG Esports,LGD Gaming,Ycx,LGD Gaming,526
70556,LPL 2025 Split 3,2025-08-07,LNG Esports,LGD Gaming,sasi,LNG Esports,-1072
70556,LPL 2025 Split 3,2025-08-07,LNG Esports,LGD Gaming,Climber,LNG Esports,-692
70556,LPL 2025 Split 3,2025-08-07,LNG Esports,LGD Gaming,xqw,LNG Esports,-82
70556,LPL 2025 Split 3,2025-08-07,LNG Esports,LGD Gaming,Sav1or,LNG Esports,420
70556,LPL 2025 Split 3,2025-08-07,LNG Esports,LGD Gaming,Ycx,LNG Esports,-483
70556,LPL 2025 Split 3,2025-08-07,LNG Esports,LGD Gaming,Zika,LGD Gaming,1072
70556,LPL 2025 Split 3,2025-08-07,LNG Esports,LGD Gaming,xiaofang,LGD Gaming,692
70556,LPL 2025 Split 3,2025-08-07,LNG Esports,LGD Gaming,Haichao,LGD Gaming,82
70556,LPL 2025 Split 3,2025-08-07,LNG Esports,LGD Gaming,fishone,LGD Gaming,-420
70556,LPL 2025 Split 3,2025-08-07,LNG Esports,LGD Gaming,OvO,LGD Gaming,483
70552,LPL 2025 Split 3,2025-08-06,AL,IG,TheShy,AL,-689
70552,LPL 2025 Split 3,2025-08-06,AL,IG,Wei,AL,-301
70552,LPL 2025 Split 3,2025-08-06,AL,IG,RooKie,AL,-555
70552,LPL 2025 Split 3,2025-08-06,AL,IG,GALA,AL,986
70552,LPL 2025 Split 3,2025-08-06,AL,IG,meiko,AL,246
70552,LPL 2025 Split 3,2025-08-06,AL,IG,Flandre,IG,689
70552,LPL 2025 Split 3,2025-08-06,AL,IG,Tarzan,IG,301
70552,LPL 2025 Split 3,2025-08-06,AL,IG,Shanks,IG,555
70552,LPL 2025 Split 3,2025-08-06,AL,IG,Hope,IG,-986
70552,LPL 2025 Split 3,2025-08-06,AL,IG,Kael,IG,-246
70553,LPL 2025 Split 3,2025-08-06,AL,IG,Flandre,AL,-948
70553,LPL 2025 Split 3,2025-08-06,AL,IG,Tarzan,AL,-342
70553,LPL 2025 Split 3,2025-08-06,AL,IG,Shanks,AL,675
70553,LPL 2025 Split 3,2025-08-06,AL,IG,Hope,AL,-29
70553,LPL 2025 Split 3,2025-08-06,AL,IG,Kael,AL,192
70553,LPL 2025 Split 3,2025-08-06,AL,IG,TheShy,IG,948
70553,LPL 2025 Split 3,2025-08-06,AL,IG,Wei,IG,342
70553,LPL 2025 Split 3,2025-08-06,AL,IG,RooKie,IG,-675
70553,LPL 2025 Split 3,2025-08-06,AL,IG,GALA,IG,29
70553,LPL 2025 Split 3,2025-08-06,AL,IG,meiko,IG,-192
70549,LPL 2025 Split 3,2025-08-06,JD Gaming,BLG,Bin,JD Gaming,-748
70549,LPL 2025 Split 3,2025-08-06,JD Gaming,BLG,Shad0w,JD Gaming,838
70549,LPL 2025 Split 3,2025-08-06,JD Gaming,BLG,Knight,JD Gaming,444
70549,LPL 2025 Split 3,2025-08-06,JD Gaming,BLG,Elk,JD Gaming,-364
70549,LPL 2025 Split 3,2025-08-06,JD Gaming,BLG,ON,JD Gaming,-120
70549,LPL 2025 Split 3,2025-08-06,JD Gaming,BLG,Xiaoxu,BLG,748
70549,LPL 2025 Split 3,2025-08-06,JD Gaming,BLG,XUN,BLG,-838
70549,LPL 2025 Split 3,2025-08-06,JD Gaming,BLG,Scout,BLG,-444
70549,LPL 2025 Split 3,2025-08-06,JD Gaming,BLG,Peyz,BLG,364
70549,LPL 2025 Split 3,2025-08-06,JD Gaming,BLG,Wink,BLG,120
70550,LPL 2025 Split 3,2025-08-06,JD Gaming,BLG,Bin,JD Gaming,959
70550,LPL 2025 Split 3,2025-08-06,JD Gaming,BLG,Shad0w,JD Gaming,1464
70550,LPL 2025 Split 3,2025-08-06,JD Gaming,BLG,Knight,JD Gaming,1920
70550,LPL 2025 Split 3,2025-08-06,JD Gaming,BLG,Elk,JD Gaming,3566
70550,LPL 2025 Split 3,2025-08-06,JD Gaming,BLG,ON,JD Gaming,1034
70550,LPL 2025 Split 3,2025-08-06,JD Gaming,BLG,Xiaoxu,BLG,-959
70550,LPL 2025 Split 3,2025-08-06,JD Gaming,BLG,XUN,BLG,-1464
70550,LPL 2025 Split 3,2025-08-06,JD Gaming,BLG,Scout,BLG,-1920
70550,LPL 2025 Split 3,2025-08-06,JD Gaming,BLG,Peyz,BLG,-3566
70550,LPL 2025 Split 3,2025-08-06,JD Gaming,BLG,Wink,BLG,-1034
70551,LPL 2025 Split 3,2025-08-06,JD Gaming,BLG,Xiaoxu,JD Gaming,107
70551,LPL 2025 Split 3,2025-08-06,JD Gaming,BLG,XUN,JD Gaming,-654
70551,LPL 2025 Split 3,2025-08-06,JD Gaming,BLG,Scout,JD Gaming,632
70551,LPL 2025 Split 3,2025-08-06,JD Gaming,BLG,Peyz,JD Gaming,-114
70551,LPL 2025 Split 3,2025-08-06,JD Gaming,BLG,Wink,JD Gaming,173
70551,LPL 2025 Split 3,2025-08-06,JD Gaming,BLG,Bin,BLG,-107
70551,LPL 2025 Split 3,2025-08-06,JD Gaming,BLG,Shad0w,BLG,654
70551,LPL 2025 Split 3,2025-08-06,JD Gaming,BLG,Knight,BLG,-632
70551,LPL 2025 Split 3,2025-08-06,JD Gaming,BLG,Elk,BLG,114
70551,LPL 2025 Split 3,2025-08-06,JD Gaming,BLG,ON,BLG,-173
70546,LPL 2025 Split 3,2025-08-05,AL,Top Esports,369,AL,-762
70546,LPL 2025 Split 3,2025-08-05,AL,Top Esports,Kanavi,AL,591
70546,LPL 2025 Split 3,2025-08-05,AL,Top Esports,Creme,AL,13
70546,LPL 2025 Split 3,2025-08-05,AL,Top Esports,JackeyLove,AL,-36
70546,LPL 2025 Split 3,2025-08-05,AL,Top Esports,Hang,AL,262
70546,LPL 2025 Split 3,2025-08-05,AL,Top Esports,Flandre,Top Esports,762
70546,LPL 2025 Split 3,2025-08-05,AL,Top Esports,Tarzan,Top Esports,-591
70546,LPL 2025 Split 3,2025-08-05,AL,Top Esports,Shanks,Top Esports,-13
70546,LPL 2025 Split 3,2025-08-05,AL,Top Esports,Hope,Top Esports,36
70546,LPL 2025 Split 3,2025-08-05,AL,Top Esports,Kael,Top Esports,-262
70547,LPL 2025 Split 3,2025-08-05,AL,Top Esports,Flandre,AL,716
70547,LPL 2025 Split 3,2025-08-05,AL,Top Esports,Tarzan,AL,1032
70547,LPL 2025 Split 3,2025-08-05,AL,Top Esports,Shanks,AL,605
70547,LPL 2025 Split 3,2025-08-05,AL,Top Esports,Hope,AL,1533
70547,LPL 2025 Split 3,2025-08-05,AL,Top Esports,Kael,AL,303
70547,LPL 2025 Split 3,2025-08-05,AL,Top Esports,369,Top Esports,-716
70547,LPL 2025 Split 3,2025-08-05,AL,Top Esports,Kanavi,Top Esports,-1032
70547,LPL 2025 Split 3,2025-08-05,AL,Top Esports,Creme,Top Esports,-605
70547,LPL 2025 Split 3,2025-08-05,AL,Top Esports,JackeyLove,Top Esports,-1533
70547,LPL 2025 Split 3,2025-08-05,AL,Top Esports,Hang,Top Esports,-303
70548,LPL 2025 Split 3,2025-08-05,AL,Top Esports,369,AL,-171
70548,LPL 2025 Split 3,2025-08-05,AL,Top Esports,Kanavi,AL,1460
70548,LPL 2025 Split 3,2025-08-05,AL,Top Esports,Creme,AL,1838
70548,LPL 2025 Split 3,2025-08-05,AL,Top Esports,JackeyLove,AL,-407
70548,LPL 2025 Split 3,2025-08-05,AL,Top Esports,Hang,AL,320
70548,LPL 2025 Split 3,2025-08-05,AL,Top Esports,Flandre,Top Esports,171
70548,LPL 2025 Split 3,2025-08-05,AL,Top Esports,Tarzan,Top Esports,-1460
70548,LPL 2025 Split 3,2025-08-05,AL,Top Esports,Shanks,Top Esports,-1838
70548,LPL 2025 Split 3,2025-08-05,AL,Top Esports,Hope,Top Esports,407
70548,LPL 2025 Split 3,2025-08-05,AL,Top Esports,Kael,Top Esports,-320
70543,LPL 2025 Split 3,2025-08-05,TT,NIP,Solokill,TT,-819
70543,LPL 2025 Split 3,2025-08-05,TT,NIP,naiyou,TT,-445
70543,LPL 2025 Split 3,2025-08-05,TT,NIP,Doinb,TT,-132
70543,LPL 2025 Split 3,2025-08-05,TT,NIP,Leave,TT,445
70543,LPL 2025 Split 3,2025-08-05,TT,NIP,Niket,TT,-10
70543,LPL 2025 Split 3,2025-08-05,TT,NIP,Hoya,NIP,819
70543,LPL 2025 Split 3,2025-08-05,TT,NIP,AKi,NIP,445
70543,LPL 2025 Split 3,2025-08-05,TT,NIP,SeTab,NIP,132
70543,LPL 2025 Split 3,2025-08-05,TT,NIP,1xn,NIP,-445
70543,LPL 2025 Split 3,2025-08-05,TT,NIP,Feather,NIP,10
70544,LPL 2025 Split 3,2025-08-05,TT,NIP,Solokill,TT,369
70544,LPL 2025 Split 3,2025-08-05,TT,NIP,naiyou,TT,851
70544,LPL 2025 Split 3,2025-08-05,TT,NIP,Doinb,TT,188
70544,LPL 2025 Split 3,2025-08-05,TT,NIP,Leave,TT,65
70544,LPL 2025 Split 3,2025-08-05,TT,NIP,Niket,TT,410
70544,LPL 2025 Split 3,2025-08-05,TT,NIP,Hoya,NIP,-369
70544,LPL 2025 Split 3,2025-08-05,TT,NIP,AKi,NIP,-851
70544,LPL 2025 Split 3,2025-08-05,TT,NIP,SeTab,NIP,-188
70544,LPL 2025 Split 3,2025-08-05,TT,NIP,1xn,NIP,-65
70544,LPL 2025 Split 3,2025-08-05,TT,NIP,Feather,NIP,-410
70545,LPL 2025 Split 3,2025-08-05,TT,NIP,Hoya,TT,307
70545,LPL 2025 Split 3,2025-08-05,TT,NIP,AKi,TT,92
70545,LPL 2025 Split 3,2025-08-05,TT,NIP,SeTab,TT,333
70545,LPL 2025 Split 3,2025-08-05,TT,NIP,1xn,TT,704
70545,LPL 2025 Split 3,2025-08-05,TT,NIP,Feather,TT,-217
70545,LPL 2025 Split 3,2025-08-05,TT,NIP,Solokill,NIP,-307
70545,LPL 2025 Split 3,2025-08-05,TT,NIP,naiyou,NIP,-92
70545,LPL 2025 Split 3,2025-08-05,TT,NIP,Doinb,NIP,-333
70545,LPL 2025 Split 3,2025-08-05,TT,NIP,Leave,NIP,-704
70545,LPL 2025 Split 3,2025-08-05,TT,NIP,Niket,NIP,217
70537,LPL 2025 Split 3,2025-08-04,Team WE,FPX,Cube,Team WE,-636
70537,LPL 2025 Split 3,2025-08-04,Team WE,FPX,Monki,Team WE,-76
70537,LPL 2025 Split 3,2025-08-04,Team WE,FPX,Karis,Team WE,-683
70537,LPL 2025 Split 3,2025-08-04,Team WE,FPX,Taeyoon,Team WE,-823
70537,LPL 2025 Split 3,2025-08-04,Team WE,FPX,Vampire,Team WE,-252
70537,LPL 2025 Split 3,2025-08-04,Team WE,FPX,sheer,FPX,636
70537,LPL 2025 Split 3,2025-08-04,Team WE,FPX,milkyway,FPX,76
70537,LPL 2025 Split 3,2025-08-04,Team WE,FPX,Care,FPX,683
70537,LPL 2025 Split 3,2025-08-04,Team WE,FPX,JiaQi,FPX,823
70537,LPL 2025 Split 3,2025-08-04,Team WE,FPX,Jwei,FPX,252
70538,LPL 2025 Split 3,2025-08-04,Team WE,FPX,Cube,Team WE,1118
70538,LPL 2025 Split 3,2025-08-04,Team WE,FPX,Monki,Team WE,271
70538,LPL 2025 Split 3,2025-08-04,Team WE,FPX,Karis,Team WE,-336
70538,LPL 2025 Split 3,2025-08-04,Team WE,FPX,Taeyoon,Team WE,695
70538,LPL 2025 Split 3,2025-08-04,Team WE,FPX,Vampire,Team WE,597
70538,LPL 2025 Split 3,2025-08-04,Team WE,FPX,sheer,FPX,-1118
70538,LPL 2025 Split 3,2025-08-04,Team WE,FPX,milkyway,FPX,-271
70538,LPL 2025 Split 3,2025-08-04,Team WE,FPX,Care,FPX,336
70538,LPL 2025 Split 3,2025-08-04,Team WE,FPX,JiaQi,FPX,-695
70538,LPL 2025 Split 3,2025-08-04,Team WE,FPX,Jwei,FPX,-597
70539,LPL 2025 Split 3,2025-08-04,Team WE,FPX,sheer,Team WE,-164
70539,LPL 2025 Split 3,2025-08-04,Team WE,FPX,milkyway,Team WE,313
70539,LPL 2025 Split 3,2025-08-04,Team WE,FPX,Care,Team WE,-174
70539,LPL 2025 Split 3,2025-08-04,Team WE,FPX,JiaQi,Team WE,-1063
70539,LPL 2025 Split 3,2025-08-04,Team WE,FPX,Jwei,Team WE,-29
70539,LPL 2025 Split 3,2025-08-04,Team WE,FPX,Cube,FPX,164
70539,LPL 2025 Split 3,2025-08-04,Team WE,FPX,Monki,FPX,-313
70539,LPL 2025 Split 3,2025-08-04,Team WE,FPX,Karis,FPX,174
70539,LPL 2025 Split 3,2025-08-04,Team WE,FPX,Taeyoon,FPX,1063
70539,LPL 2025 Split 3,2025-08-04,Team WE,FPX,Vampire,FPX,29
70248,LPL 2025 Split 3,2025-08-03,BLG,Top Esports,Bin,BLG,320
70248,LPL 2025 Split 3,2025-08-03,BLG,Top Esports,Shad0w,BLG,-245
70248,LPL 2025 Split 3,2025-08-03,BLG,Top Esports,Knight,BLG,320
70248,LPL 2025 Split 3,2025-08-03,BLG,Top Esports,Elk,BLG,214
70248,LPL 2025 Split 3,2025-08-03,BLG,Top Esports,ON,BLG,92
70248,LPL 2025 Split 3,2025-08-03,BLG,Top Esports,369,Top Esports,-320
70248,LPL 2025 Split 3,2025-08-03,BLG,Top Esports,Kanavi,Top Esports,245
70248,LPL 2025 Split 3,2025-08-03,BLG,Top Esports,Creme,Top Esports,-320
70248,LPL 2025 Split 3,2025-08-03,BLG,Top Esports,JackeyLove,Top Esports,-214
70248,LPL 2025 Split 3,2025-08-03,BLG,Top Esports,Hang,Top Esports,-92
70249,LPL 2025 Split 3,2025-08-03,BLG,Top Esports,369,BLG,-777
70249,LPL 2025 Split 3,2025-08-03,BLG,Top Esports,Kanavi,BLG,108
70249,LPL 2025 Split 3,2025-08-03,BLG,Top Esports,Creme,BLG,384
70249,LPL 2025 Split 3,2025-08-03,BLG,Top Esports,JackeyLove,BLG,33
70249,LPL 2025 Split 3,2025-08-03,BLG,Top Esports,Hang,BLG,-333
70249,LPL 2025 Split 3,2025-08-03,BLG,Top Esports,Bin,Top Esports,777
70249,LPL 2025 Split 3,2025-08-03,BLG,Top Esports,Shad0w,Top Esports,-108
70249,LPL 2025 Split 3,2025-08-03,BLG,Top Esports,Knight,Top Esports,-384
70249,LPL 2025 Split 3,2025-08-03,BLG,Top Esports,Elk,Top Esports,-33
70249,LPL 2025 Split 3,2025-08-03,BLG,Top Esports,ON,Top Esports,333
70245,LPL 2025 Split 3,2025-08-03,LNG Esports,EDG,Zika,LNG Esports,369
70245,LPL 2025 Split 3,2025-08-03,LNG Esports,EDG,xiaofang,LNG Esports,-1225
70245,LPL 2025 Split 3,2025-08-03,LNG Esports,EDG,Haichao,LNG Esports,-481
70245,LPL 2025 Split 3,2025-08-03,LNG Esports,EDG,fishone,LNG Esports,-227
70245,LPL 2025 Split 3,2025-08-03,LNG Esports,EDG,Zhuo,LNG Esports,42
70245,LPL 2025 Split 3,2025-08-03,LNG Esports,EDG,Zdz,EDG,-369
70245,LPL 2025 Split 3,2025-08-03,LNG Esports,EDG,Xiaohao,EDG,1225
70245,LPL 2025 Split 3,2025-08-03,LNG Esports,EDG,Angel,EDG,481
70245,LPL 2025 Split 3,2025-08-03,LNG Esports,EDG,Ahn,EDG,227
70245,LPL 2025 Split 3,2025-08-03,LNG Esports,EDG,Parukia,EDG,-42
70246,LPL 2025 Split 3,2025-08-03,LNG Esports,EDG,Zika,LNG Esports,459
70246,LPL 2025 Split 3,2025-08-03,LNG Esports,EDG,xiaofang,LNG Esports,464
70246,LPL 2025 Split 3,2025-08-03,LNG Esports,EDG,Haichao,LNG Esports,50
70246,LPL 2025 Split 3,2025-08-03,LNG Esports,EDG,fishone,LNG Esports,-986
70246,LPL 2025 Split 3,2025-08-03,LNG Esports,EDG,Zhuo,LNG Esports,79
70246,LPL 2025 Split 3,2025-08-03,LNG Esports,EDG,Zdz,EDG,-459
70246,LPL 2025 Split 3,2025-08-03,LNG Esports,EDG,Xiaohao,EDG,-464
70246,LPL 2025 Split 3,2025-08-03,LNG Esports,EDG,Angel,EDG,-50
70246,LPL 2025 Split 3,2025-08-03,LNG Esports,EDG,Ahn,EDG,986
70246,LPL 2025 Split 3,2025-08-03,LNG Esports,EDG,Parukia,EDG,-79
70242,LPL 2025 Split 3,2025-08-02,JD Gaming,AL,Xiaoxu,JD Gaming,748
70242,LPL 2025 Split 3,2025-08-02,JD Gaming,AL,XUN,JD Gaming,122
70242,LPL 2025 Split 3,2025-08-02,JD Gaming,AL,Scout,JD Gaming,-502
70242,LPL 2025 Split 3,2025-08-02,JD Gaming,AL,Peyz,JD Gaming,47
70242,LPL 2025 Split 3,2025-08-02,JD Gaming,AL,Wink,JD Gaming,-140
70242,LPL 2025 Split 3,2025-08-02,JD Gaming,AL,Flandre,AL,-748
70242,LPL 2025 Split 3,2025-08-02,JD Gaming,AL,Tarzan,AL,-122
70242,LPL 2025 Split 3,2025-08-02,JD Gaming,AL,Shanks,AL,502
70242,LPL 2025 Split 3,2025-08-02,JD Gaming,AL,Hope,AL,-47
70242,LPL 2025 Split 3,2025-08-02,JD Gaming,AL,Kael,AL,140
70243,LPL 2025 Split 3,2025-08-02,JD Gaming,AL,Xiaoxu,JD Gaming,599
70243,LPL 2025 Split 3,2025-08-02,JD Gaming,AL,XUN,JD Gaming,-406
70243,LPL 2025 Split 3,2025-08-02,JD Gaming,AL,Scout,JD Gaming,-372
70243,LPL 2025 Split 3,2025-08-02,JD Gaming,AL,Peyz,JD Gaming,-605
70243,LPL 2025 Split 3,2025-08-02,JD Gaming,AL,Wink,JD Gaming,-1155
70243,LPL 2025 Split 3,2025-08-02,JD Gaming,AL,Flandre,AL,-599
70243,LPL 2025 Split 3,2025-08-02,JD Gaming,AL,Tarzan,AL,406
70243,LPL 2025 Split 3,2025-08-02,JD Gaming,AL,Shanks,AL,372
70243,LPL 2025 Split 3,2025-08-02,JD Gaming,AL,Hope,AL,605
70243,LPL 2025 Split 3,2025-08-02,JD Gaming,AL,Kael,AL,1155
70239,LPL 2025 Split 3,2025-08-02,Ultra Prime,LNG Esports,Zika,Ultra Prime,31
70239,LPL 2025 Split 3,2025-08-02,Ultra Prime,LNG Esports,xiaofang,Ultra Prime,135
70239,LPL 2025 Split 3,2025-08-02,Ultra Prime,LNG Esports,Haichao,Ultra Prime,544
70239,LPL 2025 Split 3,2025-08-02,Ultra Prime,LNG Esports,fishone,Ultra Prime,256
70239,LPL 2025 Split 3,2025-08-02,Ultra Prime,LNG Esports,Zhuo,Ultra Prime,582
70239,LPL 2025 Split 3,2025-08-02,Ultra Prime,LNG Esports,1Jiang,LNG Esports,-31
70239,LPL 2025 Split 3,2025-08-02,Ultra Prime,LNG Esports,Junhao,LNG Esports,-135
70239,LPL 2025 Split 3,2025-08-02,Ultra Prime,LNG Esports,Saber,LNG Esports,-544
70239,LPL 2025 Split 3,2025-08-02,Ultra Prime,LNG Esports,Baiye,LNG Esports,-256
70239,LPL 2025 Split 3,2025-08-02,Ultra Prime,LNG Esports,Xiaoxia,LNG Esports,-582
70240,LPL 2025 Split 3,2025-08-02,Ultra Prime,LNG Esports,1Jiang,Ultra Prime,-1131
70240,LPL 2025 Split 3,2025-08-02,Ultra Prime,LNG Esports,Junhao,Ultra Prime,-245
70240,LPL 2025 Split 3,2025-08-02,Ultra Prime,LNG Esports,Saber,Ultra Prime,468
70240,LPL 2025 Split 3,2025-08-02,Ultra Prime,LNG Esports,Baiye,Ultra Prime,1154
70240,LPL 2025 Split 3,2025-08-02,Ultra Prime,LNG Esports,Xiaoxia,Ultra Prime,284
70240,LPL 2025 Split 3,2025-08-02,Ultra Prime,LNG Esports,Zika,LNG Esports,1131
70240,LPL 2025 Split 3,2025-08-02,Ultra Prime,LNG Esports,xiaofang,LNG Esports,245
70240,LPL 2025 Split 3,2025-08-02,Ultra Prime,LNG Esports,Haichao,LNG Esports,-468
70240,LPL 2025 Split 3,2025-08-02,Ultra Prime,LNG Esports,fishone,LNG Esports,-1154
70240,LPL 2025 Split 3,2025-08-02,Ultra Prime,LNG Esports,Zhuo,LNG Esports,-284
70241,LPL 2025 Split 3,2025-08-02,Ultra Prime,LNG Esports,Zika,Ultra Prime,237
70241,LPL 2025 Split 3,2025-08-02,Ultra Prime,LNG Esports,xiaofang,Ultra Prime,-49
70241,LPL 2025 Split 3,2025-08-02,Ultra Prime,LNG Esports,Haichao,Ultra Prime,210
70241,LPL 2025 Split 3,2025-08-02,Ultra Prime,LNG Esports,fishone,Ultra Prime,-247
70241,LPL 2025 Split 3,2025-08-02,Ultra Prime,LNG Esports,Zhuo,Ultra Prime,-1
70241,LPL 2025 Split 3,2025-08-02,Ultra Prime,LNG Esports,1Jiang,LNG Esports,-237
70241,LPL 2025 Split 3,2025-08-02,Ultra Prime,LNG Esports,Junhao,LNG Esports,49
70241,LPL 2025 Split 3,2025-08-02,Ultra Prime,LNG Esports,Saber,LNG Esports,-210
70241,LPL 2025 Split 3,2025-08-02,Ultra Prime,LNG Esports,Baiye,LNG Esports,247
70241,LPL 2025 Split 3,2025-08-02,Ultra Prime,LNG Esports,Xiaoxia,LNG Esports,1
70236,LPL 2025 Split 3,2025-08-02,TT,LGD Gaming,Hoya,TT,-1317
70236,LPL 2025 Split 3,2025-08-02,TT,LGD Gaming,AKi,TT,-592
70236,LPL 2025 Split 3,2025-08-02,TT,LGD Gaming,SeTab,TT,-612
70236,LPL 2025 Split 3,2025-08-02,TT,LGD Gaming,1xn,TT,28
70236,LPL 2025 Split 3,2025-08-02,TT,LGD Gaming,Feather,TT,-435
70236,LPL 2025 Split 3,2025-08-02,TT,LGD Gaming,sasi,LGD Gaming,1317
70236,LPL 2025 Split 3,2025-08-02,TT,LGD Gaming,Climber,LGD Gaming,592
70236,LPL 2025 Split 3,2025-08-02,TT,LGD Gaming,xqw,LGD Gaming,612
70236,LPL 2025 Split 3,2025-08-02,TT,LGD Gaming,Sav1or,LGD Gaming,-28
70236,LPL 2025 Split 3,2025-08-02,TT,LGD Gaming,Ycx,LGD Gaming,435
70237,LPL 2025 Split 3,2025-08-02,TT,LGD Gaming,Hoya,TT,-423
70237,LPL 2025 Split 3,2025-08-02,TT,LGD Gaming,AKi,TT,45
70237,LPL 2025 Split 3,2025-08-02,TT,LGD Gaming,SeTab,TT,391
70237,LPL 2025 Split 3,2025-08-02,TT,LGD Gaming,1xn,TT,-454
70237,LPL 2025 Split 3,2025-08-02,TT,LGD Gaming,Feather,TT,-57
70237,LPL 2025 Split 3,2025-08-02,TT,LGD Gaming,sasi,LGD Gaming,423
70237,LPL 2025 Split 3,2025-08-02,TT,LGD Gaming,Climber,LGD Gaming,-45
70237,LPL 2025 Split 3,2025-08-02,TT,LGD Gaming,xqw,LGD Gaming,-391
70237,LPL 2025 Split 3,2025-08-02,TT,LGD Gaming,Sav1or,LGD Gaming,454
70237,LPL 2025 Split 3,2025-08-02,TT,LGD Gaming,Ycx,LGD Gaming,57
70233,LPL 2025 Split 3,2025-08-01,WBG,IG,TheShy,WBG,-216
70233,LPL 2025 Split 3,2025-08-01,WBG,IG,Wei,WBG,500
70233,LPL 2025 Split 3,2025-08-01,WBG,IG,RooKie,WBG,-734
70233,LPL 2025 Split 3,2025-08-01,WBG,IG,GALA,WBG,-305
70233,LPL 2025 Split 3,2025-08-01,WBG,IG,meiko,WBG,-92
70233,LPL 2025 Split 3,2025-08-01,WBG,IG,Breathe,IG,216
70233,LPL 2025 Split 3,2025-08-01,WBG,IG,Tian,IG,-500
70233,LPL 2025 Split 3,2025-08-01,WBG,IG,xiaohu,IG,734
70233,LPL 2025 Split 3,2025-08-01,WBG,IG,Light,IG,305
70233,LPL 2025 Split 3,2025-08-01,WBG,IG,Crisp,IG,92
70234,LPL 2025 Split 3,2025-08-01,WBG,IG,Breathe,WBG,346
70234,LPL 2025 Split 3,2025-08-01,WBG,IG,Tian,WBG,-376
70234,LPL 2025 Split 3,2025-08-01,WBG,IG,xiaohu,WBG,131
70234,LPL 2025 Split 3,2025-08-01,WBG,IG,Light,WBG,-63
70234,LPL 2025 Split 3,2025-08-01,WBG,IG,Crisp,WBG,146
70234,LPL 2025 Split 3,2025-08-01,WBG,IG,TheShy,IG,-346
70234,LPL 2025 Split 3,2025-08-01,WBG,IG,Wei,IG,376
70234,LPL 2025 Split 3,2025-08-01,WBG,IG,RooKie,IG,-131
70234,LPL 2025 Split 3,2025-08-01,WBG,IG,GALA,IG,63
70234,LPL 2025 Split 3,2025-08-01,WBG,IG,meiko,IG,-146
70230,LPL 2025 Split 3,2025-08-01,JD Gaming,FPX,sheer,JD Gaming,-317
70230,LPL 2025 Split 3,2025-08-01,JD Gaming,FPX,milkyway,JD Gaming,-55
70230,LPL 2025 Split 3,2025-08-01,JD Gaming,FPX,Care,JD Gaming,141
70230,LPL 2025 Split 3,2025-08-01,JD Gaming,FPX,JiaQi,JD Gaming,-741
70230,LPL 2025 Split 3,2025-08-01,JD Gaming,FPX,Jwei,JD Gaming,216
70230,LPL 2025 Split 3,2025-08-01,JD Gaming,FPX,Xiaoxu,FPX,317
70230,LPL 2025 Split 3,2025-08-01,JD Gaming,FPX,XUN,FPX,55
70230,LPL 2025 Split 3,2025-08-01,JD Gaming,FPX,Scout,FPX,-141
70230,LPL 2025 Split 3,2025-08-01,JD Gaming,FPX,Peyz,FPX,741
70230,LPL 2025 Split 3,2025-08-01,JD Gaming,FPX,Wink,FPX,-216
70231,LPL 2025 Split 3,2025-08-01,JD Gaming,FPX,sheer,JD Gaming,-1062
70231,LPL 2025 Split 3,2025-08-01,JD Gaming,FPX,milkyway,JD Gaming,-138
70231,LPL 2025 Split 3,2025-08-01,JD Gaming,FPX,Care,JD Gaming,-265
70231,LPL 2025 Split 3,2025-08-01,JD Gaming,FPX,JiaQi,JD Gaming,-555
70231,LPL 2025 Split 3,2025-08-01,JD Gaming,FPX,Jwei,JD Gaming,-165
70231,LPL 2025 Split 3,2025-08-01,JD Gaming,FPX,Xiaoxu,FPX,1062
70231,LPL 2025 Split 3,2025-08-01,JD Gaming,FPX,XUN,FPX,138
70231,LPL 2025 Split 3,2025-08-01,JD Gaming,FPX,Scout,FPX,265
70231,LPL 2025 Split 3,2025-08-01,JD Gaming,FPX,Peyz,FPX,555
70231,LPL 2025 Split 3,2025-08-01,JD Gaming,FPX,Wink,FPX,165
70227,LPL 2025 Split 3,2025-07-31,WBG,BLG,Breathe,WBG,-592
70227,LPL 2025 Split 3,2025-07-31,WBG,BLG,Tian,WBG,801
70227,LPL 2025 Split 3,2025-07-31,WBG,BLG,xiaohu,WBG,-99
70227,LPL 2025 Split 3,2025-07-31,WBG,BLG,Light,WBG,-335
70227,LPL 2025 Split 3,2025-07-31,WBG,BLG,Crisp,WBG,-247
70227,LPL 2025 Split 3,2025-07-31,WBG,BLG,Bin,BLG,592
70227,LPL 2025 Split 3,2025-07-31,WBG,BLG,Shad0w,BLG,-801
70227,LPL 2025 Split 3,2025-07-31,WBG,BLG,Knight,BLG,99
70227,LPL 2025 Split 3,2025-07-31,WBG,BLG,Elk,BLG,335
70227,LPL 2025 Split 3,2025-07-31,WBG,BLG,ON,BLG,247
70228,LPL 2025 Split 3,2025-07-31,WBG,BLG,Breathe,WBG,780
70228,LPL 2025 Split 3,2025-07-31,WBG,BLG,Tian,WBG,693
70228,LPL 2025 Split 3,2025-07-31,WBG,BLG,xiaohu,WBG,-1153
70228,LPL 2025 Split 3,2025-07-31,WBG,BLG,Light,WBG,-306
70228,LPL 2025 Split 3,2025-07-31,WBG,BLG,Crisp,WBG,-268
70228,LPL 2025 Split 3,2025-07-31,WBG,BLG,Bin,BLG,-780
70228,LPL 2025 Split 3,2025-07-31,WBG,BLG,Shad0w,BLG,-693
70228,LPL 2025 Split 3,2025-07-31,WBG,BLG,Knight,BLG,1153
70228,LPL 2025 Split 3,2025-07-31,WBG,BLG,Elk,BLG,306
70228,LPL 2025 Split 3,2025-07-31,WBG,BLG,ON,BLG,268
70224,LPL 2025 Split 3,2025-07-31,Team WE,Top Esports,369,Team WE,564
70224,LPL 2025 Split 3,2025-07-31,Team WE,Top Esports,Kanavi,Team WE,646
70224,LPL 2025 Split 3,2025-07-31,Team WE,Top Esports,Creme,Team WE,-17
70224,LPL 2025 Split 3,2025-07-31,Team WE,Top Esports,JackeyLove,Team WE,-40
70224,LPL 2025 Split 3,2025-07-31,Team WE,Top Esports,Hang,Team WE,-404
70224,LPL 2025 Split 3,2025-07-31,Team WE,Top Esports,Cube,Top Esports,-564
70224,LPL 2025 Split 3,2025-07-31,Team WE,Top Esports,Monki,Top Esports,-646
70224,LPL 2025 Split 3,2025-07-31,Team WE,Top Esports,Karis,Top Esports,17
70224,LPL 2025 Split 3,2025-07-31,Team WE,Top Esports,Taeyoon,Top Esports,40
70224,LPL 2025 Split 3,2025-07-31,Team WE,Top Esports,Vampire,Top Esports,404
70225,LPL 2025 Split 3,2025-07-31,Team WE,Top Esports,369,Team WE,238
70225,LPL 2025 Split 3,2025-07-31,Team WE,Top Esports,Kanavi,Team WE,-127
70225,LPL 2025 Split 3,2025-07-31,Team WE,Top Esports,Creme,Team WE,100
70225,LPL 2025 Split 3,2025-07-31,Team WE,Top Esports,JackeyLove,Team WE,150
70225,LPL 2025 Split 3,2025-07-31,Team WE,Top Esports,Hang,Team WE,159
70225,LPL 2025 Split 3,2025-07-31,Team WE,Top Esports,Cube,Top Esports,-238
70225,LPL 2025 Split 3,2025-07-31,Team WE,Top Esports,Monki,Top Esports,127
70225,LPL 2025 Split 3,2025-07-31,Team WE,Top Esports,Karis,Top Esports,-100
70225,LPL 2025 Split 3,2025-07-31,Team WE,Top Esports,Taeyoon,Top Esports,-150
70225,LPL 2025 Split 3,2025-07-31,Team WE,Top Esports,Vampire,Top Esports,-159
70226,LPL 2025 Split 3,2025-07-31,Team WE,Top Esports,Cube,Team WE,-597
70226,LPL 2025 Split 3,2025-07-31,Team WE,Top Esports,Monki,Team WE,-759
70226,LPL 2025 Split 3,2025-07-31,Team WE,Top Esports,Karis,Team WE,-244
70226,LPL 2025 Split 3,2025-07-31,Team WE,Top Esports,Taeyoon,Team WE,780
70226,LPL 2025 Split 3,2025-07-31,Team WE,Top Esports,Vampire,Team WE,-379
70226,LPL 2025 Split 3,2025-07-31,Team WE,Top Esports,369,Top Esports,597
70226,LPL 2025 Split 3,2025-07-31,Team WE,Top Esports,Kanavi,Top Esports,759
70226,LPL 2025 Split 3,2025-07-31,Team WE,Top Esports,Creme,Top Esports,244
70226,LPL 2025 Split 3,2025-07-31,Team WE,Top Esports,JackeyLove,Top Esports,-780
70226,LPL 2025 Split 3,2025-07-31,Team WE,Top Esports,Hang,Top Esports,379
70218,LPL 2025 Split 3,2025-07-30,Team WE,AL,Flandre,Team WE,458
70218,LPL 2025 Split 3,2025-07-30,Team WE,AL,Tarzan,Team WE,290
70218,LPL 2025 Split 3,2025-07-30,Team WE,AL,Shanks,Team WE,134
70218,LPL 2025 Split 3,2025-07-30,Team WE,AL,Hope,Team WE,-21
70218,LPL 2025 Split 3,2025-07-30,Team WE,AL,Kael,Team WE,-303
70218,LPL 2025 Split 3,2025-07-30,Team WE,AL,Cube,AL,-458
70218,LPL 2025 Split 3,2025-07-30,Team WE,AL,Monki,AL,-290
70218,LPL 2025 Split 3,2025-07-30,Team WE,AL,Karis,AL,-134
70218,LPL 2025 Split 3,2025-07-30,Team WE,AL,Taeyoon,AL,21
70218,LPL 2025 Split 3,2025-07-30,Team WE,AL,Vampire,AL,303
70219,LPL 2025 Split 3,2025-07-30,Team WE,AL,Cube,Team WE,3
70219,LPL 2025 Split 3,2025-07-30,Team WE,AL,Monki,Team WE,-177
70219,LPL 2025 Split 3,2025-07-30,Team WE,AL,Karis,Team WE,363
70219,LPL 2025 Split 3,2025-07-30,Team WE,AL,Taeyoon,Team WE,206
70219,LPL 2025 Split 3,2025-07-30,Team WE,AL,Vampire,Team WE,403
70219,LPL 2025 Split 3,2025-07-30,Team WE,AL,Flandre,AL,-3
70219,LPL 2025 Split 3,2025-07-30,Team WE,AL,Tarzan,AL,177
70219,LPL 2025 Split 3,2025-07-30,Team WE,AL,Shanks,AL,-363
70219,LPL 2025 Split 3,2025-07-30,Team WE,AL,Hope,AL,-206
70219,LPL 2025 Split 3,2025-07-30,Team WE,AL,Kael,AL,-403
70220,LPL 2025 Split 3,2025-07-30,Team WE,AL,Flandre,Team WE,537
70220,LPL 2025 Split 3,2025-07-30,Team WE,AL,Tarzan,Team WE,-661
70220,LPL 2025 Split 3,2025-07-30,Team WE,AL,Shanks,Team WE,-1111
70220,LPL 2025 Split 3,2025-07-30,Team WE,AL,Hope,Team WE,-501
70220,LPL 2025 Split 3,2025-07-30,Team WE,AL,Kael,Team WE,-457
70220,LPL 2025 Split 3,2025-07-30,Team WE,AL,Cube,AL,-537
70220,LPL 2025 Split 3,2025-07-30,Team WE,AL,Monki,AL,661
70220,LPL 2025 Split 3,2025-07-30,Team WE,AL,Karis,AL,1111
70220,LPL 2025 Split 3,2025-07-30,Team WE,AL,Taeyoon,AL,501
70220,LPL 2025 Split 3,2025-07-30,Team WE,AL,Vampire,AL,457
70215,LPL 2025 Split 3,2025-07-29,IG,FPX,sheer,IG,-1143
70215,LPL 2025 Split 3,2025-07-29,IG,FPX,iyy,IG,-58
70215,LPL 2025 Split 3,2025-07-29,IG,FPX,Care,IG,-30
70215,LPL 2025 Split 3,2025-07-29,IG,FPX,JiaQi,IG,-138
70215,LPL 2025 Split 3,2025-07-29,IG,FPX,Jwei,IG,371
70215,LPL 2025 Split 3,2025-07-29,IG,FPX,TheShy,FPX,1143
70215,LPL 2025 Split 3,2025-07-29,IG,FPX,Wei,FPX,58
70215,LPL 2025 Split 3,2025-07-29,IG,FPX,RooKie,FPX,30
70215,LPL 2025 Split 3,2025-07-29,IG,FPX,GALA,FPX,138
70215,LPL 2025 Split 3,2025-07-29,IG,FPX,meiko,FPX,-371
70216,LPL 2025 Split 3,2025-07-29,IG,FPX,TheShy,IG,75
70216,LPL 2025 Split 3,2025-07-29,IG,FPX,Wei,IG,-455
70216,LPL 2025 Split 3,2025-07-29,IG,FPX,RooKie,IG,1216
70216,LPL 2025 Split 3,2025-07-29,IG,FPX,GALA,IG,-2460
70216,LPL 2025 Split 3,2025-07-29,IG,FPX,meiko,IG,-483
70216,LPL 2025 Split 3,2025-07-29,IG,FPX,sheer,FPX,-75
70216,LPL 2025 Split 3,2025-07-29,IG,FPX,iyy,FPX,455
70216,LPL 2025 Split 3,2025-07-29,IG,FPX,Care,FPX,-1216
70216,LPL 2025 Split 3,2025-07-29,IG,FPX,JiaQi,FPX,2460
70216,LPL 2025 Split 3,2025-07-29,IG,FPX,Jwei,FPX,483
70212,LPL 2025 Split 3,2025-07-29,Ultra Prime,LGD Gaming,1Jiang,Ultra Prime,1182
70212,LPL 2025 Split 3,2025-07-29,Ultra Prime,LGD Gaming,Junhao,Ultra Prime,-158
70212,LPL 2025 Split 3,2025-07-29,Ultra Prime,LGD Gaming,Saber,Ultra Prime,-389
70212,LPL 2025 Split 3,2025-07-29,Ultra Prime,LGD Gaming,Baiye,Ultra Prime,-664
70212,LPL 2025 Split 3,2025-07-29,Ultra Prime,LGD Gaming,Xiaoxia,Ultra Prime,-295
70212,LPL 2025 Split 3,2025-07-29,Ultra Prime,LGD Gaming,sasi,LGD Gaming,-1182
70212,LPL 2025 Split 3,2025-07-29,Ultra Prime,LGD Gaming,Climber,LGD Gaming,158
70212,LPL 2025 Split 3,2025-07-29,Ultra Prime,LGD Gaming,xqw,LGD Gaming,389
70212,LPL 2025 Split 3,2025-07-29,Ultra Prime,LGD Gaming,Sav1or,LGD Gaming,664
70212,LPL 2025 Split 3,2025-07-29,Ultra Prime,LGD Gaming,Ycx,LGD Gaming,295
70213,LPL 2025 Split 3,2025-07-29,Ultra Prime,LGD Gaming,1Jiang,Ultra Prime,632
70213,LPL 2025 Split 3,2025-07-29,Ultra Prime,LGD Gaming,Junhao,Ultra Prime,421
70213,LPL 2025 Split 3,2025-07-29,Ultra Prime,LGD Gaming,Saber,Ultra Prime,116
70213,LPL 2025 Split 3,2025-07-29,Ultra Prime,LGD Gaming,Baiye,Ultra Prime,-99
70213,LPL 2025 Split 3,2025-07-29,Ultra Prime,LGD Gaming,Xiaoxia,Ultra Prime,420
70213,LPL 2025 Split 3,2025-07-29,Ultra Prime,LGD Gaming,sasi,LGD Gaming,-632
70213,LPL 2025 Split 3,2025-07-29,Ultra Prime,LGD Gaming,Climber,LGD Gaming,-421
70213,LPL 2025 Split 3,2025-07-29,Ultra Prime,LGD Gaming,xqw,LGD Gaming,-116
70213,LPL 2025 Split 3,2025-07-29,Ultra Prime,LGD Gaming,Sav1or,LGD Gaming,99
70213,LPL 2025 Split 3,2025-07-29,Ultra Prime,LGD Gaming,Ycx,LGD Gaming,-420
70214,LPL 2025 Split 3,2025-07-29,Ultra Prime,LGD Gaming,sasi,Ultra Prime,-121
70214,LPL 2025 Split 3,2025-07-29,Ultra Prime,LGD Gaming,Climber,Ultra Prime,-83
70214,LPL 2025 Split 3,2025-07-29,Ultra Prime,LGD Gaming,xqw,Ultra Prime,-788
70214,LPL 2025 Split 3,2025-07-29,Ultra Prime,LGD Gaming,Sav1or,Ultra Prime,396
70214,LPL 2025 Split 3,2025-07-29,Ultra Prime,LGD Gaming,Ycx,Ultra Prime,385
70214,LPL 2025 Split 3,2025-07-29,Ultra Prime,LGD Gaming,1Jiang,LGD Gaming,121
70214,LPL 2025 Split 3,2025-07-29,Ultra Prime,LGD Gaming,Junhao,LGD Gaming,83
70214,LPL 2025 Split 3,2025-07-29,Ultra Prime,LGD Gaming,Saber,LGD Gaming,788
70214,LPL 2025 Split 3,2025-07-29,Ultra Prime,LGD Gaming,Baiye,LGD Gaming,-396
70214,LPL 2025 Split 3,2025-07-29,Ultra Prime,LGD Gaming,Xiaoxia,LGD Gaming,-385
70209,LPL 2025 Split 3,2025-07-28,JD Gaming,Top Esports,369,JD Gaming,-639
70209,LPL 2025 Split 3,2025-07-28,JD Gaming,Top Esports,Kanavi,JD Gaming,1795
70209,LPL 2025 Split 3,2025-07-28,JD Gaming,Top Esports,Creme,JD Gaming,1911
70209,LPL 2025 Split 3,2025-07-28,JD Gaming,Top Esports,JackeyLove,JD Gaming,-28
70209,LPL 2025 Split 3,2025-07-28,JD Gaming,Top Esports,Hang,JD Gaming,-237
70209,LPL 2025 Split 3,2025-07-28,JD Gaming,Top Esports,Xiaoxu,Top Esports,639
70209,LPL 2025 Split 3,2025-07-28,JD Gaming,Top Esports,XUN,Top Esports,-1795
70209,LPL 2025 Split 3,2025-07-28,JD Gaming,Top Esports,Scout,Top Esports,-1911
70209,LPL 2025 Split 3,2025-07-28,JD Gaming,Top Esports,Peyz,Top Esports,28
70209,LPL 2025 Split 3,2025-07-28,JD Gaming,Top Esports,Wink,Top Esports,237
70210,LPL 2025 Split 3,2025-07-28,JD Gaming,Top Esports,Xiaoxu,JD Gaming,187
70210,LPL 2025 Split 3,2025-07-28,JD Gaming,Top Esports,XUN,JD Gaming,855
70210,LPL 2025 Split 3,2025-07-28,JD Gaming,Top Esports,Scout,JD Gaming,224
70210,LPL 2025 Split 3,2025-07-28,JD Gaming,Top Esports,Peyz,JD Gaming,165
70210,LPL 2025 Split 3,2025-07-28,JD Gaming,Top Esports,Wink,JD Gaming,-286
70210,LPL 2025 Split 3,2025-07-28,JD Gaming,Top Esports,369,Top Esports,-187
70210,LPL 2025 Split 3,2025-07-28,JD Gaming,Top Esports,Kanavi,Top Esports,-855
70210,LPL 2025 Split 3,2025-07-28,JD Gaming,Top Esports,Creme,Top Esports,-224
70210,LPL 2025 Split 3,2025-07-28,JD Gaming,Top Esports,JackeyLove,Top Esports,-165
70210,LPL 2025 Split 3,2025-07-28,JD Gaming,Top Esports,Hang,Top Esports,286
70206,LPL 2025 Split 3,2025-07-28,LGD Gaming,EDG,sasi,LGD Gaming,-612
70206,LPL 2025 Split 3,2025-07-28,LGD Gaming,EDG,Climber,LGD Gaming,-71
70206,LPL 2025 Split 3,2025-07-28,LGD Gaming,EDG,xqw,LGD Gaming,189
70206,LPL 2025 Split 3,2025-07-28,LGD Gaming,EDG,Sav1or,LGD Gaming,-639
70206,LPL 2025 Split 3,2025-07-28,LGD Gaming,EDG,Ycx,LGD Gaming,-721
70206,LPL 2025 Split 3,2025-07-28,LGD Gaming,EDG,Zdz,EDG,612
70206,LPL 2025 Split 3,2025-07-28,LGD Gaming,EDG,Xiaohao,EDG,71
70206,LPL 2025 Split 3,2025-07-28,LGD Gaming,EDG,Angel,EDG,-189
70206,LPL 2025 Split 3,2025-07-28,LGD Gaming,EDG,Ahn,EDG,639
70206,LPL 2025 Split 3,2025-07-28,LGD Gaming,EDG,Parukia,EDG,721
70207,LPL 2025 Split 3,2025-07-28,LGD Gaming,EDG,sasi,LGD Gaming,-387
70207,LPL 2025 Split 3,2025-07-28,LGD Gaming,EDG,Climber,LGD Gaming,242
70207,LPL 2025 Split 3,2025-07-28,LGD Gaming,EDG,xqw,LGD Gaming,-729
70207,LPL 2025 Split 3,2025-07-28,LGD Gaming,EDG,Sav1or,LGD Gaming,-216
70207,LPL 2025 Split 3,2025-07-28,LGD Gaming,EDG,Ycx,LGD Gaming,180
70207,LPL 2025 Split 3,2025-07-28,LGD Gaming,EDG,Zdz,EDG,387
70207,LPL 2025 Split 3,2025-07-28,LGD Gaming,EDG,Xiaohao,EDG,-242
70207,LPL 2025 Split 3,2025-07-28,LGD Gaming,EDG,Angel,EDG,729
70207,LPL 2025 Split 3,2025-07-28,LGD Gaming,EDG,Ahn,EDG,216
70207,LPL 2025 Split 3,2025-07-28,LGD Gaming,EDG,Parukia,EDG,-180
69789,LPL 2025 Split 3,2025-07-27,WBG,AL,Flandre,WBG,63
69789,LPL 2025 Split 3,2025-07-27,WBG,AL,Tarzan,WBG,990
69789,LPL 2025 Split 3,2025-07-27,WBG,AL,Shanks,WBG,372
69789,LPL 2025 Split 3,2025-07-27,WBG,AL,Hope,WBG,-114
69789,LPL 2025 Split 3,2025-07-27,WBG,AL,Kael,WBG,197
69789,LPL 2025 Split 3,2025-07-27,WBG,AL,Breathe,AL,-63
69789,LPL 2025 Split 3,2025-07-27,WBG,AL,Tian,AL,-990
69789,LPL 2025 Split 3,2025-07-27,WBG,AL,xiaohu,AL,-372
69789,LPL 2025 Split 3,2025-07-27,WBG,AL,Light,AL,114
69789,LPL 2025 Split 3,2025-07-27,WBG,AL,Crisp,AL,-197
69790,LPL 2025 Split 3,2025-07-27,WBG,AL,Breathe,WBG,578
69790,LPL 2025 Split 3,2025-07-27,WBG,AL,Tian,WBG,273
69790,LPL 2025 Split 3,2025-07-27,WBG,AL,xiaohu,WBG,984
69790,LPL 2025 Split 3,2025-07-27,WBG,AL,Light,WBG,195
69790,LPL 2025 Split 3,2025-07-27,WBG,AL,Crisp,WBG,106
69790,LPL 2025 Split 3,2025-07-27,WBG,AL,Flandre,AL,-578
69790,LPL 2025 Split 3,2025-07-27,WBG,AL,Tarzan,AL,-273
69790,LPL 2025 Split 3,2025-07-27,WBG,AL,Shanks,AL,-984
69790,LPL 2025 Split 3,2025-07-27,WBG,AL,Hope,AL,-195
69790,LPL 2025 Split 3,2025-07-27,WBG,AL,Kael,AL,-106
69791,LPL 2025 Split 3,2025-07-27,WBG,AL,Flandre,WBG,-332
69791,LPL 2025 Split 3,2025-07-27,WBG,AL,Tarzan,WBG,-197
69791,LPL 2025 Split 3,2025-07-27,WBG,AL,Shanks,WBG,-115
69791,LPL 2025 Split 3,2025-07-27,WBG,AL,Hope,WBG,363
69791,LPL 2025 Split 3,2025-07-27,WBG,AL,Kael,WBG,-346
69791,LPL 2025 Split 3,2025-07-27,WBG,AL,Breathe,AL,332
69791,LPL 2025 Split 3,2025-07-27,WBG,AL,Tian,AL,197
69791,LPL 2025 Split 3,2025-07-27,WBG,AL,xiaohu,AL,115
69791,LPL 2025 Split 3,2025-07-27,WBG,AL,Light,AL,-363
69791,LPL 2025 Split 3,2025-07-27,WBG,AL,Crisp,AL,346
69786,LPL 2025 Split 3,2025-07-27,BLG,FPX,Bin,BLG,733
69786,LPL 2025 Split 3,2025-07-27,BLG,FPX,Shad0w,BLG,1360
69786,LPL 2025 Split 3,2025-07-27,BLG,FPX,Knight,BLG,829
69786,LPL 2025 Split 3,2025-07-27,BLG,FPX,Elk,BLG,1251
69786,LPL 2025 Split 3,2025-07-27,BLG,FPX,ON,BLG,549
69786,LPL 2025 Split 3,2025-07-27,BLG,FPX,sheer,FPX,-733
69786,LPL 2025 Split 3,2025-07-27,BLG,FPX,iyy,FPX,-1360
69786,LPL 2025 Split 3,2025-07-27,BLG,FPX,Care,FPX,-829
69786,LPL 2025 Split 3,2025-07-27,BLG,FPX,JiaQi,FPX,-1251
69786,LPL 2025 Split 3,2025-07-27,BLG,FPX,Jwei,FPX,-549
69787,LPL 2025 Split 3,2025-07-27,BLG,FPX,sheer,BLG,-1318
69787,LPL 2025 Split 3,2025-07-27,BLG,FPX,iyy,BLG,-78
69787,LPL 2025 Split 3,2025-07-27,BLG,FPX,Care,BLG,323
69787,LPL 2025 Split 3,2025-07-27,BLG,FPX,JiaQi,BLG,-1139
69787,LPL 2025 Split 3,2025-07-27,BLG,FPX,Jwei,BLG,-308
69787,LPL 2025 Split 3,2025-07-27,BLG,FPX,Bin,FPX,1318
69787,LPL 2025 Split 3,2025-07-27,BLG,FPX,Shad0w,FPX,78
69787,LPL 2025 Split 3,2025-07-27,BLG,FPX,Knight,FPX,-323
69787,LPL 2025 Split 3,2025-07-27,BLG,FPX,Elk,FPX,1139
69787,LPL 2025 Split 3,2025-07-27,BLG,FPX,ON,FPX,308
69783,LPL 2025 Split 3,2025-07-26,JD Gaming,Team WE,Xiaoxu,JD Gaming,215
69783,LPL 2025 Split 3,2025-07-26,JD Gaming,Team WE,XUN,JD Gaming,259
69783,LPL 2025 Split 3,2025-07-26,JD Gaming,Team WE,Scout,JD Gaming,861
69783,LPL 2025 Split 3,2025-07-26,JD Gaming,Team WE,Peyz,JD Gaming,1221
69783,LPL 2025 Split 3,2025-07-26,JD Gaming,Team WE,Wink,JD Gaming,381
69783,LPL 2025 Split 3,2025-07-26,JD Gaming,Team WE,Cube,Team WE,-215
69783,LPL 2025 Split 3,2025-07-26,JD Gaming,Team WE,Monki,Team WE,-259
69783,LPL 2025 Split 3,2025-07-26,JD Gaming,Team WE,Karis,Team WE,-861
69783,LPL 2025 Split 3,2025-07-26,JD Gaming,Team WE,Taeyoon,Team WE,-1221
69783,LPL 2025 Split 3,2025-07-26,JD Gaming,Team WE,Vampire,Team WE,-381
69784,LPL 2025 Split 3,2025-07-26,JD Gaming,Team WE,Cube,JD Gaming,-1133
69784,LPL 2025 Split 3,2025-07-26,JD Gaming,Team WE,Monki,JD Gaming,559
69784,LPL 2025 Split 3,2025-07-26,JD Gaming,Team WE,Karis,JD Gaming,793
69784,LPL 2025 Split 3,2025-07-26,JD Gaming,Team WE,Taeyoon,JD Gaming,1368
69784,LPL 2025 Split 3,2025-07-26,JD Gaming,Team WE,Vampire,JD Gaming,704
69784,LPL 2025 Split 3,2025-07-26,JD Gaming,Team WE,Xiaoxu,Team WE,1133
69784,LPL 2025 Split 3,2025-07-26,JD Gaming,Team WE,XUN,Team WE,-559
69784,LPL 2025 Split 3,2025-07-26,JD Gaming,Team WE,Scout,Team WE,-793
69784,LPL 2025 Split 3,2025-07-26,JD Gaming,Team WE,Peyz,Team WE,-1368
69784,LPL 2025 Split 3,2025-07-26,JD Gaming,Team WE,Wink,Team WE,-704
69785,LPL 2025 Split 3,2025-07-26,JD Gaming,Team WE,Xiaoxu,JD Gaming,677
69785,LPL 2025 Split 3,2025-07-26,JD Gaming,Team WE,XUN,JD Gaming,424
69785,LPL 2025 Split 3,2025-07-26,JD Gaming,Team WE,Scout,JD Gaming,-355
69785,LPL 2025 Split 3,2025-07-26,JD Gaming,Team WE,Peyz,JD Gaming,-21
69785,LPL 2025 Split 3,2025-07-26,JD Gaming,Team WE,Wink,JD Gaming,127
69785,LPL 2025 Split 3,2025-07-26,JD Gaming,Team WE,Cube,Team WE,-677
69785,LPL 2025 Split 3,2025-07-26,JD Gaming,Team WE,Monki,Team WE,-424
69785,LPL 2025 Split 3,2025-07-26,JD Gaming,Team WE,Karis,Team WE,355
69785,LPL 2025 Split 3,2025-07-26,JD Gaming,Team WE,Taeyoon,Team WE,21
69785,LPL 2025 Split 3,2025-07-26,JD Gaming,Team WE,Vampire,Team WE,-127
69780,LPL 2025 Split 3,2025-07-26,AL,BLG,Flandre,AL,667
69780,LPL 2025 Split 3,2025-07-26,AL,BLG,Tarzan,AL,-369
69780,LPL 2025 Split 3,2025-07-26,AL,BLG,Shanks,AL,-198
69780,LPL 2025 Split 3,2025-07-26,AL,BLG,Hope,AL,-192
69780,LPL 2025 Split 3,2025-07-26,AL,BLG,Kael,AL,70
69780,LPL 2025 Split 3,2025-07-26,AL,BLG,Bin,BLG,-667
69780,LPL 2025 Split 3,2025-07-26,AL,BLG,Shad0w,BLG,369
69780,LPL 2025 Split 3,2025-07-26,AL,BLG,Knight,BLG,198
69780,LPL 2025 Split 3,2025-07-26,AL,BLG,Elk,BLG,192
69780,LPL 2025 Split 3,2025-07-26,AL,BLG,ON,BLG,-70
69781,LPL 2025 Split 3,2025-07-26,AL,BLG,Bin,AL,73
69781,LPL 2025 Split 3,2025-07-26,AL,BLG,Shad0w,AL,-459
69781,LPL 2025 Split 3,2025-07-26,AL,BLG,Knight,AL,-572
69781,LPL 2025 Split 3,2025-07-26,AL,BLG,Elk,AL,-687
69781,LPL 2025 Split 3,2025-07-26,AL,BLG,ON,AL,-189
69781,LPL 2025 Split 3,2025-07-26,AL,BLG,Flandre,BLG,-73
69781,LPL 2025 Split 3,2025-07-26,AL,BLG,Tarzan,BLG,459
69781,LPL 2025 Split 3,2025-07-26,AL,BLG,Shanks,BLG,572
69781,LPL 2025 Split 3,2025-07-26,AL,BLG,Hope,BLG,687
69781,LPL 2025 Split 3,2025-07-26,AL,BLG,Kael,BLG,189
69782,LPL 2025 Split 3,2025-07-26,AL,BLG,Flandre,AL,-859
69782,LPL 2025 Split 3,2025-07-26,AL,BLG,Tarzan,AL,-231
69782,LPL 2025 Split 3,2025-07-26,AL,BLG,Shanks,AL,-528
69782,LPL 2025 Split 3,2025-07-26,AL,BLG,Hope,AL,-754
69782,LPL 2025 Split 3,2025-07-26,AL,BLG,Kael,AL,-223
69782,LPL 2025 Split 3,2025-07-26,AL,BLG,Bin,BLG,859
69782,LPL 2025 Split 3,2025-07-26,AL,BLG,Shad0w,BLG,231
69782,LPL 2025 Split 3,2025-07-26,AL,BLG,Knight,BLG,528
69782,LPL 2025 Split 3,2025-07-26,AL,BLG,Elk,BLG,754
69782,LPL 2025 Split 3,2025-07-26,AL,BLG,ON,BLG,223
69777,LPL 2025 Split 3,2025-07-26,Ultra Prime,NIP,Solokill,Ultra Prime,-332
69777,LPL 2025 Split 3,2025-07-26,Ultra Prime,NIP,naiyou,Ultra Prime,380
69777,LPL 2025 Split 3,2025-07-26,Ultra Prime,NIP,Doinb,Ultra Prime,157
69777,LPL 2025 Split 3,2025-07-26,Ultra Prime,NIP,Leave,Ultra Prime,1143
69777,LPL 2025 Split 3,2025-07-26,Ultra Prime,NIP,Niket,Ultra Prime,458
69777,LPL 2025 Split 3,2025-07-26,Ultra Prime,NIP,1Jiang,NIP,332
69777,LPL 2025 Split 3,2025-07-26,Ultra Prime,NIP,Junhao,NIP,-380
69777,LPL 2025 Split 3,2025-07-26,Ultra Prime,NIP,Saber,NIP,-157
69777,LPL 2025 Split 3,2025-07-26,Ultra Prime,NIP,Baiye,NIP,-1143
69777,LPL 2025 Split 3,2025-07-26,Ultra Prime,NIP,Xiaoxia,NIP,-458
69778,LPL 2025 Split 3,2025-07-26,Ultra Prime,NIP,1Jiang,Ultra Prime,244
69778,LPL 2025 Split 3,2025-07-26,Ultra Prime,NIP,Junhao,Ultra Prime,-376
69778,LPL 2025 Split 3,2025-07-26,Ultra Prime,NIP,Saber,Ultra Prime,388
69778,LPL 2025 Split 3,2025-07-26,Ultra Prime,NIP,Baiye,Ultra Prime,107
69778,LPL 2025 Split 3,2025-07-26,Ultra Prime,NIP,Xiaoxia,Ultra Prime,-145
69778,LPL 2025 Split 3,2025-07-26,Ultra Prime,NIP,Solokill,NIP,-244
69778,LPL 2025 Split 3,2025-07-26,Ultra Prime,NIP,naiyou,NIP,376
69778,LPL 2025 Split 3,2025-07-26,Ultra Prime,NIP,Doinb,NIP,-388
69778,LPL 2025 Split 3,2025-07-26,Ultra Prime,NIP,Leave,NIP,-107
69778,LPL 2025 Split 3,2025-07-26,Ultra Prime,NIP,Niket,NIP,145
69779,LPL 2025 Split 3,2025-07-26,Ultra Prime,NIP,Solokill,Ultra Prime,-435
69779,LPL 2025 Split 3,2025-07-26,Ultra Prime,NIP,naiyou,Ultra Prime,-594
69779,LPL 2025 Split 3,2025-07-26,Ultra Prime,NIP,Doinb,Ultra Prime,-1076
69779,LPL 2025 Split 3,2025-07-26,Ultra Prime,NIP,Leave,Ultra Prime,-262
69779,LPL 2025 Split 3,2025-07-26,Ultra Prime,NIP,Niket,Ultra Prime,-96
69779,LPL 2025 Split 3,2025-07-26,Ultra Prime,NIP,1Jiang,NIP,435
69779,LPL 2025 Split 3,2025-07-26,Ultra Prime,NIP,Junhao,NIP,594
69779,LPL 2025 Split 3,2025-07-26,Ultra Prime,NIP,Saber,NIP,1076
69779,LPL 2025 Split 3,2025-07-26,Ultra Prime,NIP,Baiye,NIP,262
69779,LPL 2025 Split 3,2025-07-26,Ultra Prime,NIP,Xiaoxia,NIP,96
69774,LPL 2025 Split 3,2025-07-25,LNG Esports,LGD Gaming,sasi,LNG Esports,-1104
69774,LPL 2025 Split 3,2025-07-25,LNG Esports,LGD Gaming,Climber,LNG Esports,-1539
69774,LPL 2025 Split 3,2025-07-25,LNG Esports,LGD Gaming,xqw,LNG Esports,-41
69774,LPL 2025 Split 3,2025-07-25,LNG Esports,LGD Gaming,Sav1or,LNG Esports,36
69774,LPL 2025 Split 3,2025-07-25,LNG Esports,LGD Gaming,Ycx,LNG Esports,-411
69774,LPL 2025 Split 3,2025-07-25,LNG Esports,LGD Gaming,Zika,LGD Gaming,1104
69774,LPL 2025 Split 3,2025-07-25,LNG Esports,LGD Gaming,xiaofang,LGD Gaming,1539
69774,LPL 2025 Split 3,2025-07-25,LNG Esports,LGD Gaming,Haichao,LGD Gaming,41
69774,LPL 2025 Split 3,2025-07-25,LNG Esports,LGD Gaming,LP,LGD Gaming,-36
69774,LPL 2025 Split 3,2025-07-25,LNG Esports,LGD Gaming,Zhuo,LGD Gaming,411
69775,LPL 2025 Split 3,2025-07-25,LNG Esports,LGD Gaming,sasi,LNG Esports,-111
69775,LPL 2025 Split 3,2025-07-25,LNG Esports,LGD Gaming,Climber,LNG Esports,-125
69775,LPL 2025 Split 3,2025-07-25,LNG Esports,LGD Gaming,xqw,LNG Esports,432
69775,LPL 2025 Split 3,2025-07-25,LNG Esports,LGD Gaming,Sav1or,LNG Esports,895
69775,LPL 2025 Split 3,2025-07-25,LNG Esports,LGD Gaming,Ycx,LNG Esports,201
69775,LPL 2025 Split 3,2025-07-25,LNG Esports,LGD Gaming,Zika,LGD Gaming,111
69775,LPL 2025 Split 3,2025-07-25,LNG Esports,LGD Gaming,xiaofang,LGD Gaming,125
69775,LPL 2025 Split 3,2025-07-25,LNG Esports,LGD Gaming,Haichao,LGD Gaming,-432
69775,LPL 2025 Split 3,2025-07-25,LNG Esports,LGD Gaming,LP,LGD Gaming,-895
69775,LPL 2025 Split 3,2025-07-25,LNG Esports,LGD Gaming,Zhuo,LGD Gaming,-201
69776,LPL 2025 Split 3,2025-07-25,LNG Esports,LGD Gaming,Zika,LNG Esports,1108
69776,LPL 2025 Split 3,2025-07-25,LNG Esports,LGD Gaming,xiaofang,LNG Esports,1155
69776,LPL 2025 Split 3,2025-07-25,LNG Esports,LGD Gaming,Haichao,LNG Esports,-316
69776,LPL 2025 Split 3,2025-07-25,LNG Esports,LGD Gaming,LP,LNG Esports,-598
69776,LPL 2025 Split 3,2025-07-25,LNG Esports,LGD Gaming,Zhuo,LNG Esports,67
69776,LPL 2025 Split 3,2025-07-25,LNG Esports,LGD Gaming,sasi,LGD Gaming,-1108
69776,LPL 2025 Split 3,2025-07-25,LNG Esports,LGD Gaming,Climber,LGD Gaming,-1155
69776,LPL 2025 Split 3,2025-07-25,LNG Esports,LGD Gaming,xqw,LGD Gaming,316
69776,LPL 2025 Split 3,2025-07-25,LNG Esports,LGD Gaming,Sav1or,LGD Gaming,598
69776,LPL 2025 Split 3,2025-07-25,LNG Esports,LGD Gaming,Ycx,LGD Gaming,-67
69771,LPL 2025 Split 3,2025-07-25,NIP,EDG,Zdz,NIP,1095
69771,LPL 2025 Split 3,2025-07-25,NIP,EDG,Xiaohao,NIP,-63
69771,LPL 2025 Split 3,2025-07-25,NIP,EDG,Angel,NIP,1571
69771,LPL 2025 Split 3,2025-07-25,NIP,EDG,Ahn,NIP,325
69771,LPL 2025 Split 3,2025-07-25,NIP,EDG,Parukia,NIP,257
69771,LPL 2025 Split 3,2025-07-25,NIP,EDG,Solokill,EDG,-1095
69771,LPL 2025 Split 3,2025-07-25,NIP,EDG,naiyou,EDG,63
69771,LPL 2025 Split 3,2025-07-25,NIP,EDG,Doinb,EDG,-1571
69771,LPL 2025 Split 3,2025-07-25,NIP,EDG,Leave,EDG,-325
69771,LPL 2025 Split 3,2025-07-25,NIP,EDG,Niket,EDG,-257
69772,LPL 2025 Split 3,2025-07-25,NIP,EDG,Solokill,NIP,106
69772,LPL 2025 Split 3,2025-07-25,NIP,EDG,naiyou,NIP,-36
69772,LPL 2025 Split 3,2025-07-25,NIP,EDG,Doinb,NIP,-367
69772,LPL 2025 Split 3,2025-07-25,NIP,EDG,Leave,NIP,263
69772,LPL 2025 Split 3,2025-07-25,NIP,EDG,Niket,NIP,440
69772,LPL 2025 Split 3,2025-07-25,NIP,EDG,Zdz,EDG,-106
69772,LPL 2025 Split 3,2025-07-25,NIP,EDG,Xiaohao,EDG,36
69772,LPL 2025 Split 3,2025-07-25,NIP,EDG,Angel,EDG,367
69772,LPL 2025 Split 3,2025-07-25,NIP,EDG,Ahn,EDG,-263
69772,LPL 2025 Split 3,2025-07-25,NIP,EDG,Parukia,EDG,-440
69768,LPL 2025 Split 3,2025-07-24,LNG Esports,TT,Hoya,LNG Esports,-337
69768,LPL 2025 Split 3,2025-07-24,LNG Esports,TT,AKi,LNG Esports,175
69768,LPL 2025 Split 3,2025-07-24,LNG Esports,TT,SeTab,LNG Esports,-777
69768,LPL 2025 Split 3,2025-07-24,LNG Esports,TT,1xn,LNG Esports,804
69768,LPL 2025 Split 3,2025-07-24,LNG Esports,TT,Feather,LNG Esports,-359
69768,LPL 2025 Split 3,2025-07-24,LNG Esports,TT,Zika,TT,337
69768,LPL 2025 Split 3,2025-07-24,LNG Esports,TT,xiaofang,TT,-175
69768,LPL 2025 Split 3,2025-07-24,LNG Esports,TT,Haichao,TT,777
69768,LPL 2025 Split 3,2025-07-24,LNG Esports,TT,LP,TT,-804
69768,LPL 2025 Split 3,2025-07-24,LNG Esports,TT,Zhuo,TT,359
69769,LPL 2025 Split 3,2025-07-24,LNG Esports,TT,Zika,LNG Esports,117
69769,LPL 2025 Split 3,2025-07-24,LNG Esports,TT,xiaofang,LNG Esports,-674
69769,LPL 2025 Split 3,2025-07-24,LNG Esports,TT,Haichao,LNG Esports,224
69769,LPL 2025 Split 3,2025-07-24,LNG Esports,TT,LP,LNG Esports,-818
69769,LPL 2025 Split 3,2025-07-24,LNG Esports,TT,Zhuo,LNG Esports,-302
69769,LPL 2025 Split 3,2025-07-24,LNG Esports,TT,Hoya,TT,-117
69769,LPL 2025 Split 3,2025-07-24,LNG Esports,TT,AKi,TT,674
69769,LPL 2025 Split 3,2025-07-24,LNG Esports,TT,SeTab,TT,-224
69769,LPL 2025 Split 3,2025-07-24,LNG Esports,TT,1xn,TT,818
69769,LPL 2025 Split 3,2025-07-24,LNG Esports,TT,Feather,TT,302
69765,LPL 2025 Split 3,2025-07-24,JD Gaming,IG,Xiaoxu,JD Gaming,89
69765,LPL 2025 Split 3,2025-07-24,JD Gaming,IG,XUN,JD Gaming,-439
69765,LPL 2025 Split 3,2025-07-24,JD Gaming,IG,Scout,JD Gaming,-169
69765,LPL 2025 Split 3,2025-07-24,JD Gaming,IG,Peyz,JD Gaming,-868
69765,LPL 2025 Split 3,2025-07-24,JD Gaming,IG,Wink,JD Gaming,-495
69765,LPL 2025 Split 3,2025-07-24,JD Gaming,IG,TheShy,IG,-89
69765,LPL 2025 Split 3,2025-07-24,JD Gaming,IG,Wei,IG,439
69765,LPL 2025 Split 3,2025-07-24,JD Gaming,IG,RooKie,IG,169
69765,LPL 2025 Split 3,2025-07-24,JD Gaming,IG,GALA,IG,868
69765,LPL 2025 Split 3,2025-07-24,JD Gaming,IG,meiko,IG,495
69766,LPL 2025 Split 3,2025-07-24,JD Gaming,IG,Xiaoxu,JD Gaming,143
69766,LPL 2025 Split 3,2025-07-24,JD Gaming,IG,XUN,JD Gaming,1003
69766,LPL 2025 Split 3,2025-07-24,JD Gaming,IG,Scout,JD Gaming,-231
69766,LPL 2025 Split 3,2025-07-24,JD Gaming,IG,Peyz,JD Gaming,-51
69766,LPL 2025 Split 3,2025-07-24,JD Gaming,IG,Wink,JD Gaming,268
69766,LPL 2025 Split 3,2025-07-24,JD Gaming,IG,TheShy,IG,-143
69766,LPL 2025 Split 3,2025-07-24,JD Gaming,IG,Wei,IG,-1003
69766,LPL 2025 Split 3,2025-07-24,JD Gaming,IG,RooKie,IG,231
69766,LPL 2025 Split 3,2025-07-24,JD Gaming,IG,GALA,IG,51
69766,LPL 2025 Split 3,2025-07-24,JD Gaming,IG,meiko,IG,-268
69762,LPL 2025 Split 3,2025-07-23,WBG,Team WE,Cube,WBG,1061
69762,LPL 2025 Split 3,2025-07-23,WBG,Team WE,Monki,WBG,867
69762,LPL 2025 Split 3,2025-07-23,WBG,Team WE,Karis,WBG,-15
69762,LPL 2025 Split 3,2025-07-23,WBG,Team WE,Taeyoon,WBG,-817
69762,LPL 2025 Split 3,2025-07-23,WBG,Team WE,Vampire,WBG,196
69762,LPL 2025 Split 3,2025-07-23,WBG,Team WE,Breathe,Team WE,-1061
69762,LPL 2025 Split 3,2025-07-23,WBG,Team WE,Tian,Team WE,-867
69762,LPL 2025 Split 3,2025-07-23,WBG,Team WE,xiaohu,Team WE,15
69762,LPL 2025 Split 3,2025-07-23,WBG,Team WE,Light,Team WE,817
69762,LPL 2025 Split 3,2025-07-23,WBG,Team WE,Crisp,Team WE,-196
69763,LPL 2025 Split 3,2025-07-23,WBG,Team WE,Breathe,WBG,165
69763,LPL 2025 Split 3,2025-07-23,WBG,Team WE,Tian,WBG,-616
69763,LPL 2025 Split 3,2025-07-23,WBG,Team WE,xiaohu,WBG,-567
69763,LPL 2025 Split 3,2025-07-23,WBG,Team WE,Light,WBG,8
69763,LPL 2025 Split 3,2025-07-23,WBG,Team WE,Crisp,WBG,-86
69763,LPL 2025 Split 3,2025-07-23,WBG,Team WE,Cube,Team WE,-165
69763,LPL 2025 Split 3,2025-07-23,WBG,Team WE,Monki,Team WE,616
69763,LPL 2025 Split 3,2025-07-23,WBG,Team WE,Karis,Team WE,567
69763,LPL 2025 Split 3,2025-07-23,WBG,Team WE,Taeyoon,Team WE,-8
69763,LPL 2025 Split 3,2025-07-23,WBG,Team WE,Vampire,Team WE,86
69764,LPL 2025 Split 3,2025-07-23,WBG,Team WE,Cube,WBG,443
69764,LPL 2025 Split 3,2025-07-23,WBG,Team WE,Monki,WBG,346
69764,LPL 2025 Split 3,2025-07-23,WBG,Team WE,Karis,WBG,-668
69764,LPL 2025 Split 3,2025-07-23,WBG,Team WE,Taeyoon,WBG,1082
69764,LPL 2025 Split 3,2025-07-23,WBG,Team WE,Vampire,WBG,294
69764,LPL 2025 Split 3,2025-07-23,WBG,Team WE,Breathe,Team WE,-443
69764,LPL 2025 Split 3,2025-07-23,WBG,Team WE,Tian,Team WE,-346
69764,LPL 2025 Split 3,2025-07-23,WBG,Team WE,xiaohu,Team WE,668
69764,LPL 2025 Split 3,2025-07-23,WBG,Team WE,Light,Team WE,-1082
69764,LPL 2025 Split 3,2025-07-23,WBG,Team WE,Crisp,Team WE,-294
69759,LPL 2025 Split 3,2025-07-23,FPX,Top Esports,sheer,FPX,-287
69759,LPL 2025 Split 3,2025-07-23,FPX,Top Esports,iyy,FPX,88
69759,LPL 2025 Split 3,2025-07-23,FPX,Top Esports,Care,FPX,-344
69759,LPL 2025 Split 3,2025-07-23,FPX,Top Esports,JiaQi,FPX,130
69759,LPL 2025 Split 3,2025-07-23,FPX,Top Esports,Jwei,FPX,-253
69759,LPL 2025 Split 3,2025-07-23,FPX,Top Esports,369,Top Esports,287
69759,LPL 2025 Split 3,2025-07-23,FPX,Top Esports,Kanavi,Top Esports,-88
69759,LPL 2025 Split 3,2025-07-23,FPX,Top Esports,Creme,Top Esports,344
69759,LPL 2025 Split 3,2025-07-23,FPX,Top Esports,JackeyLove,Top Esports,-130
69759,LPL 2025 Split 3,2025-07-23,FPX,Top Esports,Hang,Top Esports,253
69760,LPL 2025 Split 3,2025-07-23,FPX,Top Esports,sheer,FPX,-743
69760,LPL 2025 Split 3,2025-07-23,FPX,Top Esports,iyy,FPX,-484
69760,LPL 2025 Split 3,2025-07-23,FPX,Top Esports,Care,FPX,-2310
69760,LPL 2025 Split 3,2025-07-23,FPX,Top Esports,JiaQi,FPX,-541
69760,LPL 2025 Split 3,2025-07-23,FPX,Top Esports,Jwei,FPX,-145
69760,LPL 2025 Split 3,2025-07-23,FPX,Top Esports,369,Top Esports,743
69760,LPL 2025 Split 3,2025-07-23,FPX,Top Esports,Kanavi,Top Esports,484
69760,LPL 2025 Split 3,2025-07-23,FPX,Top Esports,Creme,Top Esports,2310
69760,LPL 2025 Split 3,2025-07-23,FPX,Top Esports,JackeyLove,Top Esports,541
69760,LPL 2025 Split 3,2025-07-23,FPX,Top Esports,Hang,Top Esports,145
69756,LPL 2025 Split 3,2025-07-22,Team WE,IG,TheShy,Team WE,489
69756,LPL 2025 Split 3,2025-07-22,Team WE,IG,Wei,Team WE,-410
69756,LPL 2025 Split 3,2025-07-22,Team WE,IG,RooKie,Team WE,-26
69756,LPL 2025 Split 3,2025-07-22,Team WE,IG,GALA,Team WE,-158
69756,LPL 2025 Split 3,2025-07-22,Team WE,IG,meiko,Team WE,33
69756,LPL 2025 Split 3,2025-07-22,Team WE,IG,Cube,IG,-489
69756,LPL 2025 Split 3,2025-07-22,Team WE,IG,Monki,IG,410
69756,LPL 2025 Split 3,2025-07-22,Team WE,IG,Karis,IG,26
69756,LPL 2025 Split 3,2025-07-22,Team WE,IG,Taeyoon,IG,158
69756,LPL 2025 Split 3,2025-07-22,Team WE,IG,Vampire,IG,-33
69757,LPL 2025 Split 3,2025-07-22,Team WE,IG,Cube,Team WE,-429
69757,LPL 2025 Split 3,2025-07-22,Team WE,IG,Monki,Team WE,540
69757,LPL 2025 Split 3,2025-07-22,Team WE,IG,Karis,Team WE,-2209
69757,LPL 2025 Split 3,2025-07-22,Team WE,IG,Taeyoon,Team WE,-900
69757,LPL 2025 Split 3,2025-07-22,Team WE,IG,Vampire,Team WE,-741
69757,LPL 2025 Split 3,2025-07-22,Team WE,IG,TheShy,IG,429
69757,LPL 2025 Split 3,2025-07-22,Team WE,IG,Wei,IG,-540
69757,LPL 2025 Split 3,2025-07-22,Team WE,IG,RooKie,IG,2209
69757,LPL 2025 Split 3,2025-07-22,Team WE,IG,GALA,IG,900
69757,LPL 2025 Split 3,2025-07-22,Team WE,IG,meiko,IG,741
69753,LPL 2025 Split 3,2025-07-22,LGD Gaming,NIP,sasi,LGD Gaming,270
69753,LPL 2025 Split 3,2025-07-22,LGD Gaming,NIP,Climber,LGD Gaming,-110
69753,LPL 2025 Split 3,2025-07-22,LGD Gaming,NIP,xqw,LGD Gaming,-823
69753,LPL 2025 Split 3,2025-07-22,LGD Gaming,NIP,Sav1or,LGD Gaming,-1847
69753,LPL 2025 Split 3,2025-07-22,LGD Gaming,NIP,Ycx,LGD Gaming,-310
69753,LPL 2025 Split 3,2025-07-22,LGD Gaming,NIP,Solokill,NIP,-270
69753,LPL 2025 Split 3,2025-07-22,LGD Gaming,NIP,naiyou,NIP,110
69753,LPL 2025 Split 3,2025-07-22,LGD Gaming,NIP,Doinb,NIP,823
69753,LPL 2025 Split 3,2025-07-22,LGD Gaming,NIP,Leave,NIP,1847
69753,LPL 2025 Split 3,2025-07-22,LGD Gaming,NIP,Niket,NIP,310
69754,LPL 2025 Split 3,2025-07-22,LGD Gaming,NIP,sasi,LGD Gaming,901
69754,LPL 2025 Split 3,2025-07-22,LGD Gaming,NIP,Climber,LGD Gaming,255
69754,LPL 2025 Split 3,2025-07-22,LGD Gaming,NIP,xqw,LGD Gaming,-272
69754,LPL 2025 Split 3,2025-07-22,LGD Gaming,NIP,Sav1or,LGD Gaming,-530
69754,LPL 2025 Split 3,2025-07-22,LGD Gaming,NIP,Ycx,LGD Gaming,92
69754,LPL 2025 Split 3,2025-07-22,LGD Gaming,NIP,Solokill,NIP,-901
69754,LPL 2025 Split 3,2025-07-22,LGD Gaming,NIP,naiyou,NIP,-255
69754,LPL 2025 Split 3,2025-07-22,LGD Gaming,NIP,Doinb,NIP,272
69754,LPL 2025 Split 3,2025-07-22,LGD Gaming,NIP,Leave,NIP,530
69754,LPL 2025 Split 3,2025-07-22,LGD Gaming,NIP,Niket,NIP,-92
69755,LPL 2025 Split 3,2025-07-22,LGD Gaming,NIP,Solokill,LGD Gaming,-677
69755,LPL 2025 Split 3,2025-07-22,LGD Gaming,NIP,naiyou,LGD Gaming,1008
69755,LPL 2025 Split 3,2025-07-22,LGD Gaming,NIP,Doinb,LGD Gaming,-428
69755,LPL 2025 Split 3,2025-07-22,LGD Gaming,NIP,Leave,LGD Gaming,930
69755,LPL 2025 Split 3,2025-07-22,LGD Gaming,NIP,Niket,LGD Gaming,446
69755,LPL 2025 Split 3,2025-07-22,LGD Gaming,NIP,sasi,NIP,677
69755,LPL 2025 Split 3,2025-07-22,LGD Gaming,NIP,Climber,NIP,-1008
69755,LPL 2025 Split 3,2025-07-22,LGD Gaming,NIP,xqw,NIP,428
69755,LPL 2025 Split 3,2025-07-22,LGD Gaming,NIP,Sav1or,NIP,-930
69755,LPL 2025 Split 3,2025-07-22,LGD Gaming,NIP,Ycx,NIP,-446
69750,LPL 2025 Split 3,2025-07-21,LNG Esports,NIP,Zika,LNG Esports,1171
69750,LPL 2025 Split 3,2025-07-21,LNG Esports,NIP,xiaofang,LNG Esports,-589
69750,LPL 2025 Split 3,2025-07-21,LNG Esports,NIP,Haichao,LNG Esports,-415
69750,LPL 2025 Split 3,2025-07-21,LNG Esports,NIP,LP,LNG Esports,249
69750,LPL 2025 Split 3,2025-07-21,LNG Esports,NIP,Zhuo,LNG Esports,301
69750,LPL 2025 Split 3,2025-07-21,LNG Esports,NIP,Solokill,NIP,-1171
69750,LPL 2025 Split 3,2025-07-21,LNG Esports,NIP,naiyou,NIP,589
69750,LPL 2025 Split 3,2025-07-21,LNG Esports,NIP,Doinb,NIP,415
69750,LPL 2025 Split 3,2025-07-21,LNG Esports,NIP,Leave,NIP,-249
69750,LPL 2025 Split 3,2025-07-21,LNG Esports,NIP,Niket,NIP,-301
69751,LPL 2025 Split 3,2025-07-21,LNG Esports,NIP,Zika,LNG Esports,363
69751,LPL 2025 Split 3,2025-07-21,LNG Esports,NIP,xiaofang,LNG Esports,-37
69751,LPL 2025 Split 3,2025-07-21,LNG Esports,NIP,Haichao,LNG Esports,-302
69751,LPL 2025 Split 3,2025-07-21,LNG Esports,NIP,LP,LNG Esports,64
69751,LPL 2025 Split 3,2025-07-21,LNG Esports,NIP,Zhuo,LNG Esports,-8
69751,LPL 2025 Split 3,2025-07-21,LNG Esports,NIP,Solokill,NIP,-363
69751,LPL 2025 Split 3,2025-07-21,LNG Esports,NIP,naiyou,NIP,37
69751,LPL 2025 Split 3,2025-07-21,LNG Esports,NIP,Doinb,NIP,302
69751,LPL 2025 Split 3,2025-07-21,LNG Esports,NIP,Leave,NIP,-64
69751,LPL 2025 Split 3,2025-07-21,LNG Esports,NIP,Niket,NIP,8
69747,LPL 2025 Split 3,2025-07-21,Ultra Prime,TT,1Jiang,Ultra Prime,-1061
69747,LPL 2025 Split 3,2025-07-21,Ultra Prime,TT,Junhao,Ultra Prime,-335
69747,LPL 2025 Split 3,2025-07-21,Ultra Prime,TT,Saber,Ultra Prime,-951
69747,LPL 2025 Split 3,2025-07-21,Ultra Prime,TT,Baiye,Ultra Prime,-379
69747,LPL 2025 Split 3,2025-07-21,Ultra Prime,TT,Xiaoxia,Ultra Prime,-337
69747,LPL 2025 Split 3,2025-07-21,Ultra Prime,TT,Hoya,TT,1061
69747,LPL 2025 Split 3,2025-07-21,Ultra Prime,TT,AKi,TT,335
69747,LPL 2025 Split 3,2025-07-21,Ultra Prime,TT,SeTab,TT,951
69747,LPL 2025 Split 3,2025-07-21,Ultra Prime,TT,1xn,TT,379
69747,LPL 2025 Split 3,2025-07-21,Ultra Prime,TT,Feather,TT,337
69748,LPL 2025 Split 3,2025-07-21,Ultra Prime,TT,Hoya,Ultra Prime,-1038
69748,LPL 2025 Split 3,2025-07-21,Ultra Prime,TT,AKi,Ultra Prime,99
69748,LPL 2025 Split 3,2025-07-21,Ultra Prime,TT,SeTab,Ultra Prime,610
69748,LPL 2025 Split 3,2025-07-21,Ultra Prime,TT,1xn,Ultra Prime,395
69748,LPL 2025 Split 3,2025-07-21,Ultra Prime,TT,Feather,Ultra Prime,12
69748,LPL 2025 Split 3,2025-07-21,Ultra Prime,TT,1Jiang,TT,1038
69748,LPL 2025 Split 3,2025-07-21,Ultra Prime,TT,Junhao,TT,-99
69748,LPL 2025 Split 3,2025-07-21,Ultra Prime,TT,Saber,TT,-610
69748,LPL 2025 Split 3,2025-07-21,Ultra Prime,TT,Baiye,TT,-395
69748,LPL 2025 Split 3,2025-07-21,Ultra Prime,TT,Xiaoxia,TT,-12
69749,LPL 2025 Split 3,2025-07-21,Ultra Prime,TT,1Jiang,Ultra Prime,337
69749,LPL 2025 Split 3,2025-07-21,Ultra Prime,TT,Junhao,Ultra Prime,-668
69749,LPL 2025 Split 3,2025-07-21,Ultra Prime,TT,Saber,Ultra Prime,-757
69749,LPL 2025 Split 3,2025-07-21,Ultra Prime,TT,Baiye,Ultra Prime,-1934
69749,LPL 2025 Split 3,2025-07-21,Ultra Prime,TT,Xiaoxia,Ultra Prime,-247
69749,LPL 2025 Split 3,2025-07-21,Ultra Prime,TT,Hoya,TT,-337
69749,LPL 2025 Split 3,2025-07-21,Ultra Prime,TT,AKi,TT,668
69749,LPL 2025 Split 3,2025-07-21,Ultra Prime,TT,SeTab,TT,757
69749,LPL 2025 Split 3,2025-07-21,Ultra Prime,TT,1xn,TT,1934
69749,LPL 2025 Split 3,2025-07-21,Ultra Prime,TT,Feather,TT,247
69734,LPL 2025 Split 3,2025-07-20,WBG,Top Esports,Breathe,WBG,-109
69734,LPL 2025 Split 3,2025-07-20,WBG,Top Esports,Tian,WBG,210
69734,LPL 2025 Split 3,2025-07-20,WBG,Top Esports,xiaohu,WBG,-895
69734,LPL 2025 Split 3,2025-07-20,WBG,Top Esports,Light,WBG,-497
69734,LPL 2025 Split 3,2025-07-20,WBG,Top Esports,Crisp,WBG,163
69734,LPL 2025 Split 3,2025-07-20,WBG,Top Esports,369,Top Esports,109
69734,LPL 2025 Split 3,2025-07-20,WBG,Top Esports,Kanavi,Top Esports,-210
69734,LPL 2025 Split 3,2025-07-20,WBG,Top Esports,Creme,Top Esports,895
69734,LPL 2025 Split 3,2025-07-20,WBG,Top Esports,JackeyLove,Top Esports,497
69734,LPL 2025 Split 3,2025-07-20,WBG,Top Esports,Hang,Top Esports,-163
69735,LPL 2025 Split 3,2025-07-20,WBG,Top Esports,Breathe,WBG,458
69735,LPL 2025 Split 3,2025-07-20,WBG,Top Esports,Tian,WBG,107
69735,LPL 2025 Split 3,2025-07-20,WBG,Top Esports,xiaohu,WBG,-1082
69735,LPL 2025 Split 3,2025-07-20,WBG,Top Esports,Light,WBG,-166
69735,LPL 2025 Split 3,2025-07-20,WBG,Top Esports,Crisp,WBG,-369
69735,LPL 2025 Split 3,2025-07-20,WBG,Top Esports,369,Top Esports,-458
69735,LPL 2025 Split 3,2025-07-20,WBG,Top Esports,Kanavi,Top Esports,-107
69735,LPL 2025 Split 3,2025-07-20,WBG,Top Esports,Creme,Top Esports,1082
69735,LPL 2025 Split 3,2025-07-20,WBG,Top Esports,JackeyLove,Top Esports,166
69735,LPL 2025 Split 3,2025-07-20,WBG,Top Esports,Hang,Top Esports,369
69736,LPL 2025 Split 3,2025-07-20,WBG,Top Esports,369,WBG,-254
69736,LPL 2025 Split 3,2025-07-20,WBG,Top Esports,Kanavi,WBG,-876
69736,LPL 2025 Split 3,2025-07-20,WBG,Top Esports,Creme,WBG,-798
69736,LPL 2025 Split 3,2025-07-20,WBG,Top Esports,JackeyLove,WBG,-679
69736,LPL 2025 Split 3,2025-07-20,WBG,Top Esports,Hang,WBG,135
69736,LPL 2025 Split 3,2025-07-20,WBG,Top Esports,Breathe,Top Esports,254
69736,LPL 2025 Split 3,2025-07-20,WBG,Top Esports,Tian,Top Esports,876
69736,LPL 2025 Split 3,2025-07-20,WBG,Top Esports,xiaohu,Top Esports,798
69736,LPL 2025 Split 3,2025-07-20,WBG,Top Esports,Light,Top Esports,679
69736,LPL 2025 Split 3,2025-07-20,WBG,Top Esports,Crisp,Top Esports,-135
69731,LPL 2025 Split 3,2025-07-20,TT,EDG,Zdz,TT,1104
69731,LPL 2025 Split 3,2025-07-20,TT,EDG,Xiaohao,TT,992
69731,LPL 2025 Split 3,2025-07-20,TT,EDG,Angel,TT,405
69731,LPL 2025 Split 3,2025-07-20,TT,EDG,Ahn,TT,-57
69731,LPL 2025 Split 3,2025-07-20,TT,EDG,Parukia,TT,181
69731,LPL 2025 Split 3,2025-07-20,TT,EDG,Hoya,EDG,-1104
69731,LPL 2025 Split 3,2025-07-20,TT,EDG,AKi,EDG,-992
69731,LPL 2025 Split 3,2025-07-20,TT,EDG,SeTab,EDG,-405
69731,LPL 2025 Split 3,2025-07-20,TT,EDG,1xn,EDG,57
69731,LPL 2025 Split 3,2025-07-20,TT,EDG,Feather,EDG,-181
69732,LPL 2025 Split 3,2025-07-20,TT,EDG,Hoya,TT,3
69732,LPL 2025 Split 3,2025-07-20,TT,EDG,AKi,TT,-865
69732,LPL 2025 Split 3,2025-07-20,TT,EDG,SeTab,TT,-67
69732,LPL 2025 Split 3,2025-07-20,TT,EDG,1xn,TT,-612
69732,LPL 2025 Split 3,2025-07-20,TT,EDG,Feather,TT,-451
69732,LPL 2025 Split 3,2025-07-20,TT,EDG,Zdz,EDG,-3
69732,LPL 2025 Split 3,2025-07-20,TT,EDG,Xiaohao,EDG,865
69732,LPL 2025 Split 3,2025-07-20,TT,EDG,Angel,EDG,67
69732,LPL 2025 Split 3,2025-07-20,TT,EDG,Ahn,EDG,612
69732,LPL 2025 Split 3,2025-07-20,TT,EDG,Parukia,EDG,451
69500,LPL 2025 Split 3,2025-07-19,IG,Top Esports,369,IG,242
69500,LPL 2025 Split 3,2025-07-19,IG,Top Esports,Kanavi,IG,229
69500,LPL 2025 Split 3,2025-07-19,IG,Top Esports,Creme,IG,582
69500,LPL 2025 Split 3,2025-07-19,IG,Top Esports,JackeyLove,IG,731
69500,LPL 2025 Split 3,2025-07-19,IG,Top Esports,Hang,IG,494
69500,LPL 2025 Split 3,2025-07-19,IG,Top Esports,TheShy,Top Esports,-242
69500,LPL 2025 Split 3,2025-07-19,IG,Top Esports,Wei,Top Esports,-229
69500,LPL 2025 Split 3,2025-07-19,IG,Top Esports,RooKie,Top Esports,-582
69500,LPL 2025 Split 3,2025-07-19,IG,Top Esports,GALA,Top Esports,-731
69500,LPL 2025 Split 3,2025-07-19,IG,Top Esports,meiko,Top Esports,-494
69501,LPL 2025 Split 3,2025-07-19,IG,Top Esports,TheShy,IG,1999
69501,LPL 2025 Split 3,2025-07-19,IG,Top Esports,Wei,IG,300
69501,LPL 2025 Split 3,2025-07-19,IG,Top Esports,RooKie,IG,-134
69501,LPL 2025 Split 3,2025-07-19,IG,Top Esports,GALA,IG,187
69501,LPL 2025 Split 3,2025-07-19,IG,Top Esports,meiko,IG,98
69501,LPL 2025 Split 3,2025-07-19,IG,Top Esports,369,Top Esports,-1999
69501,LPL 2025 Split 3,2025-07-19,IG,Top Esports,Kanavi,Top Esports,-300
69501,LPL 2025 Split 3,2025-07-19,IG,Top Esports,Creme,Top Esports,134
69501,LPL 2025 Split 3,2025-07-19,IG,Top Esports,JackeyLove,Top Esports,-187
69501,LPL 2025 Split 3,2025-07-19,IG,Top Esports,Hang,Top Esports,-98
69502,LPL 2025 Split 3,2025-07-19,IG,Top Esports,369,IG,252
69502,LPL 2025 Split 3,2025-07-19,IG,Top Esports,Kanavi,IG,-148
69502,LPL 2025 Split 3,2025-07-19,IG,Top Esports,Creme,IG,36
69502,LPL 2025 Split 3,2025-07-19,IG,Top Esports,JackeyLove,IG,-229
69502,LPL 2025 Split 3,2025-07-19,IG,Top Esports,Hang,IG,393
69502,LPL 2025 Split 3,2025-07-19,IG,Top Esports,TheShy,Top Esports,-252
69502,LPL 2025 Split 3,2025-07-19,IG,Top Esports,Wei,Top Esports,148
69502,LPL 2025 Split 3,2025-07-19,IG,Top Esports,RooKie,Top Esports,-36
69502,LPL 2025 Split 3,2025-07-19,IG,Top Esports,GALA,Top Esports,229
69502,LPL 2025 Split 3,2025-07-19,IG,Top Esports,meiko,Top Esports,-393
69497,LPL 2025 Split 3,2025-07-19,WBG,FPX,Breathe,WBG,364
69497,LPL 2025 Split 3,2025-07-19,WBG,FPX,Tian,WBG,989
69497,LPL 2025 Split 3,2025-07-19,WBG,FPX,xiaohu,WBG,1613
69497,LPL 2025 Split 3,2025-07-19,WBG,FPX,Light,WBG,242
69497,LPL 2025 Split 3,2025-07-19,WBG,FPX,Crisp,WBG,374
69497,LPL 2025 Split 3,2025-07-19,WBG,FPX,sheer,FPX,-364
69497,LPL 2025 Split 3,2025-07-19,WBG,FPX,iyy,FPX,-989
69497,LPL 2025 Split 3,2025-07-19,WBG,FPX,Care,FPX,-1613
69497,LPL 2025 Split 3,2025-07-19,WBG,FPX,JiaQi,FPX,-242
69497,LPL 2025 Split 3,2025-07-19,WBG,FPX,Jwei,FPX,-374
69498,LPL 2025 Split 3,2025-07-19,WBG,FPX,sheer,WBG,234
69498,LPL 2025 Split 3,2025-07-19,WBG,FPX,iyy,WBG,135
69498,LPL 2025 Split 3,2025-07-19,WBG,FPX,Care,WBG,-256
69498,LPL 2025 Split 3,2025-07-19,WBG,FPX,JiaQi,WBG,320
69498,LPL 2025 Split 3,2025-07-19,WBG,FPX,Jwei,WBG,-182
69498,LPL 2025 Split 3,2025-07-19,WBG,FPX,Breathe,FPX,-234
69498,LPL 2025 Split 3,2025-07-19,WBG,FPX,Tian,FPX,-135
69498,LPL 2025 Split 3,2025-07-19,WBG,FPX,xiaohu,FPX,256
69498,LPL 2025 Split 3,2025-07-19,WBG,FPX,Light,FPX,-320
69498,LPL 2025 Split 3,2025-07-19,WBG,FPX,Crisp,FPX,182
69499,LPL 2025 Split 3,2025-07-19,WBG,FPX,Breathe,WBG,-169
69499,LPL 2025 Split 3,2025-07-19,WBG,FPX,Tian,WBG,312
69499,LPL 2025 Split 3,2025-07-19,WBG,FPX,xiaohu,WBG,488
69499,LPL 2025 Split 3,2025-07-19,WBG,FPX,Light,WBG,18
69499,LPL 2025 Split 3,2025-07-19,WBG,FPX,Crisp,WBG,-95
69499,LPL 2025 Split 3,2025-07-19,WBG,FPX,sheer,FPX,169
69499,LPL 2025 Split 3,2025-07-19,WBG,FPX,iyy,FPX,-312
69499,LPL 2025 Split 3,2025-07-19,WBG,FPX,Care,FPX,-488
69499,LPL 2025 Split 3,2025-07-19,WBG,FPX,JiaQi,FPX,-18
69499,LPL 2025 Split 3,2025-07-19,WBG,FPX,Jwei,FPX,95
69494,LPL 2025 Split 3,2025-07-19,Ultra Prime,EDG,Zdz,Ultra Prime,-196
69494,LPL 2025 Split 3,2025-07-19,Ultra Prime,EDG,Xiaohao,Ultra Prime,-81
69494,LPL 2025 Split 3,2025-07-19,Ultra Prime,EDG,Angel,Ultra Prime,64
69494,LPL 2025 Split 3,2025-07-19,Ultra Prime,EDG,Ahn,Ultra Prime,737
69494,LPL 2025 Split 3,2025-07-19,Ultra Prime,EDG,Parukia,Ultra Prime,294
69494,LPL 2025 Split 3,2025-07-19,Ultra Prime,EDG,1Jiang,EDG,196
69494,LPL 2025 Split 3,2025-07-19,Ultra Prime,EDG,Junhao,EDG,81
69494,LPL 2025 Split 3,2025-07-19,Ultra Prime,EDG,Saber,EDG,-64
69494,LPL 2025 Split 3,2025-07-19,Ultra Prime,EDG,Baiye,EDG,-737
69494,LPL 2025 Split 3,2025-07-19,Ultra Prime,EDG,Xiaoxia,EDG,-294
69495,LPL 2025 Split 3,2025-07-19,Ultra Prime,EDG,1Jiang,Ultra Prime,-487
69495,LPL 2025 Split 3,2025-07-19,Ultra Prime,EDG,Junhao,Ultra Prime,-430
69495,LPL 2025 Split 3,2025-07-19,Ultra Prime,EDG,Saber,Ultra Prime,-606
69495,LPL 2025 Split 3,2025-07-19,Ultra Prime,EDG,Baiye,Ultra Prime,-1189
69495,LPL 2025 Split 3,2025-07-19,Ultra Prime,EDG,Xiaoxia,Ultra Prime,-518
69495,LPL 2025 Split 3,2025-07-19,Ultra Prime,EDG,Zdz,EDG,487
69495,LPL 2025 Split 3,2025-07-19,Ultra Prime,EDG,Xiaohao,EDG,430
69495,LPL 2025 Split 3,2025-07-19,Ultra Prime,EDG,Angel,EDG,606
69495,LPL 2025 Split 3,2025-07-19,Ultra Prime,EDG,Ahn,EDG,1189
69495,LPL 2025 Split 3,2025-07-19,Ultra Prime,EDG,Parukia,EDG,518
72521,LPL 2025 Grand Finals,2025-09-21,BLG,Top Esports,Bin,BLG,-15
72521,LPL 2025 Grand Finals,2025-09-21,BLG,Top Esports,Beichuan,BLG,105
72521,LPL 2025 Grand Finals,2025-09-21,BLG,Top Esports,Knight,BLG,-278
72521,LPL 2025 Grand Finals,2025-09-21,BLG,Top Esports,Elk,BLG,-293
72521,LPL 2025 Grand Finals,2025-09-21,BLG,Top Esports,ON,BLG,-94
72521,LPL 2025 Grand Finals,2025-09-21,BLG,Top Esports,369,Top Esports,15
72521,LPL 2025 Grand Finals,2025-09-21,BLG,Top Esports,Kanavi,Top Esports,-105
72521,LPL 2025 Grand Finals,2025-09-21,BLG,Top Esports,Creme,Top Esports,278
72521,LPL 2025 Grand Finals,2025-09-21,BLG,Top Esports,JackeyLove,Top Esports,293
72521,LPL 2025 Grand Finals,2025-09-21,BLG,Top Esports,Hang,Top Esports,94
72522,LPL 2025 Grand Finals,2025-09-21,BLG,Top Esports,Bin,BLG,656
72522,LPL 2025 Grand Finals,2025-09-21,BLG,Top Esports,Shad0w,BLG,555
72522,LPL 2025 Grand Finals,2025-09-21,BLG,Top Esports,Knight,BLG,504
72522,LPL 2025 Grand Finals,2025-09-21,BLG,Top Esports,Elk,BLG,793
72522,LPL 2025 Grand Finals,2025-09-21,BLG,Top Esports,ON,BLG,525
72522,LPL 2025 Grand Finals,2025-09-21,BLG,Top Esports,369,Top Esports,-656
72522,LPL 2025 Grand Finals,2025-09-21,BLG,Top Esports,Kanavi,Top Esports,-555
72522,LPL 2025 Grand Finals,2025-09-21,BLG,Top Esports,Creme,Top Esports,-504
72522,LPL 2025 Grand Finals,2025-09-21,BLG,Top Esports,JackeyLove,Top Esports,-793
72522,LPL 2025 Grand Finals,2025-09-21,BLG,Top Esports,Hang,Top Esports,-525
72523,LPL 2025 Grand Finals,2025-09-21,BLG,Top Esports,369,BLG,579
72523,LPL 2025 Grand Finals,2025-09-21,BLG,Top Esports,Kanavi,BLG,2013
72523,LPL 2025 Grand Finals,2025-09-21,BLG,Top Esports,Creme,BLG,749
72523,LPL 2025 Grand Finals,2025-09-21,BLG,Top Esports,JackeyLove,BLG,492
72523,LPL 2025 Grand Finals,2025-09-21,BLG,Top Esports,Hang,BLG,1103
72523,LPL 2025 Grand Finals,2025-09-21,BLG,Top Esports,Bin,Top Esports,-579
72523,LPL 2025 Grand Finals,2025-09-21,BLG,Top Esports,Shad0w,Top Esports,-2013
72523,LPL 2025 Grand Finals,2025-09-21,BLG,Top Esports,Knight,Top Esports,-749
72523,LPL 2025 Grand Finals,2025-09-21,BLG,Top Esports,Elk,Top Esports,-492
72523,LPL 2025 Grand Finals,2025-09-21,BLG,Top Esports,ON,Top Esports,-1103
72524,LPL 2025 Grand Finals,2025-09-21,BLG,Top Esports,Bin,BLG,881
72524,LPL 2025 Grand Finals,2025-09-21,BLG,Top Esports,Shad0w,BLG,1075
72524,LPL 2025 Grand Finals,2025-09-21,BLG,Top Esports,Knight,BLG,673
72524,LPL 2025 Grand Finals,2025-09-21,BLG,Top Esports,Elk,BLG,2492
72524,LPL 2025 Grand Finals,2025-09-21,BLG,Top Esports,ON,BLG,1617
72524,LPL 2025 Grand Finals,2025-09-21,BLG,Top Esports,369,Top Esports,-881
72524,LPL 2025 Grand Finals,2025-09-21,BLG,Top Esports,Kanavi,Top Esports,-1075
72524,LPL 2025 Grand Finals,2025-09-21,BLG,Top Esports,Creme,Top Esports,-673
72524,LPL 2025 Grand Finals,2025-09-21,BLG,Top Esports,JackeyLove,Top Esports,-2492
72524,LPL 2025 Grand Finals,2025-09-21,BLG,Top Esports,Hang,Top Esports,-1617
72525,LPL 2025 Grand Finals,2025-09-21,BLG,Top Esports,369,BLG,-564
72525,LPL 2025 Grand Finals,2025-09-21,BLG,Top Esports,Kanavi,BLG,-1109
72525,LPL 2025 Grand Finals,2025-09-21,BLG,Top Esports,Creme,BLG,139
72525,LPL 2025 Grand Finals,2025-09-21,BLG,Top Esports,JackeyLove,BLG,-212
72525,LPL 2025 Grand Finals,2025-09-21,BLG,Top Esports,Hang,BLG,405
72525,LPL 2025 Grand Finals,2025-09-21,BLG,Top Esports,Bin,Top Esports,564
72525,LPL 2025 Grand Finals,2025-09-21,BLG,Top Esports,Shad0w,Top Esports,1109
72525,LPL 2025 Grand Finals,2025-09-21,BLG,Top Esports,Knight,Top Esports,-139
72525,LPL 2025 Grand Finals,2025-09-21,BLG,Top Esports,Elk,Top Esports,212
72525,LPL 2025 Grand Finals,2025-09-21,BLG,Top Esports,ON,Top Esports,-405
72496,LPL 2025 Grand Finals,2025-09-20,Top Esports,AL,Flandre,Top Esports,69
72496,LPL 2025 Grand Finals,2025-09-20,Top Esports,AL,Tarzan,Top Esports,-831
72496,LPL 2025 Grand Finals,2025-09-20,Top Esports,AL,Shanks,Top Esports,-766
72496,LPL 2025 Grand Finals,2025-09-20,Top Esports,AL,Hope,Top Esports,-1010
72496,LPL 2025 Grand Finals,2025-09-20,Top Esports,AL,Kael,Top Esports,-340
72496,LPL 2025 Grand Finals,2025-09-20,Top Esports,AL,369,AL,-69
72496,LPL 2025 Grand Finals,2025-09-20,Top Esports,AL,Kanavi,AL,831
72496,LPL 2025 Grand Finals,2025-09-20,Top Esports,AL,Creme,AL,766
72496,LPL 2025 Grand Finals,2025-09-20,Top Esports,AL,JackeyLove,AL,1010
72496,LPL 2025 Grand Finals,2025-09-20,Top Esports,AL,Hang,AL,340
72497,LPL 2025 Grand Finals,2025-09-20,Top Esports,AL,Flandre,Top Esports,-138
72497,LPL 2025 Grand Finals,2025-09-20,Top Esports,AL,Tarzan,Top Esports,-1058
72497,LPL 2025 Grand Finals,2025-09-20,Top Esports,AL,Shanks,Top Esports,-1182
72497,LPL 2025 Grand Finals,2025-09-20,Top Esports,AL,Hope,Top Esports,213
72497,LPL 2025 Grand Finals,2025-09-20,Top Esports,AL,Kael,Top Esports,-320
72497,LPL 2025 Grand Finals,2025-09-20,Top Esports,AL,369,AL,138
72497,LPL 2025 Grand Finals,2025-09-20,Top Esports,AL,Kanavi,AL,1058
72497,LPL 2025 Grand Finals,2025-09-20,Top Esports,AL,Creme,AL,1182
72497,LPL 2025 Grand Finals,2025-09-20,Top Esports,AL,JackeyLove,AL,-213
72497,LPL 2025 Grand Finals,2025-09-20,Top Esports,AL,Hang,AL,320
72498,LPL 2025 Grand Finals,2025-09-20,Top Esports,AL,369,Top Esports,731
72498,LPL 2025 Grand Finals,2025-09-20,Top Esports,AL,Kanavi,Top Esports,-699
72498,LPL 2025 Grand Finals,2025-09-20,Top Esports,AL,Creme,Top Esports,-850
72498,LPL 2025 Grand Finals,2025-09-20,Top Esports,AL,JackeyLove,Top Esports,-789
72498,LPL 2025 Grand Finals,2025-09-20,Top Esports,AL,Hang,Top Esports,-665
72498,LPL 2025 Grand Finals,2025-09-20,Top Esports,AL,Flandre,AL,-731
72498,LPL 2025 Grand Finals,2025-09-20,Top Esports,AL,Tarzan,AL,699
72498,LPL 2025 Grand Finals,2025-09-20,Top Esports,AL,Shanks,AL,850
72498,LPL 2025 Grand Finals,2025-09-20,Top Esports,AL,Hope,AL,789
72498,LPL 2025 Grand Finals,2025-09-20,Top Esports,AL,Kael,AL,665
72499,LPL 2025 Grand Finals,2025-09-20,Top Esports,AL,Flandre,Top Esports,-407
72499,LPL 2025 Grand Finals,2025-09-20,Top Esports,AL,Tarzan,Top Esports,-528
72499,LPL 2025 Grand Finals,2025-09-20,Top Esports,AL,Shanks,Top Esports,-77
72499,LPL 2025 Grand Finals,2025-09-20,Top Esports,AL,Hope,Top Esports,500
72499,LPL 2025 Grand Finals,2025-09-20,Top Esports,AL,Kael,Top Esports,171
72499,LPL 2025 Grand Finals,2025-09-20,Top Esports,AL,369,AL,407
72499,LPL 2025 Grand Finals,2025-09-20,Top Esports,AL,Kanavi,AL,528
72499,LPL 2025 Grand Finals,2025-09-20,Top Esports,AL,Creme,AL,77
72499,LPL 2025 Grand Finals,2025-09-20,Top Esports,AL,JackeyLove,AL,-500
72499,LPL 2025 Grand Finals,2025-09-20,Top Esports,AL,Hang,AL,-171
72466,LPL 2025 Grand Finals,2025-09-16,JD Gaming,AL,Flandre,JD Gaming,213
72466,LPL 2025 Grand Finals,2025-09-16,JD Gaming,AL,Tarzan,JD Gaming,544
72466,LPL 2025 Grand Finals,2025-09-16,JD Gaming,AL,Shanks,JD Gaming,-365
72466,LPL 2025 Grand Finals,2025-09-16,JD Gaming,AL,Hope,JD Gaming,118
72466,LPL 2025 Grand Finals,2025-09-16,JD Gaming,AL,Kael,JD Gaming,161
72466,LPL 2025 Grand Finals,2025-09-16,JD Gaming,AL,Xiaoxu,AL,-213
72466,LPL 2025 Grand Finals,2025-09-16,JD Gaming,AL,XUN,AL,-544
72466,LPL 2025 Grand Finals,2025-09-16,JD Gaming,AL,Scout,AL,365
72466,LPL 2025 Grand Finals,2025-09-16,JD Gaming,AL,Peyz,AL,-118
72466,LPL 2025 Grand Finals,2025-09-16,JD Gaming,AL,Zhuo,AL,-161
72467,LPL 2025 Grand Finals,2025-09-16,JD Gaming,AL,Xiaoxu,JD Gaming,512
72467,LPL 2025 Grand Finals,2025-09-16,JD Gaming,AL,XUN,JD Gaming,-361
72467,LPL 2025 Grand Finals,2025-09-16,JD Gaming,AL,Scout,JD Gaming,-214
72467,LPL 2025 Grand Finals,2025-09-16,JD Gaming,AL,Peyz,JD Gaming,-166
72467,LPL 2025 Grand Finals,2025-09-16,JD Gaming,AL,Zhuo,JD Gaming,-495
72467,LPL 2025 Grand Finals,2025-09-16,JD Gaming,AL,Flandre,AL,-512
72467,LPL 2025 Grand Finals,2025-09-16,JD Gaming,AL,Tarzan,AL,361
72467,LPL 2025 Grand Finals,2025-09-16,JD Gaming,AL,Shanks,AL,214
72467,LPL 2025 Grand Finals,2025-09-16,JD Gaming,AL,Hope,AL,166
72467,LPL 2025 Grand Finals,2025-09-16,JD Gaming,AL,Kael,AL,495
72468,LPL 2025 Grand Finals,2025-09-16,JD Gaming,AL,Xiaoxu,JD Gaming,643
72468,LPL 2025 Grand Finals,2025-09-16,JD Gaming,AL,XUN,JD Gaming,405
72468,LPL 2025 Grand Finals,2025-09-16,JD Gaming,AL,Scout,JD Gaming,-410
72468,LPL 2025 Grand Finals,2025-09-16,JD Gaming,AL,Peyz,JD Gaming,15
72468,LPL 2025 Grand Finals,2025-09-16,JD Gaming,AL,Zhuo,JD Gaming,302
72468,LPL 2025 Grand Finals,2025-09-16,JD Gaming,AL,Flandre,AL,-643
72468,LPL 2025 Grand Finals,2025-09-16,JD Gaming,AL,Tarzan,AL,-405
72468,LPL 2025 Grand Finals,2025-09-16,JD Gaming,AL,Shanks,AL,410
72468,LPL 2025 Grand Finals,2025-09-16,JD Gaming,AL,Hope,AL,-15
72468,LPL 2025 Grand Finals,2025-09-16,JD Gaming,AL,Kael,AL,-302
72471,LPL 2025 Grand Finals,2025-09-15,Top Esports,BLG,369,Top Esports,73
72471,LPL 2025 Grand Finals,2025-09-15,Top Esports,BLG,Kanavi,Top Esports,226
72471,LPL 2025 Grand Finals,2025-09-15,Top Esports,BLG,Creme,Top Esports,91
72471,LPL 2025 Grand Finals,2025-09-15,Top Esports,BLG,JackeyLove,Top Esports,-333
72471,LPL 2025 Grand Finals,2025-09-15,Top Esports,BLG,Hang,Top Esports,279
72471,LPL 2025 Grand Finals,2025-09-15,Top Esports,BLG,Bin,BLG,-73
72471,LPL 2025 Grand Finals,2025-09-15,Top Esports,BLG,Beichuan,BLG,-226
72471,LPL 2025 Grand Finals,2025-09-15,Top Esports,BLG,Knight,BLG,-91
72471,LPL 2025 Grand Finals,2025-09-15,Top Esports,BLG,Elk,BLG,333
72471,LPL 2025 Grand Finals,2025-09-15,Top Esports,BLG,ON,BLG,-279
72472,LPL 2025 Grand Finals,2025-09-15,Top Esports,BLG,369,Top Esports,-475
72472,LPL 2025 Grand Finals,2025-09-15,Top Esports,BLG,Kanavi,Top Esports,587
72472,LPL 2025 Grand Finals,2025-09-15,Top Esports,BLG,Creme,Top Esports,1175
72472,LPL 2025 Grand Finals,2025-09-15,Top Esports,BLG,JackeyLove,Top Esports,-354
72472,LPL 2025 Grand Finals,2025-09-15,Top Esports,BLG,Hang,Top Esports,375
72472,LPL 2025 Grand Finals,2025-09-15,Top Esports,BLG,Bin,BLG,475
72472,LPL 2025 Grand Finals,2025-09-15,Top Esports,BLG,Beichuan,BLG,-587
72472,LPL 2025 Grand Finals,2025-09-15,Top Esports,BLG,Knight,BLG,-1175
72472,LPL 2025 Grand Finals,2025-09-15,Top Esports,BLG,Elk,BLG,354
72472,LPL 2025 Grand Finals,2025-09-15,Top Esports,BLG,ON,BLG,-375
72473,LPL 2025 Grand Finals,2025-09-15,Top Esports,BLG,Bin,Top Esports,151
72473,LPL 2025 Grand Finals,2025-09-15,Top Esports,BLG,Beichuan,Top Esports,-1875
72473,LPL 2025 Grand Finals,2025-09-15,Top Esports,BLG,Knight,Top Esports,-95
72473,LPL 2025 Grand Finals,2025-09-15,Top Esports,BLG,Elk,Top Esports,-832
72473,LPL 2025 Grand Finals,2025-09-15,Top Esports,BLG,ON,Top Esports,-241
72473,LPL 2025 Grand Finals,2025-09-15,Top Esports,BLG,369,BLG,-151
72473,LPL 2025 Grand Finals,2025-09-15,Top Esports,BLG,Kanavi,BLG,1875
72473,LPL 2025 Grand Finals,2025-09-15,Top Esports,BLG,Creme,BLG,95
72473,LPL 2025 Grand Finals,2025-09-15,Top Esports,BLG,JackeyLove,BLG,832
72473,LPL 2025 Grand Finals,2025-09-15,Top Esports,BLG,Hang,BLG,241
72474,LPL 2025 Grand Finals,2025-09-15,Top Esports,BLG,Bin,Top Esports,121
72474,LPL 2025 Grand Finals,2025-09-15,Top Esports,BLG,Shad0w,Top Esports,-982
72474,LPL 2025 Grand Finals,2025-09-15,Top Esports,BLG,Knight,Top Esports,6
72474,LPL 2025 Grand Finals,2025-09-15,Top Esports,BLG,Elk,Top Esports,-80
72474,LPL 2025 Grand Finals,2025-09-15,Top Esports,BLG,ON,Top Esports,-471
72474,LPL 2025 Grand Finals,2025-09-15,Top Esports,BLG,369,BLG,-121
72474,LPL 2025 Grand Finals,2025-09-15,Top Esports,BLG,Kanavi,BLG,982
72474,LPL 2025 Grand Finals,2025-09-15,Top Esports,BLG,Creme,BLG,-6
72474,LPL 2025 Grand Finals,2025-09-15,Top Esports,BLG,JackeyLove,BLG,80
72474,LPL 2025 Grand Finals,2025-09-15,Top Esports,BLG,Hang,BLG,471
72475,LPL 2025 Grand Finals,2025-09-15,Top Esports,BLG,369,Top Esports,38
72475,LPL 2025 Grand Finals,2025-09-15,Top Esports,BLG,Kanavi,Top Esports,-122
72475,LPL 2025 Grand Finals,2025-09-15,Top Esports,BLG,Creme,Top Esports,271
72475,LPL 2025 Grand Finals,2025-09-15,Top Esports,BLG,JackeyLove,Top Esports,-239
72475,LPL 2025 Grand Finals,2025-09-15,Top Esports,BLG,Hang,Top Esports,-200
72475,LPL 2025 Grand Finals,2025-09-15,Top Esports,BLG,Bin,BLG,-38
72475,LPL 2025 Grand Finals,2025-09-15,Top Esports,BLG,Shad0w,BLG,122
72475,LPL 2025 Grand Finals,2025-09-15,Top Esports,BLG,Knight,BLG,-271
72475,LPL 2025 Grand Finals,2025-09-15,Top Esports,BLG,Elk,BLG,239
72475,LPL 2025 Grand Finals,2025-09-15,Top Esports,BLG,ON,BLG,200
72441,LPL 2025 Grand Finals,2025-09-14,IG,AL,TheShy,IG,-246
72441,LPL 2025 Grand Finals,2025-09-14,IG,AL,Wei,IG,-2493
72441,LPL 2025 Grand Finals,2025-09-14,IG,AL,RooKie,IG,-851
72441,LPL 2025 Grand Finals,2025-09-14,IG,AL,GALA,IG,-1222
72441,LPL 2025 Grand Finals,2025-09-14,IG,AL,meiko,IG,-305
72441,LPL 2025 Grand Finals,2025-09-14,IG,AL,Flandre,AL,246
72441,LPL 2025 Grand Finals,2025-09-14,IG,AL,Tarzan,AL,2493
72441,LPL 2025 Grand Finals,2025-09-14,IG,AL,Shanks,AL,851
72441,LPL 2025 Grand Finals,2025-09-14,IG,AL,Hope,AL,1222
72441,LPL 2025 Grand Finals,2025-09-14,IG,AL,Kael,AL,305
72442,LPL 2025 Grand Finals,2025-09-14,IG,AL,TheShy,IG,-636
72442,LPL 2025 Grand Finals,2025-09-14,IG,AL,Wei,IG,-651
72442,LPL 2025 Grand Finals,2025-09-14,IG,AL,RooKie,IG,-452
72442,LPL 2025 Grand Finals,2025-09-14,IG,AL,GALA,IG,-1578
72442,LPL 2025 Grand Finals,2025-09-14,IG,AL,meiko,IG,-714
72442,LPL 2025 Grand Finals,2025-09-14,IG,AL,Flandre,AL,636
72442,LPL 2025 Grand Finals,2025-09-14,IG,AL,Tarzan,AL,651
72442,LPL 2025 Grand Finals,2025-09-14,IG,AL,Shanks,AL,452
72442,LPL 2025 Grand Finals,2025-09-14,IG,AL,Hope,AL,1578
72442,LPL 2025 Grand Finals,2025-09-14,IG,AL,Kael,AL,714
72443,LPL 2025 Grand Finals,2025-09-14,IG,AL,TheShy,IG,-1188
72443,LPL 2025 Grand Finals,2025-09-14,IG,AL,Wei,IG,-855
72443,LPL 2025 Grand Finals,2025-09-14,IG,AL,RooKie,IG,-503
72443,LPL 2025 Grand Finals,2025-09-14,IG,AL,GALA,IG,-598
72443,LPL 2025 Grand Finals,2025-09-14,IG,AL,meiko,IG,64
72443,LPL 2025 Grand Finals,2025-09-14,IG,AL,Flandre,AL,1188
72443,LPL 2025 Grand Finals,2025-09-14,IG,AL,Tarzan,AL,855
72443,LPL 2025 Grand Finals,2025-09-14,IG,AL,Shanks,AL,503
72443,LPL 2025 Grand Finals,2025-09-14,IG,AL,Hope,AL,598
72443,LPL 2025 Grand Finals,2025-09-14,IG,AL,Kael,AL,-64
72436,LPL 2025 Grand Finals,2025-09-13,WBG,JD Gaming,Xiaoxu,WBG,-445
72436,LPL 2025 Grand Finals,2025-09-13,WBG,JD Gaming,XUN,WBG,-142
72436,LPL 2025 Grand Finals,2025-09-13,WBG,JD Gaming,Scout,WBG,41
72436,LPL 2025 Grand Finals,2025-09-13,WBG,JD Gaming,Peyz,WBG,113
72436,LPL 2025 Grand Finals,2025-09-13,WBG,JD Gaming,Zhuo,WBG,322
72436,LPL 2025 Grand Finals,2025-09-13,WBG,JD Gaming,Breathe,JD Gaming,445
72436,LPL 2025 Grand Finals,2025-09-13,WBG,JD Gaming,Tian,JD Gaming,142
72436,LPL 2025 Grand Finals,2025-09-13,WBG,JD Gaming,xiaohu,JD Gaming,-41
72436,LPL 2025 Grand Finals,2025-09-13,WBG,JD Gaming,Light,JD Gaming,-113
72436,LPL 2025 Grand Finals,2025-09-13,WBG,JD Gaming,Crisp,JD Gaming,-322
72437,LPL 2025 Grand Finals,2025-09-13,WBG,JD Gaming,Breathe,WBG,-909
72437,LPL 2025 Grand Finals,2025-09-13,WBG,JD Gaming,Tian,WBG,-1243
72437,LPL 2025 Grand Finals,2025-09-13,WBG,JD Gaming,xiaohu,WBG,221
72437,LPL 2025 Grand Finals,2025-09-13,WBG,JD Gaming,Light,WBG,-406
72437,LPL 2025 Grand Finals,2025-09-13,WBG,JD Gaming,Crisp,WBG,-162
72437,LPL 2025 Grand Finals,2025-09-13,WBG,JD Gaming,Xiaoxu,JD Gaming,909
72437,LPL 2025 Grand Finals,2025-09-13,WBG,JD Gaming,XUN,JD Gaming,1243
72437,LPL 2025 Grand Finals,2025-09-13,WBG,JD Gaming,Scout,JD Gaming,-221
72437,LPL 2025 Grand Finals,2025-09-13,WBG,JD Gaming,Peyz,JD Gaming,406
72437,LPL 2025 Grand Finals,2025-09-13,WBG,JD Gaming,Zhuo,JD Gaming,162
72438,LPL 2025 Grand Finals,2025-09-13,WBG,JD Gaming,Breathe,WBG,-137
72438,LPL 2025 Grand Finals,2025-09-13,WBG,JD Gaming,Tian,WBG,198
72438,LPL 2025 Grand Finals,2025-09-13,WBG,JD Gaming,xiaohu,WBG,981
72438,LPL 2025 Grand Finals,2025-09-13,WBG,JD Gaming,Light,WBG,110
72438,LPL 2025 Grand Finals,2025-09-13,WBG,JD Gaming,Crisp,WBG,-83
72438,LPL 2025 Grand Finals,2025-09-13,WBG,JD Gaming,Xiaoxu,JD Gaming,137
72438,LPL 2025 Grand Finals,2025-09-13,WBG,JD Gaming,XUN,JD Gaming,-198
72438,LPL 2025 Grand Finals,2025-09-13,WBG,JD Gaming,Scout,JD Gaming,-981
72438,LPL 2025 Grand Finals,2025-09-13,WBG,JD Gaming,Peyz,JD Gaming,-110
72438,LPL 2025 Grand Finals,2025-09-13,WBG,JD Gaming,Zhuo,JD Gaming,83
72439,LPL 2025 Grand Finals,2025-09-13,WBG,JD Gaming,Xiaoxu,WBG,-269
72439,LPL 2025 Grand Finals,2025-09-13,WBG,JD Gaming,XUN,WBG,505
72439,LPL 2025 Grand Finals,2025-09-13,WBG,JD Gaming,Scout,WBG,605
72439,LPL 2025 Grand Finals,2025-09-13,WBG,JD Gaming,Peyz,WBG,846
72439,LPL 2025 Grand Finals,2025-09-13,WBG,JD Gaming,Zhuo,WBG,-185
72439,LPL 2025 Grand Finals,2025-09-13,WBG,JD Gaming,Breathe,JD Gaming,269
72439,LPL 2025 Grand Finals,2025-09-13,WBG,JD Gaming,Tian,JD Gaming,-505
72439,LPL 2025 Grand Finals,2025-09-13,WBG,JD Gaming,xiaohu,JD Gaming,-605
72439,LPL 2025 Grand Finals,2025-09-13,WBG,JD Gaming,Light,JD Gaming,-846
72439,LPL 2025 Grand Finals,2025-09-13,WBG,JD Gaming,Crisp,JD Gaming,185
72327,LPL 2025 Grand Finals,2025-09-12,NIP,AL,Solokill,NIP,-653
72327,LPL 2025 Grand Finals,2025-09-12,NIP,AL,naiyou,NIP,-516
72327,LPL 2025 Grand Finals,2025-09-12,NIP,AL,Doinb,NIP,-483
72327,LPL 2025 Grand Finals,2025-09-12,NIP,AL,Leave,NIP,852
72327,LPL 2025 Grand Finals,2025-09-12,NIP,AL,Niket,NIP,317
72327,LPL 2025 Grand Finals,2025-09-12,NIP,AL,Flandre,AL,653
72327,LPL 2025 Grand Finals,2025-09-12,NIP,AL,Tarzan,AL,516
72327,LPL 2025 Grand Finals,2025-09-12,NIP,AL,Shanks,AL,483
72327,LPL 2025 Grand Finals,2025-09-12,NIP,AL,Hope,AL,-852
72327,LPL 2025 Grand Finals,2025-09-12,NIP,AL,Kael,AL,-317
72328,LPL 2025 Grand Finals,2025-09-12,NIP,AL,Flandre,NIP,-633
72328,LPL 2025 Grand Finals,2025-09-12,NIP,AL,Tarzan,NIP,719
72328,LPL 2025 Grand Finals,2025-09-12,NIP,AL,Shanks,NIP,392
72328,LPL 2025 Grand Finals,2025-09-12,NIP,AL,Hope,NIP,-815
72328,LPL 2025 Grand Finals,2025-09-12,NIP,AL,Kael,NIP,-330
72328,LPL 2025 Grand Finals,2025-09-12,NIP,AL,Solokill,AL,633
72328,LPL 2025 Grand Finals,2025-09-12,NIP,AL,naiyou,AL,-719
72328,LPL 2025 Grand Finals,2025-09-12,NIP,AL,Doinb,AL,-392
72328,LPL 2025 Grand Finals,2025-09-12,NIP,AL,Leave,AL,815
72328,LPL 2025 Grand Finals,2025-09-12,NIP,AL,Niket,AL,330
72329,LPL 2025 Grand Finals,2025-09-12,NIP,AL,Solokill,NIP,-971
72329,LPL 2025 Grand Finals,2025-09-12,NIP,AL,naiyou,NIP,1959
72329,LPL 2025 Grand Finals,2025-09-12,NIP,AL,Doinb,NIP,96
72329,LPL 2025 Grand Finals,2025-09-12,NIP,AL,Leave,NIP,1129
72329,LPL 2025 Grand Finals,2025-09-12,NIP,AL,Niket,NIP,546
72329,LPL 2025 Grand Finals,2025-09-12,NIP,AL,Flandre,AL,971
72329,LPL 2025 Grand Finals,2025-09-12,NIP,AL,Tarzan,AL,-1959
72329,LPL 2025 Grand Finals,2025-09-12,NIP,AL,Shanks,AL,-96
72329,LPL 2025 Grand Finals,2025-09-12,NIP,AL,Hope,AL,-1129
72329,LPL 2025 Grand Finals,2025-09-12,NIP,AL,Kael,AL,-546
72330,LPL 2025 Grand Finals,2025-09-12,NIP,AL,Solokill,NIP,-544
72330,LPL 2025 Grand Finals,2025-09-12,NIP,AL,naiyou,NIP,-1065
72330,LPL 2025 Grand Finals,2025-09-12,NIP,AL,Doinb,NIP,-684
72330,LPL 2025 Grand Finals,2025-09-12,NIP,AL,Leave,NIP,-734
72330,LPL 2025 Grand Finals,2025-09-12,NIP,AL,Niket,NIP,-607
72330,LPL 2025 Grand Finals,2025-09-12,NIP,AL,Flandre,AL,544
72330,LPL 2025 Grand Finals,2025-09-12,NIP,AL,Tarzan,AL,1065
72330,LPL 2025 Grand Finals,2025-09-12,NIP,AL,Shanks,AL,684
72330,LPL 2025 Grand Finals,2025-09-12,NIP,AL,Hope,AL,734
72330,LPL 2025 Grand Finals,2025-09-12,NIP,AL,Kael,AL,607
72322,LPL 2025 Grand Finals,2025-09-11,EDG,JD Gaming,Zdz,EDG,-875
72322,LPL 2025 Grand Finals,2025-09-11,EDG,JD Gaming,Xiaohao,EDG,-941
72322,LPL 2025 Grand Finals,2025-09-11,EDG,JD Gaming,Angel,EDG,-659
72322,LPL 2025 Grand Finals,2025-09-11,EDG,JD Gaming,Ahn,EDG,-1459
72322,LPL 2025 Grand Finals,2025-09-11,EDG,JD Gaming,Parukia,EDG,-190
72322,LPL 2025 Grand Finals,2025-09-11,EDG,JD Gaming,Xiaoxu,JD Gaming,875
72322,LPL 2025 Grand Finals,2025-09-11,EDG,JD Gaming,XUN,JD Gaming,941
72322,LPL 2025 Grand Finals,2025-09-11,EDG,JD Gaming,Scout,JD Gaming,659
72322,LPL 2025 Grand Finals,2025-09-11,EDG,JD Gaming,Peyz,JD Gaming,1459
72322,LPL 2025 Grand Finals,2025-09-11,EDG,JD Gaming,Zhuo,JD Gaming,190
72323,LPL 2025 Grand Finals,2025-09-11,EDG,JD Gaming,Xiaoxu,EDG,-913
72323,LPL 2025 Grand Finals,2025-09-11,EDG,JD Gaming,XUN,EDG,-337
72323,LPL 2025 Grand Finals,2025-09-11,EDG,JD Gaming,Scout,EDG,-61
72323,LPL 2025 Grand Finals,2025-09-11,EDG,JD Gaming,Peyz,EDG,-677
72323,LPL 2025 Grand Finals,2025-09-11,EDG,JD Gaming,Zhuo,EDG,-349
72323,LPL 2025 Grand Finals,2025-09-11,EDG,JD Gaming,Zdz,JD Gaming,913
72323,LPL 2025 Grand Finals,2025-09-11,EDG,JD Gaming,Xiaohao,JD Gaming,337
72323,LPL 2025 Grand Finals,2025-09-11,EDG,JD Gaming,Angel,JD Gaming,61
72323,LPL 2025 Grand Finals,2025-09-11,EDG,JD Gaming,Ahn,JD Gaming,677
72323,LPL 2025 Grand Finals,2025-09-11,EDG,JD Gaming,Parukia,JD Gaming,349
72324,LPL 2025 Grand Finals,2025-09-11,EDG,JD Gaming,Zdz,EDG,1160
72324,LPL 2025 Grand Finals,2025-09-11,EDG,JD Gaming,Xiaohao,EDG,320
72324,LPL 2025 Grand Finals,2025-09-11,EDG,JD Gaming,Angel,EDG,750
72324,LPL 2025 Grand Finals,2025-09-11,EDG,JD Gaming,Ahn,EDG,-491
72324,LPL 2025 Grand Finals,2025-09-11,EDG,JD Gaming,Parukia,EDG,249
72324,LPL 2025 Grand Finals,2025-09-11,EDG,JD Gaming,Xiaoxu,JD Gaming,-1160
72324,LPL 2025 Grand Finals,2025-09-11,EDG,JD Gaming,XUN,JD Gaming,-320
72324,LPL 2025 Grand Finals,2025-09-11,EDG,JD Gaming,Scout,JD Gaming,-750
72324,LPL 2025 Grand Finals,2025-09-11,EDG,JD Gaming,Peyz,JD Gaming,491
72324,LPL 2025 Grand Finals,2025-09-11,EDG,JD Gaming,Zhuo,JD Gaming,-249
72325,LPL 2025 Grand Finals,2025-09-11,EDG,JD Gaming,Xiaoxu,EDG,-111
72325,LPL 2025 Grand Finals,2025-09-11,EDG,JD Gaming,XUN,EDG,220
72325,LPL 2025 Grand Finals,2025-09-11,EDG,JD Gaming,Scout,EDG,-370
72325,LPL 2025 Grand Finals,2025-09-11,EDG,JD Gaming,Peyz,EDG,1470
72325,LPL 2025 Grand Finals,2025-09-11,EDG,JD Gaming,Zhuo,EDG,762
72325,LPL 2025 Grand Finals,2025-09-11,EDG,JD Gaming,Zdz,JD Gaming,111
72325,LPL 2025 Grand Finals,2025-09-11,EDG,JD Gaming,Xiaohao,JD Gaming,-220
72325,LPL 2025 Grand Finals,2025-09-11,EDG,JD Gaming,Angel,JD Gaming,370
72325,LPL 2025 Grand Finals,2025-09-11,EDG,JD Gaming,Ahn,JD Gaming,-1470
72325,LPL 2025 Grand Finals,2025-09-11,EDG,JD Gaming,Parukia,JD Gaming,-762
72326,LPL 2025 Grand Finals,2025-09-11,EDG,JD Gaming,Zdz,EDG,276
72326,LPL 2025 Grand Finals,2025-09-11,EDG,JD Gaming,Xiaohao,EDG,-124
72326,LPL 2025 Grand Finals,2025-09-11,EDG,JD Gaming,Angel,EDG,6
72326,LPL 2025 Grand Finals,2025-09-11,EDG,JD Gaming,Ahn,EDG,134
72326,LPL 2025 Grand Finals,2025-09-11,EDG,JD Gaming,Parukia,EDG,257
72326,LPL 2025 Grand Finals,2025-09-11,EDG,JD Gaming,Xiaoxu,JD Gaming,-276
72326,LPL 2025 Grand Finals,2025-09-11,EDG,JD Gaming,XUN,JD Gaming,124
72326,LPL 2025 Grand Finals,2025-09-11,EDG,JD Gaming,Scout,JD Gaming,-6
72326,LPL 2025 Grand Finals,2025-09-11,EDG,JD Gaming,Peyz,JD Gaming,-134
72326,LPL 2025 Grand Finals,2025-09-11,EDG,JD Gaming,Zhuo,JD Gaming,-257
72337,LPL 2025 Grand Finals,2025-09-10,Top Esports,WBG,369,Top Esports,-102
72337,LPL 2025 Grand Finals,2025-09-10,Top Esports,WBG,Kanavi,Top Esports,-355
72337,LPL 2025 Grand Finals,2025-09-10,Top Esports,WBG,Creme,Top Esports,269
72337,LPL 2025 Grand Finals,2025-09-10,Top Esports,WBG,JackeyLove,Top Esports,-325
72337,LPL 2025 Grand Finals,2025-09-10,Top Esports,WBG,Hang,Top Esports,-442
72337,LPL 2025 Grand Finals,2025-09-10,Top Esports,WBG,Breathe,WBG,102
72337,LPL 2025 Grand Finals,2025-09-10,Top Esports,WBG,Tian,WBG,355
72337,LPL 2025 Grand Finals,2025-09-10,Top Esports,WBG,xiaohu,WBG,-269
72337,LPL 2025 Grand Finals,2025-09-10,Top Esports,WBG,Light,WBG,325
72337,LPL 2025 Grand Finals,2025-09-10,Top Esports,WBG,Crisp,WBG,442
72338,LPL 2025 Grand Finals,2025-09-10,Top Esports,WBG,Breathe,Top Esports,358
72338,LPL 2025 Grand Finals,2025-09-10,Top Esports,WBG,Tian,Top Esports,-900
72338,LPL 2025 Grand Finals,2025-09-10,Top Esports,WBG,xiaohu,Top Esports,-663
72338,LPL 2025 Grand Finals,2025-09-10,Top Esports,WBG,Light,Top Esports,-217
72338,LPL 2025 Grand Finals,2025-09-10,Top Esports,WBG,Crisp,Top Esports,-629
72338,LPL 2025 Grand Finals,2025-09-10,Top Esports,WBG,369,WBG,-358
72338,LPL 2025 Grand Finals,2025-09-10,Top Esports,WBG,Kanavi,WBG,900
72338,LPL 2025 Grand Finals,2025-09-10,Top Esports,WBG,Creme,WBG,663
72338,LPL 2025 Grand Finals,2025-09-10,Top Esports,WBG,JackeyLove,WBG,217
72338,LPL 2025 Grand Finals,2025-09-10,Top Esports,WBG,Hang,WBG,629
72339,LPL 2025 Grand Finals,2025-09-10,Top Esports,WBG,Breathe,Top Esports,601
72339,LPL 2025 Grand Finals,2025-09-10,Top Esports,WBG,Tian,Top Esports,-191
72339,LPL 2025 Grand Finals,2025-09-10,Top Esports,WBG,xiaohu,Top Esports,928
72339,LPL 2025 Grand Finals,2025-09-10,Top Esports,WBG,Light,Top Esports,3164
72339,LPL 2025 Grand Finals,2025-09-10,Top Esports,WBG,Crisp,Top Esports,820
72339,LPL 2025 Grand Finals,2025-09-10,Top Esports,WBG,369,WBG,-601
72339,LPL 2025 Grand Finals,2025-09-10,Top Esports,WBG,Kanavi,WBG,191
72339,LPL 2025 Grand Finals,2025-09-10,Top Esports,WBG,Creme,WBG,-928
72339,LPL 2025 Grand Finals,2025-09-10,Top Esports,WBG,JackeyLove,WBG,-3164
72339,LPL 2025 Grand Finals,2025-09-10,Top Esports,WBG,Hang,WBG,-820
72340,LPL 2025 Grand Finals,2025-09-10,Top Esports,WBG,369,Top Esports,62
72340,LPL 2025 Grand Finals,2025-09-10,Top Esports,WBG,Kanavi,Top Esports,143
72340,LPL 2025 Grand Finals,2025-09-10,Top Esports,WBG,Creme,Top Esports,-517
72340,LPL 2025 Grand Finals,2025-09-10,Top Esports,WBG,JackeyLove,Top Esports,669
72340,LPL 2025 Grand Finals,2025-09-10,Top Esports,WBG,Hang,Top Esports,22
72340,LPL 2025 Grand Finals,2025-09-10,Top Esports,WBG,Breathe,WBG,-62
72340,LPL 2025 Grand Finals,2025-09-10,Top Esports,WBG,Tian,WBG,-143
72340,LPL 2025 Grand Finals,2025-09-10,Top Esports,WBG,xiaohu,WBG,517
72340,LPL 2025 Grand Finals,2025-09-10,Top Esports,WBG,Light,WBG,-669
72340,LPL 2025 Grand Finals,2025-09-10,Top Esports,WBG,Crisp,WBG,-22
72332,LPL 2025 Grand Finals,2025-09-09,IG,BLG,Bin,IG,239
72332,LPL 2025 Grand Finals,2025-09-09,IG,BLG,Beichuan,IG,26
72332,LPL 2025 Grand Finals,2025-09-09,IG,BLG,Knight,IG,1771
72332,LPL 2025 Grand Finals,2025-09-09,IG,BLG,Elk,IG,-877
72332,LPL 2025 Grand Finals,2025-09-09,IG,BLG,ON,IG,166
72332,LPL 2025 Grand Finals,2025-09-09,IG,BLG,TheShy,BLG,-239
72332,LPL 2025 Grand Finals,2025-09-09,IG,BLG,Wei,BLG,-26
72332,LPL 2025 Grand Finals,2025-09-09,IG,BLG,RooKie,BLG,-1771
72332,LPL 2025 Grand Finals,2025-09-09,IG,BLG,GALA,BLG,877
72332,LPL 2025 Grand Finals,2025-09-09,IG,BLG,meiko,BLG,-166
72333,LPL 2025 Grand Finals,2025-09-09,IG,BLG,TheShy,IG,-1384
72333,LPL 2025 Grand Finals,2025-09-09,IG,BLG,Wei,IG,-1920
72333,LPL 2025 Grand Finals,2025-09-09,IG,BLG,RooKie,IG,-632
72333,LPL 2025 Grand Finals,2025-09-09,IG,BLG,GALA,IG,-135
72333,LPL 2025 Grand Finals,2025-09-09,IG,BLG,meiko,IG,-338
72333,LPL 2025 Grand Finals,2025-09-09,IG,BLG,Bin,BLG,1384
72333,LPL 2025 Grand Finals,2025-09-09,IG,BLG,Beichuan,BLG,1920
72333,LPL 2025 Grand Finals,2025-09-09,IG,BLG,Knight,BLG,632
72333,LPL 2025 Grand Finals,2025-09-09,IG,BLG,Elk,BLG,135
72333,LPL 2025 Grand Finals,2025-09-09,IG,BLG,ON,BLG,338
72334,LPL 2025 Grand Finals,2025-09-09,IG,BLG,TheShy,IG,-255
72334,LPL 2025 Grand Finals,2025-09-09,IG,BLG,Wei,IG,-301
72334,LPL 2025 Grand Finals,2025-09-09,IG,BLG,RooKie,IG,991
72334,LPL 2025 Grand Finals,2025-09-09,IG,BLG,GALA,IG,847
72334,LPL 2025 Grand Finals,2025-09-09,IG,BLG,meiko,IG,-127
72334,LPL 2025 Grand Finals,2025-09-09,IG,BLG,Bin,BLG,255
72334,LPL 2025 Grand Finals,2025-09-09,IG,BLG,Beichuan,BLG,301
72334,LPL 2025 Grand Finals,2025-09-09,IG,BLG,Knight,BLG,-991
72334,LPL 2025 Grand Finals,2025-09-09,IG,BLG,Elk,BLG,-847
72334,LPL 2025 Grand Finals,2025-09-09,IG,BLG,ON,BLG,127
72335,LPL 2025 Grand Finals,2025-09-09,IG,BLG,Bin,IG,141
72335,LPL 2025 Grand Finals,2025-09-09,IG,BLG,Beichuan,IG,178
72335,LPL 2025 Grand Finals,2025-09-09,IG,BLG,Knight,IG,-365
72335,LPL 2025 Grand Finals,2025-09-09,IG,BLG,Elk,IG,143
72335,LPL 2025 Grand Finals,2025-09-09,IG,BLG,ON,IG,305
72335,LPL 2025 Grand Finals,2025-09-09,IG,BLG,TheShy,BLG,-141
72335,LPL 2025 Grand Finals,2025-09-09,IG,BLG,Wei,BLG,-178
72335,LPL 2025 Grand Finals,2025-09-09,IG,BLG,RooKie,BLG,365
72335,LPL 2025 Grand Finals,2025-09-09,IG,BLG,GALA,BLG,-143
72335,LPL 2025 Grand Finals,2025-09-09,IG,BLG,meiko,BLG,-305
72119,LPL 2025 Grand Finals,2025-09-08,Top Esports,NIP,369,Top Esports,28
72119,LPL 2025 Grand Finals,2025-09-08,Top Esports,NIP,Kanavi,Top Esports,1744
72119,LPL 2025 Grand Finals,2025-09-08,Top Esports,NIP,Creme,Top Esports,1314
72119,LPL 2025 Grand Finals,2025-09-08,Top Esports,NIP,JackeyLove,Top Esports,374
72119,LPL 2025 Grand Finals,2025-09-08,Top Esports,NIP,Hang,Top Esports,715
72119,LPL 2025 Grand Finals,2025-09-08,Top Esports,NIP,Solokill,NIP,-28
72119,LPL 2025 Grand Finals,2025-09-08,Top Esports,NIP,naiyou,NIP,-1744
72119,LPL 2025 Grand Finals,2025-09-08,Top Esports,NIP,Doinb,NIP,-1314
72119,LPL 2025 Grand Finals,2025-09-08,Top Esports,NIP,Leave,NIP,-374
72119,LPL 2025 Grand Finals,2025-09-08,Top Esports,NIP,Niket,NIP,-715
72120,LPL 2025 Grand Finals,2025-09-08,Top Esports,NIP,Solokill,Top Esports,489
72120,LPL 2025 Grand Finals,2025-09-08,Top Esports,NIP,naiyou,Top Esports,-303
72120,LPL 2025 Grand Finals,2025-09-08,Top Esports,NIP,Doinb,Top Esports,1112
72120,LPL 2025 Grand Finals,2025-09-08,Top Esports,NIP,Leave,Top Esports,404
72120,LPL 2025 Grand Finals,2025-09-08,Top Esports,NIP,Niket,Top Esports,-175
72120,LPL 2025 Grand Finals,2025-09-08,Top Esports,NIP,369,NIP,-489
72120,LPL 2025 Grand Finals,2025-09-08,Top Esports,NIP,Kanavi,NIP,303
72120,LPL 2025 Grand Finals,2025-09-08,Top Esports,NIP,Creme,NIP,-1112
72120,LPL 2025 Grand Finals,2025-09-08,Top Esports,NIP,JackeyLove,NIP,-404
72120,LPL 2025 Grand Finals,2025-09-08,Top Esports,NIP,Hang,NIP,175
72121,LPL 2025 Grand Finals,2025-09-08,Top Esports,NIP,369,Top Esports,938
72121,LPL 2025 Grand Finals,2025-09-08,Top Esports,NIP,Kanavi,Top Esports,-509
72121,LPL 2025 Grand Finals,2025-09-08,Top Esports,NIP,Creme,Top Esports,50
72121,LPL 2025 Grand Finals,2025-09-08,Top Esports,NIP,JackeyLove,Top Esports,-383
72121,LPL 2025 Grand Finals,2025-09-08,Top Esports,NIP,Hang,Top Esports,-186
72121,LPL 2025 Grand Finals,2025-09-08,Top Esports,NIP,Solokill,NIP,-938
72121,LPL 2025 Grand Finals,2025-09-08,Top Esports,NIP,naiyou,NIP,509
72121,LPL 2025 Grand Finals,2025-09-08,Top Esports,NIP,Doinb,NIP,-50
72121,LPL 2025 Grand Finals,2025-09-08,Top Esports,NIP,Leave,NIP,383
72121,LPL 2025 Grand Finals,2025-09-08,Top Esports,NIP,Niket,NIP,186
72122,LPL 2025 Grand Finals,2025-09-08,Top Esports,NIP,369,Top Esports,445
72122,LPL 2025 Grand Finals,2025-09-08,Top Esports,NIP,Kanavi,Top Esports,925
72122,LPL 2025 Grand Finals,2025-09-08,Top Esports,NIP,Creme,Top Esports,-406
72122,LPL 2025 Grand Finals,2025-09-08,Top Esports,NIP,JackeyLove,Top Esports,1542
72122,LPL 2025 Grand Finals,2025-09-08,Top Esports,NIP,Hang,Top Esports,815
72122,LPL 2025 Grand Finals,2025-09-08,Top Esports,NIP,Solokill,NIP,-445
72122,LPL 2025 Grand Finals,2025-09-08,Top Esports,NIP,naiyou,NIP,-925
72122,LPL 2025 Grand Finals,2025-09-08,Top Esports,NIP,Doinb,NIP,406
72122,LPL 2025 Grand Finals,2025-09-08,Top Esports,NIP,Leave,NIP,-1542
72122,LPL 2025 Grand Finals,2025-09-08,Top Esports,NIP,Niket,NIP,-815
72114,LPL 2025 Grand Finals,2025-09-08,AL,WBG,Flandre,AL,517
72114,LPL 2025 Grand Finals,2025-09-08,AL,WBG,Tarzan,AL,159
72114,LPL 2025 Grand Finals,2025-09-08,AL,WBG,Shanks,AL,19
72114,LPL 2025 Grand Finals,2025-09-08,AL,WBG,Hope,AL,74
72114,LPL 2025 Grand Finals,2025-09-08,AL,WBG,Kael,AL,234
72114,LPL 2025 Grand Finals,2025-09-08,AL,WBG,Breathe,WBG,-517
72114,LPL 2025 Grand Finals,2025-09-08,AL,WBG,Tian,WBG,-159
72114,LPL 2025 Grand Finals,2025-09-08,AL,WBG,xiaohu,WBG,-19
72114,LPL 2025 Grand Finals,2025-09-08,AL,WBG,Light,WBG,-74
72114,LPL 2025 Grand Finals,2025-09-08,AL,WBG,Crisp,WBG,-234
72115,LPL 2025 Grand Finals,2025-09-08,AL,WBG,Breathe,AL,487
72115,LPL 2025 Grand Finals,2025-09-08,AL,WBG,Tian,AL,1529
72115,LPL 2025 Grand Finals,2025-09-08,AL,WBG,xiaohu,AL,277
72115,LPL 2025 Grand Finals,2025-09-08,AL,WBG,Light,AL,1288
72115,LPL 2025 Grand Finals,2025-09-08,AL,WBG,Crisp,AL,558
72115,LPL 2025 Grand Finals,2025-09-08,AL,WBG,Flandre,WBG,-487
72115,LPL 2025 Grand Finals,2025-09-08,AL,WBG,Tarzan,WBG,-1529
72115,LPL 2025 Grand Finals,2025-09-08,AL,WBG,Shanks,WBG,-277
72115,LPL 2025 Grand Finals,2025-09-08,AL,WBG,Hope,WBG,-1288
72115,LPL 2025 Grand Finals,2025-09-08,AL,WBG,Kael,WBG,-558
72116,LPL 2025 Grand Finals,2025-09-08,AL,WBG,Flandre,AL,160
72116,LPL 2025 Grand Finals,2025-09-08,AL,WBG,Tarzan,AL,-135
72116,LPL 2025 Grand Finals,2025-09-08,AL,WBG,Shanks,AL,-416
72116,LPL 2025 Grand Finals,2025-09-08,AL,WBG,Hope,AL,-409
72116,LPL 2025 Grand Finals,2025-09-08,AL,WBG,Kael,AL,-18
72116,LPL 2025 Grand Finals,2025-09-08,AL,WBG,Breathe,WBG,-160
72116,LPL 2025 Grand Finals,2025-09-08,AL,WBG,Tian,WBG,135
72116,LPL 2025 Grand Finals,2025-09-08,AL,WBG,xiaohu,WBG,416
72116,LPL 2025 Grand Finals,2025-09-08,AL,WBG,Light,WBG,409
72116,LPL 2025 Grand Finals,2025-09-08,AL,WBG,Crisp,WBG,18
72117,LPL 2025 Grand Finals,2025-09-08,AL,WBG,Flandre,AL,461
72117,LPL 2025 Grand Finals,2025-09-08,AL,WBG,Tarzan,AL,196
72117,LPL 2025 Grand Finals,2025-09-08,AL,WBG,Shanks,AL,429
72117,LPL 2025 Grand Finals,2025-09-08,AL,WBG,Hope,AL,1002
72117,LPL 2025 Grand Finals,2025-09-08,AL,WBG,Kael,AL,-4
72117,LPL 2025 Grand Finals,2025-09-08,AL,WBG,Breathe,WBG,-461
72117,LPL 2025 Grand Finals,2025-09-08,AL,WBG,Tian,WBG,-196
72117,LPL 2025 Grand Finals,2025-09-08,AL,WBG,xiaohu,WBG,-429
72117,LPL 2025 Grand Finals,2025-09-08,AL,WBG,Light,WBG,-1002
72117,LPL 2025 Grand Finals,2025-09-08,AL,WBG,Crisp,WBG,4
72118,LPL 2025 Grand Finals,2025-09-08,AL,WBG,Breathe,AL,-475
72118,LPL 2025 Grand Finals,2025-09-08,AL,WBG,Tian,AL,-128
72118,LPL 2025 Grand Finals,2025-09-08,AL,WBG,xiaohu,AL,439
72118,LPL 2025 Grand Finals,2025-09-08,AL,WBG,Light,AL,141
72118,LPL 2025 Grand Finals,2025-09-08,AL,WBG,Crisp,AL,-494
72118,LPL 2025 Grand Finals,2025-09-08,AL,WBG,Flandre,WBG,475
72118,LPL 2025 Grand Finals,2025-09-08,AL,WBG,Tarzan,WBG,128
72118,LPL 2025 Grand Finals,2025-09-08,AL,WBG,Shanks,WBG,-439
72118,LPL 2025 Grand Finals,2025-09-08,AL,WBG,Hope,WBG,-141
72118,LPL 2025 Grand Finals,2025-09-08,AL,WBG,Kael,WBG,494
72109,LPL 2025 Grand Finals,2025-09-07,IG,EDG,TheShy,IG,496
72109,LPL 2025 Grand Finals,2025-09-07,IG,EDG,Wei,IG,-225
72109,LPL 2025 Grand Finals,2025-09-07,IG,EDG,RooKie,IG,-1155
72109,LPL 2025 Grand Finals,2025-09-07,IG,EDG,GALA,IG,1048
72109,LPL 2025 Grand Finals,2025-09-07,IG,EDG,meiko,IG,515
72109,LPL 2025 Grand Finals,2025-09-07,IG,EDG,Zdz,EDG,-496
72109,LPL 2025 Grand Finals,2025-09-07,IG,EDG,Xiaohao,EDG,225
72109,LPL 2025 Grand Finals,2025-09-07,IG,EDG,Angel,EDG,1155
72109,LPL 2025 Grand Finals,2025-09-07,IG,EDG,Ahn,EDG,-1048
72109,LPL 2025 Grand Finals,2025-09-07,IG,EDG,Parukia,EDG,-515
72110,LPL 2025 Grand Finals,2025-09-07,IG,EDG,Zdz,IG,-1126
72110,LPL 2025 Grand Finals,2025-09-07,IG,EDG,Xiaohao,IG,-473
72110,LPL 2025 Grand Finals,2025-09-07,IG,EDG,Angel,IG,-384
72110,LPL 2025 Grand Finals,2025-09-07,IG,EDG,Ahn,IG,144
72110,LPL 2025 Grand Finals,2025-09-07,IG,EDG,Parukia,IG,-84
72110,LPL 2025 Grand Finals,2025-09-07,IG,EDG,TheShy,EDG,1126
72110,LPL 2025 Grand Finals,2025-09-07,IG,EDG,Wei,EDG,473
72110,LPL 2025 Grand Finals,2025-09-07,IG,EDG,RooKie,EDG,384
72110,LPL 2025 Grand Finals,2025-09-07,IG,EDG,GALA,EDG,-144
72110,LPL 2025 Grand Finals,2025-09-07,IG,EDG,meiko,EDG,84
72111,LPL 2025 Grand Finals,2025-09-07,IG,EDG,Zdz,IG,-79
72111,LPL 2025 Grand Finals,2025-09-07,IG,EDG,Xiaohao,IG,-1801
72111,LPL 2025 Grand Finals,2025-09-07,IG,EDG,Angel,IG,-312
72111,LPL 2025 Grand Finals,2025-09-07,IG,EDG,Ahn,IG,-1046
72111,LPL 2025 Grand Finals,2025-09-07,IG,EDG,Parukia,IG,-488
72111,LPL 2025 Grand Finals,2025-09-07,IG,EDG,TheShy,EDG,79
72111,LPL 2025 Grand Finals,2025-09-07,IG,EDG,Wei,EDG,1801
72111,LPL 2025 Grand Finals,2025-09-07,IG,EDG,RooKie,EDG,312
72111,LPL 2025 Grand Finals,2025-09-07,IG,EDG,GALA,EDG,1046
72111,LPL 2025 Grand Finals,2025-09-07,IG,EDG,meiko,EDG,488
72104,LPL 2025 Grand Finals,2025-09-07,BLG,JD Gaming,Bin,BLG,-1026
72104,LPL 2025 Grand Finals,2025-09-07,BLG,JD Gaming,Shad0w,BLG,-730
72104,LPL 2025 Grand Finals,2025-09-07,BLG,JD Gaming,Knight,BLG,250
72104,LPL 2025 Grand Finals,2025-09-07,BLG,JD Gaming,Elk,BLG,-621
72104,LPL 2025 Grand Finals,2025-09-07,BLG,JD Gaming,ON,BLG,179
72104,LPL 2025 Grand Finals,2025-09-07,BLG,JD Gaming,Xiaoxu,JD Gaming,1026
72104,LPL 2025 Grand Finals,2025-09-07,BLG,JD Gaming,XUN,JD Gaming,730
72104,LPL 2025 Grand Finals,2025-09-07,BLG,JD Gaming,Scout,JD Gaming,-250
72104,LPL 2025 Grand Finals,2025-09-07,BLG,JD Gaming,Peyz,JD Gaming,621
72104,LPL 2025 Grand Finals,2025-09-07,BLG,JD Gaming,Zhuo,JD Gaming,-179
72105,LPL 2025 Grand Finals,2025-09-07,BLG,JD Gaming,Bin,BLG,103
72105,LPL 2025 Grand Finals,2025-09-07,BLG,JD Gaming,Beichuan,BLG,-1088
72105,LPL 2025 Grand Finals,2025-09-07,BLG,JD Gaming,Knight,BLG,218
72105,LPL 2025 Grand Finals,2025-09-07,BLG,JD Gaming,Elk,BLG,-944
72105,LPL 2025 Grand Finals,2025-09-07,BLG,JD Gaming,ON,BLG,-351
72105,LPL 2025 Grand Finals,2025-09-07,BLG,JD Gaming,Xiaoxu,JD Gaming,-103
72105,LPL 2025 Grand Finals,2025-09-07,BLG,JD Gaming,XUN,JD Gaming,1088
72105,LPL 2025 Grand Finals,2025-09-07,BLG,JD Gaming,Scout,JD Gaming,-218
72105,LPL 2025 Grand Finals,2025-09-07,BLG,JD Gaming,Peyz,JD Gaming,944
72105,LPL 2025 Grand Finals,2025-09-07,BLG,JD Gaming,Zhuo,JD Gaming,351
72106,LPL 2025 Grand Finals,2025-09-07,BLG,JD Gaming,Bin,BLG,332
72106,LPL 2025 Grand Finals,2025-09-07,BLG,JD Gaming,Beichuan,BLG,475
72106,LPL 2025 Grand Finals,2025-09-07,BLG,JD Gaming,Knight,BLG,1220
72106,LPL 2025 Grand Finals,2025-09-07,BLG,JD Gaming,Elk,BLG,1043
72106,LPL 2025 Grand Finals,2025-09-07,BLG,JD Gaming,ON,BLG,458
72106,LPL 2025 Grand Finals,2025-09-07,BLG,JD Gaming,Xiaoxu,JD Gaming,-332
72106,LPL 2025 Grand Finals,2025-09-07,BLG,JD Gaming,XUN,JD Gaming,-475
72106,LPL 2025 Grand Finals,2025-09-07,BLG,JD Gaming,Scout,JD Gaming,-1220
72106,LPL 2025 Grand Finals,2025-09-07,BLG,JD Gaming,Peyz,JD Gaming,-1043
72106,LPL 2025 Grand Finals,2025-09-07,BLG,JD Gaming,Zhuo,JD Gaming,-458
72107,LPL 2025 Grand Finals,2025-09-07,BLG,JD Gaming,Xiaoxu,BLG,-1022
72107,LPL 2025 Grand Finals,2025-09-07,BLG,JD Gaming,XUN,BLG,-1689
72107,LPL 2025 Grand Finals,2025-09-07,BLG,JD Gaming,Scout,BLG,-779
72107,LPL 2025 Grand Finals,2025-09-07,BLG,JD Gaming,Peyz,BLG,-1304
72107,LPL 2025 Grand Finals,2025-09-07,BLG,JD Gaming,Zhuo,BLG,-391
72107,LPL 2025 Grand Finals,2025-09-07,BLG,JD Gaming,Bin,JD Gaming,1022
72107,LPL 2025 Grand Finals,2025-09-07,BLG,JD Gaming,Beichuan,JD Gaming,1689
72107,LPL 2025 Grand Finals,2025-09-07,BLG,JD Gaming,Knight,JD Gaming,779
72107,LPL 2025 Grand Finals,2025-09-07,BLG,JD Gaming,Elk,JD Gaming,1304
72107,LPL 2025 Grand Finals,2025-09-07,BLG,JD Gaming,ON,JD Gaming,391
72108,LPL 2025 Grand Finals,2025-09-07,BLG,JD Gaming,Xiaoxu,BLG,-160
72108,LPL 2025 Grand Finals,2025-09-07,BLG,JD Gaming,XUN,BLG,-426
72108,LPL 2025 Grand Finals,2025-09-07,BLG,JD Gaming,Scout,BLG,-406
72108,LPL 2025 Grand Finals,2025-09-07,BLG,JD Gaming,Peyz,BLG,-1038
72108,LPL 2025 Grand Finals,2025-09-07,BLG,JD Gaming,Zhuo,BLG,-519
72108,LPL 2025 Grand Finals,2025-09-07,BLG,JD Gaming,Bin,JD Gaming,160
72108,LPL 2025 Grand Finals,2025-09-07,BLG,JD Gaming,Beichuan,JD Gaming,426
72108,LPL 2025 Grand Finals,2025-09-07,BLG,JD Gaming,Knight,JD Gaming,406
72108,LPL 2025 Grand Finals,2025-09-07,BLG,JD Gaming,Elk,JD Gaming,1038
72108,LPL 2025 Grand Finals,2025-09-07,BLG,JD Gaming,ON,JD Gaming,519
71886,LPL 2025 Grand Finals,2025-09-02,JD Gaming,LGD Gaming,Xiaoxu,JD Gaming,620
71886,LPL 2025 Grand Finals,2025-09-02,JD Gaming,LGD Gaming,XUN,JD Gaming,-437
71886,LPL 2025 Grand Finals,2025-09-02,JD Gaming,LGD Gaming,Scout,JD Gaming,-234
71886,LPL 2025 Grand Finals,2025-09-02,JD Gaming,LGD Gaming,Peyz,JD Gaming,-783
71886,LPL 2025 Grand Finals,2025-09-02,JD Gaming,LGD Gaming,Zhuo,JD Gaming,-230
71886,LPL 2025 Grand Finals,2025-09-02,JD Gaming,LGD Gaming,sasi,LGD Gaming,-620
71886,LPL 2025 Grand Finals,2025-09-02,JD Gaming,LGD Gaming,Climber,LGD Gaming,437
71886,LPL 2025 Grand Finals,2025-09-02,JD Gaming,LGD Gaming,xqw,LGD Gaming,234
71886,LPL 2025 Grand Finals,2025-09-02,JD Gaming,LGD Gaming,Sav1or,LGD Gaming,783
71886,LPL 2025 Grand Finals,2025-09-02,JD Gaming,LGD Gaming,Ycx,LGD Gaming,230
71887,LPL 2025 Grand Finals,2025-09-02,JD Gaming,LGD Gaming,sasi,JD Gaming,-734
71887,LPL 2025 Grand Finals,2025-09-02,JD Gaming,LGD Gaming,Climber,JD Gaming,826
71887,LPL 2025 Grand Finals,2025-09-02,JD Gaming,LGD Gaming,xqw,JD Gaming,-238
71887,LPL 2025 Grand Finals,2025-09-02,JD Gaming,LGD Gaming,Sav1or,JD Gaming,-89
71887,LPL 2025 Grand Finals,2025-09-02,JD Gaming,LGD Gaming,Ycx,JD Gaming,164
71887,LPL 2025 Grand Finals,2025-09-02,JD Gaming,LGD Gaming,Xiaoxu,LGD Gaming,734
71887,LPL 2025 Grand Finals,2025-09-02,JD Gaming,LGD Gaming,XUN,LGD Gaming,-826
71887,LPL 2025 Grand Finals,2025-09-02,JD Gaming,LGD Gaming,Scout,LGD Gaming,238
71887,LPL 2025 Grand Finals,2025-09-02,JD Gaming,LGD Gaming,Peyz,LGD Gaming,89
71887,LPL 2025 Grand Finals,2025-09-02,JD Gaming,LGD Gaming,Zhuo,LGD Gaming,-164
71888,LPL 2025 Grand Finals,2025-09-02,JD Gaming,LGD Gaming,sasi,JD Gaming,-877
71888,LPL 2025 Grand Finals,2025-09-02,JD Gaming,LGD Gaming,Climber,JD Gaming,411
71888,LPL 2025 Grand Finals,2025-09-02,JD Gaming,LGD Gaming,xqw,JD Gaming,-1012
71888,LPL 2025 Grand Finals,2025-09-02,JD Gaming,LGD Gaming,Sav1or,JD Gaming,-689
71888,LPL 2025 Grand Finals,2025-09-02,JD Gaming,LGD Gaming,Ycx,JD Gaming,-247
71888,LPL 2025 Grand Finals,2025-09-02,JD Gaming,LGD Gaming,Xiaoxu,LGD Gaming,877
71888,LPL 2025 Grand Finals,2025-09-02,JD Gaming,LGD Gaming,XUN,LGD Gaming,-411
71888,LPL 2025 Grand Finals,2025-09-02,JD Gaming,LGD Gaming,Scout,LGD Gaming,1012
71888,LPL 2025 Grand Finals,2025-09-02,JD Gaming,LGD Gaming,Peyz,LGD Gaming,689
71888,LPL 2025 Grand Finals,2025-09-02,JD Gaming,LGD Gaming,Zhuo,LGD Gaming,247
71881,LPL 2025 Grand Finals,2025-09-01,WBG,Ultra Prime,Breathe,WBG,492
71881,LPL 2025 Grand Finals,2025-09-01,WBG,Ultra Prime,Tian,WBG,367
71881,LPL 2025 Grand Finals,2025-09-01,WBG,Ultra Prime,xiaohu,WBG,1009
71881,LPL 2025 Grand Finals,2025-09-01,WBG,Ultra Prime,Light,WBG,-490
71881,LPL 2025 Grand Finals,2025-09-01,WBG,Ultra Prime,Crisp,WBG,108
71881,LPL 2025 Grand Finals,2025-09-01,WBG,Ultra Prime,1Jiang,Ultra Prime,-492
71881,LPL 2025 Grand Finals,2025-09-01,WBG,Ultra Prime,Junhao,Ultra Prime,-367
71881,LPL 2025 Grand Finals,2025-09-01,WBG,Ultra Prime,Saber,Ultra Prime,-1009
71881,LPL 2025 Grand Finals,2025-09-01,WBG,Ultra Prime,Baiye,Ultra Prime,490
71881,LPL 2025 Grand Finals,2025-09-01,WBG,Ultra Prime,Xiaoxia,Ultra Prime,-108
71882,LPL 2025 Grand Finals,2025-09-01,WBG,Ultra Prime,1Jiang,WBG,172
71882,LPL 2025 Grand Finals,2025-09-01,WBG,Ultra Prime,Junhao,WBG,-438
71882,LPL 2025 Grand Finals,2025-09-01,WBG,Ultra Prime,Saber,WBG,1629
71882,LPL 2025 Grand Finals,2025-09-01,WBG,Ultra Prime,Baiye,WBG,-46
71882,LPL 2025 Grand Finals,2025-09-01,WBG,Ultra Prime,Xiaoxia,WBG,413
71882,LPL 2025 Grand Finals,2025-09-01,WBG,Ultra Prime,Breathe,Ultra Prime,-172
71882,LPL 2025 Grand Finals,2025-09-01,WBG,Ultra Prime,Tian,Ultra Prime,438
71882,LPL 2025 Grand Finals,2025-09-01,WBG,Ultra Prime,xiaohu,Ultra Prime,-1629
71882,LPL 2025 Grand Finals,2025-09-01,WBG,Ultra Prime,Light,Ultra Prime,46
71882,LPL 2025 Grand Finals,2025-09-01,WBG,Ultra Prime,Crisp,Ultra Prime,-413
71883,LPL 2025 Grand Finals,2025-09-01,WBG,Ultra Prime,1Jiang,WBG,-142
71883,LPL 2025 Grand Finals,2025-09-01,WBG,Ultra Prime,Junhao,WBG,-182
71883,LPL 2025 Grand Finals,2025-09-01,WBG,Ultra Prime,Saber,WBG,-75
71883,LPL 2025 Grand Finals,2025-09-01,WBG,Ultra Prime,Baiye,WBG,-1013
71883,LPL 2025 Grand Finals,2025-09-01,WBG,Ultra Prime,Xiaoxia,WBG,-22
71883,LPL 2025 Grand Finals,2025-09-01,WBG,Ultra Prime,Breathe,Ultra Prime,142
71883,LPL 2025 Grand Finals,2025-09-01,WBG,Ultra Prime,Tian,Ultra Prime,182
71883,LPL 2025 Grand Finals,2025-09-01,WBG,Ultra Prime,xiaohu,Ultra Prime,75
71883,LPL 2025 Grand Finals,2025-09-01,WBG,Ultra Prime,Light,Ultra Prime,1013
71883,LPL 2025 Grand Finals,2025-09-01,WBG,Ultra Prime,Crisp,Ultra Prime,22
71876,LPL 2025 Grand Finals,2025-08-31,Team WE,EDG,Cube,Team WE,-137
71876,LPL 2025 Grand Finals,2025-08-31,Team WE,EDG,Monki,Team WE,-119
71876,LPL 2025 Grand Finals,2025-08-31,Team WE,EDG,Karis,Team WE,353
71876,LPL 2025 Grand Finals,2025-08-31,Team WE,EDG,Taeyoon,Team WE,-325
71876,LPL 2025 Grand Finals,2025-08-31,Team WE,EDG,Vampire,Team WE,51
71876,LPL 2025 Grand Finals,2025-08-31,Team WE,EDG,Zdz,EDG,137
71876,LPL 2025 Grand Finals,2025-08-31,Team WE,EDG,Xiaohao,EDG,119
71876,LPL 2025 Grand Finals,2025-08-31,Team WE,EDG,Angel,EDG,-353
71876,LPL 2025 Grand Finals,2025-08-31,Team WE,EDG,Ahn,EDG,325
71876,LPL 2025 Grand Finals,2025-08-31,Team WE,EDG,Parukia,EDG,-51
71877,LPL 2025 Grand Finals,2025-08-31,Team WE,EDG,Cube,Team WE,-754
71877,LPL 2025 Grand Finals,2025-08-31,Team WE,EDG,Monki,Team WE,-325
71877,LPL 2025 Grand Finals,2025-08-31,Team WE,EDG,Karis,Team WE,-984
71877,LPL 2025 Grand Finals,2025-08-31,Team WE,EDG,Taeyoon,Team WE,83
71877,LPL 2025 Grand Finals,2025-08-31,Team WE,EDG,Vampire,Team WE,18
71877,LPL 2025 Grand Finals,2025-08-31,Team WE,EDG,Zdz,EDG,754
71877,LPL 2025 Grand Finals,2025-08-31,Team WE,EDG,Xiaohao,EDG,325
71877,LPL 2025 Grand Finals,2025-08-31,Team WE,EDG,Angel,EDG,984
71877,LPL 2025 Grand Finals,2025-08-31,Team WE,EDG,Ahn,EDG,-83
71877,LPL 2025 Grand Finals,2025-08-31,Team WE,EDG,Parukia,EDG,-18
71878,LPL 2025 Grand Finals,2025-08-31,Team WE,EDG,Cube,Team WE,-39
71878,LPL 2025 Grand Finals,2025-08-31,Team WE,EDG,Monki,Team WE,207
71878,LPL 2025 Grand Finals,2025-08-31,Team WE,EDG,Karis,Team WE,1337
71878,LPL 2025 Grand Finals,2025-08-31,Team WE,EDG,Taeyoon,Team WE,34
71878,LPL 2025 Grand Finals,2025-08-31,Team WE,EDG,Vampire,Team WE,144
71878,LPL 2025 Grand Finals,2025-08-31,Team WE,EDG,Zdz,EDG,39
71878,LPL 2025 Grand Finals,2025-08-31,Team WE,EDG,Xiaohao,EDG,-207
71878,LPL 2025 Grand Finals,2025-08-31,Team WE,EDG,Angel,EDG,-1337
71878,LPL 2025 Grand Finals,2025-08-31,Team WE,EDG,Ahn,EDG,-34
71878,LPL 2025 Grand Finals,2025-08-31,Team WE,EDG,Parukia,EDG,-144
71879,LPL 2025 Grand Finals,2025-08-31,Team WE,EDG,Zdz,Team WE,206
71879,LPL 2025 Grand Finals,2025-08-31,Team WE,EDG,Xiaohao,Team WE,-167
71879,LPL 2025 Grand Finals,2025-08-31,Team WE,EDG,Angel,Team WE,-186
71879,LPL 2025 Grand Finals,2025-08-31,Team WE,EDG,Ahn,Team WE,-267
71879,LPL 2025 Grand Finals,2025-08-31,Team WE,EDG,Parukia,Team WE,-327
71879,LPL 2025 Grand Finals,2025-08-31,Team WE,EDG,Cube,EDG,-206
71879,LPL 2025 Grand Finals,2025-08-31,Team WE,EDG,Monki,EDG,167
71879,LPL 2025 Grand Finals,2025-08-31,Team WE,EDG,Karis,EDG,186
71879,LPL 2025 Grand Finals,2025-08-31,Team WE,EDG,Taeyoon,EDG,267
71879,LPL 2025 Grand Finals,2025-08-31,Team WE,EDG,Vampire,EDG,327
71871,LPL 2025 Grand Finals,2025-08-30,FPX,NIP,sheer,FPX,180
71871,LPL 2025 Grand Finals,2025-08-30,FPX,NIP,Jiejie,FPX,613
71871,LPL 2025 Grand Finals,2025-08-30,FPX,NIP,Care,FPX,-173
71871,LPL 2025 Grand Finals,2025-08-30,FPX,NIP,JiaQi,FPX,-384
71871,LPL 2025 Grand Finals,2025-08-30,FPX,NIP,Jwei,FPX,87
71871,LPL 2025 Grand Finals,2025-08-30,FPX,NIP,Solokill,NIP,-180
71871,LPL 2025 Grand Finals,2025-08-30,FPX,NIP,naiyou,NIP,-613
71871,LPL 2025 Grand Finals,2025-08-30,FPX,NIP,Doinb,NIP,173
71871,LPL 2025 Grand Finals,2025-08-30,FPX,NIP,Leave,NIP,384
71871,LPL 2025 Grand Finals,2025-08-30,FPX,NIP,Niket,NIP,-87
71872,LPL 2025 Grand Finals,2025-08-30,FPX,NIP,Solokill,FPX,-1208
71872,LPL 2025 Grand Finals,2025-08-30,FPX,NIP,naiyou,FPX,-185
71872,LPL 2025 Grand Finals,2025-08-30,FPX,NIP,Doinb,FPX,843
71872,LPL 2025 Grand Finals,2025-08-30,FPX,NIP,Leave,FPX,58
71872,LPL 2025 Grand Finals,2025-08-30,FPX,NIP,Niket,FPX,-420
71872,LPL 2025 Grand Finals,2025-08-30,FPX,NIP,sheer,NIP,1208
71872,LPL 2025 Grand Finals,2025-08-30,FPX,NIP,Jiejie,NIP,185
71872,LPL 2025 Grand Finals,2025-08-30,FPX,NIP,Care,NIP,-843
71872,LPL 2025 Grand Finals,2025-08-30,FPX,NIP,JiaQi,NIP,-58
71872,LPL 2025 Grand Finals,2025-08-30,FPX,NIP,Jwei,NIP,420
71873,LPL 2025 Grand Finals,2025-08-30,FPX,NIP,sheer,FPX,323
71873,LPL 2025 Grand Finals,2025-08-30,FPX,NIP,Jiejie,FPX,-1511
71873,LPL 2025 Grand Finals,2025-08-30,FPX,NIP,Care,FPX,441
71873,LPL 2025 Grand Finals,2025-08-30,FPX,NIP,JiaQi,FPX,-198
71873,LPL 2025 Grand Finals,2025-08-30,FPX,NIP,Jwei,FPX,-193
71873,LPL 2025 Grand Finals,2025-08-30,FPX,NIP,Solokill,NIP,-323
71873,LPL 2025 Grand Finals,2025-08-30,FPX,NIP,naiyou,NIP,1511
71873,LPL 2025 Grand Finals,2025-08-30,FPX,NIP,Doinb,NIP,-441
71873,LPL 2025 Grand Finals,2025-08-30,FPX,NIP,Leave,NIP,198
71873,LPL 2025 Grand Finals,2025-08-30,FPX,NIP,Niket,NIP,193
71874,LPL 2025 Grand Finals,2025-08-30,FPX,NIP,Solokill,FPX,-692
71874,LPL 2025 Grand Finals,2025-08-30,FPX,NIP,naiyou,FPX,-576
71874,LPL 2025 Grand Finals,2025-08-30,FPX,NIP,Doinb,FPX,1389
71874,LPL 2025 Grand Finals,2025-08-30,FPX,NIP,Leave,FPX,1809
71874,LPL 2025 Grand Finals,2025-08-30,FPX,NIP,Niket,FPX,939
71874,LPL 2025 Grand Finals,2025-08-30,FPX,NIP,sheer,NIP,692
71874,LPL 2025 Grand Finals,2025-08-30,FPX,NIP,Jiejie,NIP,576
71874,LPL 2025 Grand Finals,2025-08-30,FPX,NIP,Care,NIP,-1389
71874,LPL 2025 Grand Finals,2025-08-30,FPX,NIP,JiaQi,NIP,-1809
71874,LPL 2025 Grand Finals,2025-08-30,FPX,NIP,Jwei,NIP,-939
71875,LPL 2025 Grand Finals,2025-08-30,FPX,NIP,sheer,FPX,46
71875,LPL 2025 Grand Finals,2025-08-30,FPX,NIP,Jiejie,FPX,-1161
71875,LPL 2025 Grand Finals,2025-08-30,FPX,NIP,Care,FPX,516
71875,LPL 2025 Grand Finals,2025-08-30,FPX,NIP,JiaQi,FPX,2307
71875,LPL 2025 Grand Finals,2025-08-30,FPX,NIP,Jwei,FPX,1331
71875,LPL 2025 Grand Finals,2025-08-30,FPX,NIP,Solokill,NIP,-46
71875,LPL 2025 Grand Finals,2025-08-30,FPX,NIP,naiyou,NIP,1161
71875,LPL 2025 Grand Finals,2025-08-30,FPX,NIP,Doinb,NIP,-516
71875,LPL 2025 Grand Finals,2025-08-30,FPX,NIP,Leave,NIP,-2307
71875,LPL 2025 Grand Finals,2025-08-30,FPX,NIP,Niket,NIP,-1331
72628,LPL 2025 Regional Finals,2025-09-27,IG,JD Gaming,TheShy,IG,-805
72628,LPL 2025 Regional Finals,2025-09-27,IG,JD Gaming,Wei,IG,-12
72628,LPL 2025 Regional Finals,2025-09-27,IG,JD Gaming,RooKie,IG,-704
72628,LPL 2025 Regional Finals,2025-09-27,IG,JD Gaming,GALA,IG,-228
72628,LPL 2025 Regional Finals,2025-09-27,IG,JD Gaming,meiko,IG,-526
72628,LPL 2025 Regional Finals,2025-09-27,IG,JD Gaming,Xiaoxu,JD Gaming,805
72628,LPL 2025 Regional Finals,2025-09-27,IG,JD Gaming,XUN,JD Gaming,12
72628,LPL 2025 Regional Finals,2025-09-27,IG,JD Gaming,Scout,JD Gaming,704
72628,LPL 2025 Regional Finals,2025-09-27,IG,JD Gaming,Peyz,JD Gaming,228
72628,LPL 2025 Regional Finals,2025-09-27,IG,JD Gaming,Zhuo,JD Gaming,526
72629,LPL 2025 Regional Finals,2025-09-27,IG,JD Gaming,TheShy,IG,881
72629,LPL 2025 Regional Finals,2025-09-27,IG,JD Gaming,Wei,IG,-139
72629,LPL 2025 Regional Finals,2025-09-27,IG,JD Gaming,RooKie,IG,-1554
72629,LPL 2025 Regional Finals,2025-09-27,IG,JD Gaming,GALA,IG,-13
72629,LPL 2025 Regional Finals,2025-09-27,IG,JD Gaming,meiko,IG,37
72629,LPL 2025 Regional Finals,2025-09-27,IG,JD Gaming,Xiaoxu,JD Gaming,-881
72629,LPL 2025 Regional Finals,2025-09-27,IG,JD Gaming,XUN,JD Gaming,139
72629,LPL 2025 Regional Finals,2025-09-27,IG,JD Gaming,Scout,JD Gaming,1554
72629,LPL 2025 Regional Finals,2025-09-27,IG,JD Gaming,Peyz,JD Gaming,13
72629,LPL 2025 Regional Finals,2025-09-27,IG,JD Gaming,Zhuo,JD Gaming,-37
72630,LPL 2025 Regional Finals,2025-09-27,IG,JD Gaming,Xiaoxu,IG,1330
72630,LPL 2025 Regional Finals,2025-09-27,IG,JD Gaming,XUN,IG,-537
72630,LPL 2025 Regional Finals,2025-09-27,IG,JD Gaming,Scout,IG,-253
72630,LPL 2025 Regional Finals,2025-09-27,IG,JD Gaming,Peyz,IG,78
72630,LPL 2025 Regional Finals,2025-09-27,IG,JD Gaming,Zhuo,IG,-288
72630,LPL 2025 Regional Finals,2025-09-27,IG,JD Gaming,TheShy,JD Gaming,-1330
72630,LPL 2025 Regional Finals,2025-09-27,IG,JD Gaming,Wei,JD Gaming,537
72630,LPL 2025 Regional Finals,2025-09-27,IG,JD Gaming,RooKie,JD Gaming,253
72630,LPL 2025 Regional Finals,2025-09-27,IG,JD Gaming,GALA,JD Gaming,-78
72630,LPL 2025 Regional Finals,2025-09-27,IG,JD Gaming,meiko,JD Gaming,288
72631,LPL 2025 Regional Finals,2025-09-27,IG,JD Gaming,Xiaoxu,IG,-740
72631,LPL 2025 Regional Finals,2025-09-27,IG,JD Gaming,XUN,IG,-290
72631,LPL 2025 Regional Finals,2025-09-27,IG,JD Gaming,Scout,IG,-475
72631,LPL 2025 Regional Finals,2025-09-27,IG,JD Gaming,Peyz,IG,-333
72631,LPL 2025 Regional Finals,2025-09-27,IG,JD Gaming,Zhuo,IG,219
72631,LPL 2025 Regional Finals,2025-09-27,IG,JD Gaming,TheShy,JD Gaming,740
72631,LPL 2025 Regional Finals,2025-09-27,IG,JD Gaming,Wei,JD Gaming,290
72631,LPL 2025 Regional Finals,2025-09-27,IG,JD Gaming,RooKie,JD Gaming,475
72631,LPL 2025 Regional Finals,2025-09-27,IG,JD Gaming,GALA,JD Gaming,333
72631,LPL 2025 Regional Finals,2025-09-27,IG,JD Gaming,meiko,JD Gaming,-219
72541,LPL 2025 Regional Finals,2025-09-26,JD Gaming,WBG,Xiaoxu,JD Gaming,-405
72541,LPL 2025 Regional Finals,2025-09-26,JD Gaming,WBG,XUN,JD Gaming,253
72541,LPL 2025 Regional Finals,2025-09-26,JD Gaming,WBG,Scout,JD Gaming,1395
72541,LPL 2025 Regional Finals,2025-09-26,JD Gaming,WBG,Peyz,JD Gaming,524
72541,LPL 2025 Regional Finals,2025-09-26,JD Gaming,WBG,Zhuo,JD Gaming,125
72541,LPL 2025 Regional Finals,2025-09-26,JD Gaming,WBG,Breathe,WBG,405
72541,LPL 2025 Regional Finals,2025-09-26,JD Gaming,WBG,Tian,WBG,-253
72541,LPL 2025 Regional Finals,2025-09-26,JD Gaming,WBG,xiaohu,WBG,-1395
72541,LPL 2025 Regional Finals,2025-09-26,JD Gaming,WBG,Light,WBG,-524
72541,LPL 2025 Regional Finals,2025-09-26,JD Gaming,WBG,Crisp,WBG,-125
72542,LPL 2025 Regional Finals,2025-09-26,JD Gaming,WBG,Breathe,JD Gaming,-752
72542,LPL 2025 Regional Finals,2025-09-26,JD Gaming,WBG,Tian,JD Gaming,-356
72542,LPL 2025 Regional Finals,2025-09-26,JD Gaming,WBG,xiaohu,JD Gaming,-1131
72542,LPL 2025 Regional Finals,2025-09-26,JD Gaming,WBG,Light,JD Gaming,-339
72542,LPL 2025 Regional Finals,2025-09-26,JD Gaming,WBG,Crisp,JD Gaming,-381
72542,LPL 2025 Regional Finals,2025-09-26,JD Gaming,WBG,Xiaoxu,WBG,752
72542,LPL 2025 Regional Finals,2025-09-26,JD Gaming,WBG,XUN,WBG,356
72542,LPL 2025 Regional Finals,2025-09-26,JD Gaming,WBG,Scout,WBG,1131
72542,LPL 2025 Regional Finals,2025-09-26,JD Gaming,WBG,Peyz,WBG,339
72542,LPL 2025 Regional Finals,2025-09-26,JD Gaming,WBG,Zhuo,WBG,381
72543,LPL 2025 Regional Finals,2025-09-26,JD Gaming,WBG,Breathe,JD Gaming,-1168
72543,LPL 2025 Regional Finals,2025-09-26,JD Gaming,WBG,Tian,JD Gaming,446
72543,LPL 2025 Regional Finals,2025-09-26,JD Gaming,WBG,xiaohu,JD Gaming,280
72543,LPL 2025 Regional Finals,2025-09-26,JD Gaming,WBG,Light,JD Gaming,-1895
72543,LPL 2025 Regional Finals,2025-09-26,JD Gaming,WBG,Crisp,JD Gaming,263
72543,LPL 2025 Regional Finals,2025-09-26,JD Gaming,WBG,Xiaoxu,WBG,1168
72543,LPL 2025 Regional Finals,2025-09-26,JD Gaming,WBG,XUN,WBG,-446
72543,LPL 2025 Regional Finals,2025-09-26,JD Gaming,WBG,Scout,WBG,-280
72543,LPL 2025 Regional Finals,2025-09-26,JD Gaming,WBG,Peyz,WBG,1895
72543,LPL 2025 Regional Finals,2025-09-26,JD Gaming,WBG,Zhuo,WBG,-263
72544,LPL 2025 Regional Finals,2025-09-26,JD Gaming,WBG,Xiaoxu,JD Gaming,-72
72544,LPL 2025 Regional Finals,2025-09-26,JD Gaming,WBG,XUN,JD Gaming,-207
72544,LPL 2025 Regional Finals,2025-09-26,JD Gaming,WBG,Scout,JD Gaming,990
72544,LPL 2025 Regional Finals,2025-09-26,JD Gaming,WBG,Peyz,JD Gaming,313
72544,LPL 2025 Regional Finals,2025-09-26,JD Gaming,WBG,Zhuo,JD Gaming,632
72544,LPL 2025 Regional Finals,2025-09-26,JD Gaming,WBG,Breathe,WBG,72
72544,LPL 2025 Regional Finals,2025-09-26,JD Gaming,WBG,Tian,WBG,207
72544,LPL 2025 Regional Finals,2025-09-26,JD Gaming,WBG,xiaohu,WBG,-990
72544,LPL 2025 Regional Finals,2025-09-26,JD Gaming,WBG,Light,WBG,-313
72544,LPL 2025 Regional Finals,2025-09-26,JD Gaming,WBG,Crisp,WBG,-632
72536,LPL 2025 Regional Finals,2025-09-25,Top Esports,IG,369,Top Esports,-82
72536,LPL 2025 Regional Finals,2025-09-25,Top Esports,IG,Kanavi,Top Esports,296
72536,LPL 2025 Regional Finals,2025-09-25,Top Esports,IG,Creme,Top Esports,602
72536,LPL 2025 Regional Finals,2025-09-25,Top Esports,IG,JackeyLove,Top Esports,1413
72536,LPL 2025 Regional Finals,2025-09-25,Top Esports,IG,Hang,Top Esports,494
72536,LPL 2025 Regional Finals,2025-09-25,Top Esports,IG,TheShy,IG,82
72536,LPL 2025 Regional Finals,2025-09-25,Top Esports,IG,Wei,IG,-296
72536,LPL 2025 Regional Finals,2025-09-25,Top Esports,IG,RooKie,IG,-602
72536,LPL 2025 Regional Finals,2025-09-25,Top Esports,IG,GALA,IG,-1413
72536,LPL 2025 Regional Finals,2025-09-25,Top Esports,IG,meiko,IG,-494
72537,LPL 2025 Regional Finals,2025-09-25,Top Esports,IG,TheShy,Top Esports,12
72537,LPL 2025 Regional Finals,2025-09-25,Top Esports,IG,Wei,Top Esports,-668
72537,LPL 2025 Regional Finals,2025-09-25,Top Esports,IG,RooKie,Top Esports,394
72537,LPL 2025 Regional Finals,2025-09-25,Top Esports,IG,GALA,Top Esports,424
72537,LPL 2025 Regional Finals,2025-09-25,Top Esports,IG,meiko,Top Esports,26
72537,LPL 2025 Regional Finals,2025-09-25,Top Esports,IG,369,IG,-12
72537,LPL 2025 Regional Finals,2025-09-25,Top Esports,IG,Kanavi,IG,668
72537,LPL 2025 Regional Finals,2025-09-25,Top Esports,IG,Creme,IG,-394
72537,LPL 2025 Regional Finals,2025-09-25,Top Esports,IG,JackeyLove,IG,-424
72537,LPL 2025 Regional Finals,2025-09-25,Top Esports,IG,Hang,IG,-26
72538,LPL 2025 Regional Finals,2025-09-25,Top Esports,IG,TheShy,Top Esports,814
72538,LPL 2025 Regional Finals,2025-09-25,Top Esports,IG,Wei,Top Esports,161
72538,LPL 2025 Regional Finals,2025-09-25,Top Esports,IG,RooKie,Top Esports,-352
72538,LPL 2025 Regional Finals,2025-09-25,Top Esports,IG,GALA,Top Esports,435
72538,LPL 2025 Regional Finals,2025-09-25,Top Esports,IG,meiko,Top Esports,-380
72538,LPL 2025 Regional Finals,2025-09-25,Top Esports,IG,369,IG,-814
72538,LPL 2025 Regional Finals,2025-09-25,Top Esports,IG,Kanavi,IG,-161
72538,LPL 2025 Regional Finals,2025-09-25,Top Esports,IG,Creme,IG,352
72538,LPL 2025 Regional Finals,2025-09-25,Top Esports,IG,JackeyLove,IG,-435
72538,LPL 2025 Regional Finals,2025-09-25,Top Esports,IG,Hang,IG,380
72539,LPL 2025 Regional Finals,2025-09-25,Top Esports,IG,369,Top Esports,425
72539,LPL 2025 Regional Finals,2025-09-25,Top Esports,IG,Kanavi,Top Esports,153
72539,LPL 2025 Regional Finals,2025-09-25,Top Esports,IG,Creme,Top Esports,458
72539,LPL 2025 Regional Finals,2025-09-25,Top Esports,IG,JackeyLove,Top Esports,1429
72539,LPL 2025 Regional Finals,2025-09-25,Top Esports,IG,Hang,Top Esports,458
72539,LPL 2025 Regional Finals,2025-09-25,Top Esports,IG,TheShy,IG,-425
72539,LPL 2025 Regional Finals,2025-09-25,Top Esports,IG,Wei,IG,-153
72539,LPL 2025 Regional Finals,2025-09-25,Top Esports,IG,RooKie,IG,-458
72539,LPL 2025 Regional Finals,2025-09-25,Top Esports,IG,GALA,IG,-1429
72539,LPL 2025 Regional Finals,2025-09-25,Top Esports,IG,meiko,IG,-458
74131,LPL 2026 Split 1,2026-02-07,NIP,Team WE,Cube,NIP,900
74131,LPL 2026 Split 1,2026-02-07,NIP,Team WE,Monki,NIP,-1531
74131,LPL 2026 Split 1,2026-02-07,NIP,Team WE,Karis,NIP,-425
74131,LPL 2026 Split 1,2026-02-07,NIP,Team WE,About,NIP,-918
74131,LPL 2026 Split 1,2026-02-07,NIP,Team WE,yaoyao,NIP,-41
74131,LPL 2026 Split 1,2026-02-07,NIP,Team WE,Hoya,Team WE,-900
74131,LPL 2026 Split 1,2026-02-07,NIP,Team WE,Guwon,Team WE,1531
74131,LPL 2026 Split 1,2026-02-07,NIP,Team WE,Care,Team WE,425
74131,LPL 2026 Split 1,2026-02-07,NIP,Team WE,Assum,Team WE,918
74131,LPL 2026 Split 1,2026-02-07,NIP,Team WE,Zhuo,Team WE,41
74132,LPL 2026 Split 1,2026-02-07,NIP,Team WE,Cube,NIP,1278
74132,LPL 2026 Split 1,2026-02-07,NIP,Team WE,Monki,NIP,-361
74132,LPL 2026 Split 1,2026-02-07,NIP,Team WE,Karis,NIP,-689
74132,LPL 2026 Split 1,2026-02-07,NIP,Team WE,About,NIP,-720
74132,LPL 2026 Split 1,2026-02-07,NIP,Team WE,yaoyao,NIP,-436
74132,LPL 2026 Split 1,2026-02-07,NIP,Team WE,Hoya,Team WE,-1278
74132,LPL 2026 Split 1,2026-02-07,NIP,Team WE,Guwon,Team WE,361
74132,LPL 2026 Split 1,2026-02-07,NIP,Team WE,Care,Team WE,689
74132,LPL 2026 Split 1,2026-02-07,NIP,Team WE,Assum,Team WE,720
74132,LPL 2026 Split 1,2026-02-07,NIP,Team WE,Zhuo,Team WE,436
74005,LPL 2026 Split 1,2026-02-06,AL,BLG,Bin,AL,1516
74005,LPL 2026 Split 1,2026-02-06,AL,BLG,XUN,AL,115
74005,LPL 2026 Split 1,2026-02-06,AL,BLG,Knight,AL,105
74005,LPL 2026 Split 1,2026-02-06,AL,BLG,Viper,AL,-1309
74005,LPL 2026 Split 1,2026-02-06,AL,BLG,ON,AL,-172
74005,LPL 2026 Split 1,2026-02-06,AL,BLG,Flandre,BLG,-1516
74005,LPL 2026 Split 1,2026-02-06,AL,BLG,Tarzan,BLG,-115
74005,LPL 2026 Split 1,2026-02-06,AL,BLG,Shanks,BLG,-105
74005,LPL 2026 Split 1,2026-02-06,AL,BLG,Hope,BLG,1309
74005,LPL 2026 Split 1,2026-02-06,AL,BLG,Kael,BLG,172
74006,LPL 2026 Split 1,2026-02-06,AL,BLG,Bin,AL,287
74006,LPL 2026 Split 1,2026-02-06,AL,BLG,XUN,AL,-144
74006,LPL 2026 Split 1,2026-02-06,AL,BLG,Knight,AL,-213
74006,LPL 2026 Split 1,2026-02-06,AL,BLG,Viper,AL,-247
74006,LPL 2026 Split 1,2026-02-06,AL,BLG,ON,AL,278
74006,LPL 2026 Split 1,2026-02-06,AL,BLG,Flandre,BLG,-287
74006,LPL 2026 Split 1,2026-02-06,AL,BLG,Tarzan,BLG,144
74006,LPL 2026 Split 1,2026-02-06,AL,BLG,Shanks,BLG,213
74006,LPL 2026 Split 1,2026-02-06,AL,BLG,Hope,BLG,247
74006,LPL 2026 Split 1,2026-02-06,AL,BLG,Kael,BLG,-278
74007,LPL 2026 Split 1,2026-02-06,AL,BLG,Flandre,AL,351
74007,LPL 2026 Split 1,2026-02-06,AL,BLG,Tarzan,AL,487
74007,LPL 2026 Split 1,2026-02-06,AL,BLG,Shanks,AL,623
74007,LPL 2026 Split 1,2026-02-06,AL,BLG,Hope,AL,840
74007,LPL 2026 Split 1,2026-02-06,AL,BLG,Kael,AL,-124
74007,LPL 2026 Split 1,2026-02-06,AL,BLG,Bin,BLG,-351
74007,LPL 2026 Split 1,2026-02-06,AL,BLG,XUN,BLG,-487
74007,LPL 2026 Split 1,2026-02-06,AL,BLG,Knight,BLG,-623
74007,LPL 2026 Split 1,2026-02-06,AL,BLG,Viper,BLG,-840
74007,LPL 2026 Split 1,2026-02-06,AL,BLG,ON,BLG,124
74002,LPL 2026 Split 1,2026-02-06,IG,WBG,Zika,IG,817
74002,LPL 2026 Split 1,2026-02-06,IG,WBG,Jiejie,IG,833
74002,LPL 2026 Split 1,2026-02-06,IG,WBG,xiaohu,IG,525
74002,LPL 2026 Split 1,2026-02-06,IG,WBG,Elk,IG,1279
74002,LPL 2026 Split 1,2026-02-06,IG,WBG,Erha,IG,758
74002,LPL 2026 Split 1,2026-02-06,IG,WBG,Soboro,WBG,-817
74002,LPL 2026 Split 1,2026-02-06,IG,WBG,Wei,WBG,-833
74002,LPL 2026 Split 1,2026-02-06,IG,WBG,RooKie,WBG,-525
74002,LPL 2026 Split 1,2026-02-06,IG,WBG,Photic,WBG,-1279
74002,LPL 2026 Split 1,2026-02-06,IG,WBG,Jwei,WBG,-758
74003,LPL 2026 Split 1,2026-02-06,IG,WBG,Zika,IG,834
74003,LPL 2026 Split 1,2026-02-06,IG,WBG,Jiejie,IG,127
74003,LPL 2026 Split 1,2026-02-06,IG,WBG,xiaohu,IG,913
74003,LPL 2026 Split 1,2026-02-06,IG,WBG,Elk,IG,-1185
74003,LPL 2026 Split 1,2026-02-06,IG,WBG,Erha,IG,-327
74003,LPL 2026 Split 1,2026-02-06,IG,WBG,Soboro,WBG,-834
74003,LPL 2026 Split 1,2026-02-06,IG,WBG,Wei,WBG,-127
74003,LPL 2026 Split 1,2026-02-06,IG,WBG,RooKie,WBG,-913
74003,LPL 2026 Split 1,2026-02-06,IG,WBG,Photic,WBG,1185
74003,LPL 2026 Split 1,2026-02-06,IG,WBG,Jwei,WBG,327
73999,LPL 2026 Split 1,2026-02-05,JD Gaming,Top Esports,369,JD Gaming,-280
73999,LPL 2026 Split 1,2026-02-05,JD Gaming,Top Esports,naiyou,JD Gaming,139
73999,LPL 2026 Split 1,2026-02-05,JD Gaming,Top Esports,Creme,JD Gaming,-261
73999,LPL 2026 Split 1,2026-02-05,JD Gaming,Top Esports,JiaQi,JD Gaming,-223
73999,LPL 2026 Split 1,2026-02-05,JD Gaming,Top Esports,fengyue,JD Gaming,25
73999,LPL 2026 Split 1,2026-02-05,JD Gaming,Top Esports,Xiaoxu,Top Esports,280
73999,LPL 2026 Split 1,2026-02-05,JD Gaming,Top Esports,JunJia,Top Esports,-139
73999,LPL 2026 Split 1,2026-02-05,JD Gaming,Top Esports,HongQ,Top Esports,261
73999,LPL 2026 Split 1,2026-02-05,JD Gaming,Top Esports,GALA,Top Esports,223
73999,LPL 2026 Split 1,2026-02-05,JD Gaming,Top Esports,Vampire,Top Esports,-25
74000,LPL 2026 Split 1,2026-02-05,JD Gaming,Top Esports,Xiaoxu,JD Gaming,379
74000,LPL 2026 Split 1,2026-02-05,JD Gaming,Top Esports,JunJia,JD Gaming,345
74000,LPL 2026 Split 1,2026-02-05,JD Gaming,Top Esports,HongQ,JD Gaming,-353
74000,LPL 2026 Split 1,2026-02-05,JD Gaming,Top Esports,GALA,JD Gaming,-949
74000,LPL 2026 Split 1,2026-02-05,JD Gaming,Top Esports,Vampire,JD Gaming,206
74000,LPL 2026 Split 1,2026-02-05,JD Gaming,Top Esports,369,Top Esports,-379
74000,LPL 2026 Split 1,2026-02-05,JD Gaming,Top Esports,naiyou,Top Esports,-345
74000,LPL 2026 Split 1,2026-02-05,JD Gaming,Top Esports,Creme,Top Esports,353
74000,LPL 2026 Split 1,2026-02-05,JD Gaming,Top Esports,JiaQi,Top Esports,949
74000,LPL 2026 Split 1,2026-02-05,JD Gaming,Top Esports,fengyue,Top Esports,-206
73996,LPL 2026 Split 1,2026-02-05,NIP,TT,Keshi,NIP,-73
73996,LPL 2026 Split 1,2026-02-05,NIP,TT,Junhao,NIP,-789
73996,LPL 2026 Split 1,2026-02-05,NIP,TT,Heru,NIP,-1454
73996,LPL 2026 Split 1,2026-02-05,NIP,TT,Ryan3,NIP,-515
73996,LPL 2026 Split 1,2026-02-05,NIP,TT,Feather,NIP,-489
73996,LPL 2026 Split 1,2026-02-05,NIP,TT,Hoya,TT,73
73996,LPL 2026 Split 1,2026-02-05,NIP,TT,Guwon,TT,789
73996,LPL 2026 Split 1,2026-02-05,NIP,TT,Care,TT,1454
73996,LPL 2026 Split 1,2026-02-05,NIP,TT,Assum,TT,515
73996,LPL 2026 Split 1,2026-02-05,NIP,TT,Zhuo,TT,489
73997,LPL 2026 Split 1,2026-02-05,NIP,TT,Keshi,NIP,832
73997,LPL 2026 Split 1,2026-02-05,NIP,TT,Junhao,NIP,-949
73997,LPL 2026 Split 1,2026-02-05,NIP,TT,Heru,NIP,-703
73997,LPL 2026 Split 1,2026-02-05,NIP,TT,Ryan3,NIP,-506
73997,LPL 2026 Split 1,2026-02-05,NIP,TT,Feather,NIP,-297
73997,LPL 2026 Split 1,2026-02-05,NIP,TT,Hoya,TT,-832
73997,LPL 2026 Split 1,2026-02-05,NIP,TT,Guwon,TT,949
73997,LPL 2026 Split 1,2026-02-05,NIP,TT,Care,TT,703
73997,LPL 2026 Split 1,2026-02-05,NIP,TT,Assum,TT,506
73997,LPL 2026 Split 1,2026-02-05,NIP,TT,Zhuo,TT,297
73993,LPL 2026 Split 1,2026-02-04,WBG,AL,Flandre,WBG,231
73993,LPL 2026 Split 1,2026-02-04,WBG,AL,Tarzan,WBG,-106
73993,LPL 2026 Split 1,2026-02-04,WBG,AL,Shanks,WBG,1754
73993,LPL 2026 Split 1,2026-02-04,WBG,AL,Hope,WBG,-160
73993,LPL 2026 Split 1,2026-02-04,WBG,AL,Kael,WBG,-283
73993,LPL 2026 Split 1,2026-02-04,WBG,AL,Zika,AL,-231
73993,LPL 2026 Split 1,2026-02-04,WBG,AL,Jiejie,AL,106
73993,LPL 2026 Split 1,2026-02-04,WBG,AL,xiaohu,AL,-1754
73993,LPL 2026 Split 1,2026-02-04,WBG,AL,Elk,AL,160
73993,LPL 2026 Split 1,2026-02-04,WBG,AL,Erha,AL,283
73994,LPL 2026 Split 1,2026-02-04,WBG,AL,Zika,WBG,-705
73994,LPL 2026 Split 1,2026-02-04,WBG,AL,Jiejie,WBG,-812
73994,LPL 2026 Split 1,2026-02-04,WBG,AL,xiaohu,WBG,-1046
73994,LPL 2026 Split 1,2026-02-04,WBG,AL,Elk,WBG,-673
73994,LPL 2026 Split 1,2026-02-04,WBG,AL,Erha,WBG,63
73994,LPL 2026 Split 1,2026-02-04,WBG,AL,Flandre,AL,705
73994,LPL 2026 Split 1,2026-02-04,WBG,AL,Tarzan,AL,812
73994,LPL 2026 Split 1,2026-02-04,WBG,AL,Shanks,AL,1046
73994,LPL 2026 Split 1,2026-02-04,WBG,AL,Hope,AL,673
73994,LPL 2026 Split 1,2026-02-04,WBG,AL,Kael,AL,-63
73995,LPL 2026 Split 1,2026-02-04,WBG,AL,Flandre,WBG,-1374
73995,LPL 2026 Split 1,2026-02-04,WBG,AL,Tarzan,WBG,248
73995,LPL 2026 Split 1,2026-02-04,WBG,AL,Shanks,WBG,570
73995,LPL 2026 Split 1,2026-02-04,WBG,AL,Hope,WBG,-430
73995,LPL 2026 Split 1,2026-02-04,WBG,AL,Kael,WBG,-359
73995,LPL 2026 Split 1,2026-02-04,WBG,AL,Zika,AL,1374
73995,LPL 2026 Split 1,2026-02-04,WBG,AL,Jiejie,AL,-248
73995,LPL 2026 Split 1,2026-02-04,WBG,AL,xiaohu,AL,-570
73995,LPL 2026 Split 1,2026-02-04,WBG,AL,Elk,AL,430
73995,LPL 2026 Split 1,2026-02-04,WBG,AL,Erha,AL,359
73990,LPL 2026 Split 1,2026-02-04,EDG,Team WE,Cube,EDG,-435
73990,LPL 2026 Split 1,2026-02-04,EDG,Team WE,Monki,EDG,-461
73990,LPL 2026 Split 1,2026-02-04,EDG,Team WE,Karis,EDG,-1088
73990,LPL 2026 Split 1,2026-02-04,EDG,Team WE,About,EDG,-1390
73990,LPL 2026 Split 1,2026-02-04,EDG,Team WE,yaoyao,EDG,-150
73990,LPL 2026 Split 1,2026-02-04,EDG,Team WE,Zdz,Team WE,435
73990,LPL 2026 Split 1,2026-02-04,EDG,Team WE,Xiaohao,Team WE,461
73990,LPL 2026 Split 1,2026-02-04,EDG,Team WE,Angel,Team WE,1088
73990,LPL 2026 Split 1,2026-02-04,EDG,Team WE,Leave,Team WE,1390
73990,LPL 2026 Split 1,2026-02-04,EDG,Team WE,Parukia,Team WE,150
73991,LPL 2026 Split 1,2026-02-04,EDG,Team WE,Zdz,EDG,238
73991,LPL 2026 Split 1,2026-02-04,EDG,Team WE,Xiaohao,EDG,-738
73991,LPL 2026 Split 1,2026-02-04,EDG,Team WE,Angel,EDG,-254
73991,LPL 2026 Split 1,2026-02-04,EDG,Team WE,Leave,EDG,-144
73991,LPL 2026 Split 1,2026-02-04,EDG,Team WE,Parukia,EDG,33
73991,LPL 2026 Split 1,2026-02-04,EDG,Team WE,Cube,Team WE,-238
73991,LPL 2026 Split 1,2026-02-04,EDG,Team WE,Monki,Team WE,738
73991,LPL 2026 Split 1,2026-02-04,EDG,Team WE,Karis,Team WE,254
73991,LPL 2026 Split 1,2026-02-04,EDG,Team WE,About,Team WE,144
73991,LPL 2026 Split 1,2026-02-04,EDG,Team WE,yaoyao,Team WE,-33
73987,LPL 2026 Split 1,2026-02-03,IG,JD Gaming,Xiaoxu,IG,-683
73987,LPL 2026 Split 1,2026-02-03,IG,JD Gaming,JunJia,IG,-1408
73987,LPL 2026 Split 1,2026-02-03,IG,JD Gaming,HongQ,IG,198
73987,LPL 2026 Split 1,2026-02-03,IG,JD Gaming,GALA,IG,-777
73987,LPL 2026 Split 1,2026-02-03,IG,JD Gaming,Vampire,IG,-234
73987,LPL 2026 Split 1,2026-02-03,IG,JD Gaming,Soboro,JD Gaming,683
73987,LPL 2026 Split 1,2026-02-03,IG,JD Gaming,Wei,JD Gaming,1408
73987,LPL 2026 Split 1,2026-02-03,IG,JD Gaming,RooKie,JD Gaming,-198
73987,LPL 2026 Split 1,2026-02-03,IG,JD Gaming,Photic,JD Gaming,777
73987,LPL 2026 Split 1,2026-02-03,IG,JD Gaming,Jwei,JD Gaming,234
73988,LPL 2026 Split 1,2026-02-03,IG,JD Gaming,Xiaoxu,IG,256
73988,LPL 2026 Split 1,2026-02-03,IG,JD Gaming,JunJia,IG,387
73988,LPL 2026 Split 1,2026-02-03,IG,JD Gaming,HongQ,IG,754
73988,LPL 2026 Split 1,2026-02-03,IG,JD Gaming,GALA,IG,-216
73988,LPL 2026 Split 1,2026-02-03,IG,JD Gaming,Vampire,IG,-39
73988,LPL 2026 Split 1,2026-02-03,IG,JD Gaming,Soboro,JD Gaming,-256
73988,LPL 2026 Split 1,2026-02-03,IG,JD Gaming,Wei,JD Gaming,-387
73988,LPL 2026 Split 1,2026-02-03,IG,JD Gaming,RooKie,JD Gaming,-754
73988,LPL 2026 Split 1,2026-02-03,IG,JD Gaming,Photic,JD Gaming,216
73988,LPL 2026 Split 1,2026-02-03,IG,JD Gaming,Jwei,JD Gaming,39
73989,LPL 2026 Split 1,2026-02-03,IG,JD Gaming,Xiaoxu,IG,350
73989,LPL 2026 Split 1,2026-02-03,IG,JD Gaming,JunJia,IG,-470
73989,LPL 2026 Split 1,2026-02-03,IG,JD Gaming,HongQ,IG,-233
73989,LPL 2026 Split 1,2026-02-03,IG,JD Gaming,GALA,IG,-577
73989,LPL 2026 Split 1,2026-02-03,IG,JD Gaming,Vampire,IG,-202
73989,LPL 2026 Split 1,2026-02-03,IG,JD Gaming,Soboro,JD Gaming,-350
73989,LPL 2026 Split 1,2026-02-03,IG,JD Gaming,Wei,JD Gaming,470
73989,LPL 2026 Split 1,2026-02-03,IG,JD Gaming,RooKie,JD Gaming,233
73989,LPL 2026 Split 1,2026-02-03,IG,JD Gaming,Photic,JD Gaming,577
73989,LPL 2026 Split 1,2026-02-03,IG,JD Gaming,Jwei,JD Gaming,202
73984,LPL 2026 Split 1,2026-02-03,LNG Esports,Ultra Prime,sheer,LNG Esports,1235
73984,LPL 2026 Split 1,2026-02-03,LNG Esports,Ultra Prime,Croco,LNG Esports,572
73984,LPL 2026 Split 1,2026-02-03,LNG Esports,Ultra Prime,Bulldog,LNG Esports,426
73984,LPL 2026 Split 1,2026-02-03,LNG Esports,Ultra Prime,1xn,LNG Esports,-782
73984,LPL 2026 Split 1,2026-02-03,LNG Esports,Ultra Prime,Missing,LNG Esports,-170
73984,LPL 2026 Split 1,2026-02-03,LNG Esports,Ultra Prime,Liangchen,Ultra Prime,-1235
73984,LPL 2026 Split 1,2026-02-03,LNG Esports,Ultra Prime,Grizzly,Ultra Prime,-572
73984,LPL 2026 Split 1,2026-02-03,LNG Esports,Ultra Prime,Saber,Ultra Prime,-426
73984,LPL 2026 Split 1,2026-02-03,LNG Esports,Ultra Prime,Hena,Ultra Prime,782
73984,LPL 2026 Split 1,2026-02-03,LNG Esports,Ultra Prime,Xiaoxia,Ultra Prime,170
73985,LPL 2026 Split 1,2026-02-03,LNG Esports,Ultra Prime,sheer,LNG Esports,413
73985,LPL 2026 Split 1,2026-02-03,LNG Esports,Ultra Prime,Croco,LNG Esports,275
73985,LPL 2026 Split 1,2026-02-03,LNG Esports,Ultra Prime,Bulldog,LNG Esports,1535
73985,LPL 2026 Split 1,2026-02-03,LNG Esports,Ultra Prime,1xn,LNG Esports,712
73985,LPL 2026 Split 1,2026-02-03,LNG Esports,Ultra Prime,Missing,LNG Esports,239
73985,LPL 2026 Split 1,2026-02-03,LNG Esports,Ultra Prime,Liangchen,Ultra Prime,-413
73985,LPL 2026 Split 1,2026-02-03,LNG Esports,Ultra Prime,Grizzly,Ultra Prime,-275
73985,LPL 2026 Split 1,2026-02-03,LNG Esports,Ultra Prime,Saber,Ultra Prime,-1535
73985,LPL 2026 Split 1,2026-02-03,LNG Esports,Ultra Prime,Hena,Ultra Prime,-712
73985,LPL 2026 Split 1,2026-02-03,LNG Esports,Ultra Prime,Xiaoxia,Ultra Prime,-239
73981,LPL 2026 Split 1,2026-02-02,BLG,WBG,Zika,BLG,-243
73981,LPL 2026 Split 1,2026-02-02,BLG,WBG,Jiejie,BLG,-542
73981,LPL 2026 Split 1,2026-02-02,BLG,WBG,xiaohu,BLG,-601
73981,LPL 2026 Split 1,2026-02-02,BLG,WBG,Elk,BLG,-237
73981,LPL 2026 Split 1,2026-02-02,BLG,WBG,Erha,BLG,-566
73981,LPL 2026 Split 1,2026-02-02,BLG,WBG,Bin,WBG,243
73981,LPL 2026 Split 1,2026-02-02,BLG,WBG,XUN,WBG,542
73981,LPL 2026 Split 1,2026-02-02,BLG,WBG,Knight,WBG,601
73981,LPL 2026 Split 1,2026-02-02,BLG,WBG,Viper,WBG,237
73981,LPL 2026 Split 1,2026-02-02,BLG,WBG,ON,WBG,566
73982,LPL 2026 Split 1,2026-02-02,BLG,WBG,Bin,BLG,1017
73982,LPL 2026 Split 1,2026-02-02,BLG,WBG,XUN,BLG,64
73982,LPL 2026 Split 1,2026-02-02,BLG,WBG,Knight,BLG,-355
73982,LPL 2026 Split 1,2026-02-02,BLG,WBG,Viper,BLG,-529
73982,LPL 2026 Split 1,2026-02-02,BLG,WBG,ON,BLG,-628
73982,LPL 2026 Split 1,2026-02-02,BLG,WBG,Zika,WBG,-1017
73982,LPL 2026 Split 1,2026-02-02,BLG,WBG,Jiejie,WBG,-64
73982,LPL 2026 Split 1,2026-02-02,BLG,WBG,xiaohu,WBG,355
73982,LPL 2026 Split 1,2026-02-02,BLG,WBG,Elk,WBG,529
73982,LPL 2026 Split 1,2026-02-02,BLG,WBG,Erha,WBG,628
73978,LPL 2026 Split 1,2026-02-02,LGD Gaming,Oh My God,sasi,LGD Gaming,-368
73978,LPL 2026 Split 1,2026-02-02,LGD Gaming,Oh My God,Heng,LGD Gaming,433
73978,LPL 2026 Split 1,2026-02-02,LGD Gaming,Oh My God,Tangyuan,LGD Gaming,205
73978,LPL 2026 Split 1,2026-02-02,LGD Gaming,Oh My God,Shaoye,LGD Gaming,993
73978,LPL 2026 Split 1,2026-02-02,LGD Gaming,Oh My God,Ycx,LGD Gaming,537
73978,LPL 2026 Split 1,2026-02-02,LGD Gaming,Oh My God,Hery,Oh My God,368
73978,LPL 2026 Split 1,2026-02-02,LGD Gaming,Oh My God,re0,Oh My God,-433
73978,LPL 2026 Split 1,2026-02-02,LGD Gaming,Oh My God,Haichao,Oh My God,-205
73978,LPL 2026 Split 1,2026-02-02,LGD Gaming,Oh My God,Starry,Oh My God,-993
73978,LPL 2026 Split 1,2026-02-02,LGD Gaming,Oh My God,Moham,Oh My God,-537
73979,LPL 2026 Split 1,2026-02-02,LGD Gaming,Oh My God,sasi,LGD Gaming,-86
73979,LPL 2026 Split 1,2026-02-02,LGD Gaming,Oh My God,Heng,LGD Gaming,237
73979,LPL 2026 Split 1,2026-02-02,LGD Gaming,Oh My God,Tangyuan,LGD Gaming,-1020
73979,LPL 2026 Split 1,2026-02-02,LGD Gaming,Oh My God,Shaoye,LGD Gaming,1117
73979,LPL 2026 Split 1,2026-02-02,LGD Gaming,Oh My God,Ycx,LGD Gaming,-152
73979,LPL 2026 Split 1,2026-02-02,LGD Gaming,Oh My God,Hery,Oh My God,86
73979,LPL 2026 Split 1,2026-02-02,LGD Gaming,Oh My God,re0,Oh My God,-237
73979,LPL 2026 Split 1,2026-02-02,LGD Gaming,Oh My God,Haichao,Oh My God,1020
73979,LPL 2026 Split 1,2026-02-02,LGD Gaming,Oh My God,Starry,Oh My God,-1117
73979,LPL 2026 Split 1,2026-02-02,LGD Gaming,Oh My God,Moham,Oh My God,152
73980,LPL 2026 Split 1,2026-02-02,LGD Gaming,Oh My God,sasi,LGD Gaming,-60
73980,LPL 2026 Split 1,2026-02-02,LGD Gaming,Oh My God,Heng,LGD Gaming,89
73980,LPL 2026 Split 1,2026-02-02,LGD Gaming,Oh My God,Tangyuan,LGD Gaming,-772
73980,LPL 2026 Split 1,2026-02-02,LGD Gaming,Oh My God,Shaoye,LGD Gaming,-614
73980,LPL 2026 Split 1,2026-02-02,LGD Gaming,Oh My God,Ycx,LGD Gaming,-152
73980,LPL 2026 Split 1,2026-02-02,LGD Gaming,Oh My God,Hery,Oh My God,60
73980,LPL 2026 Split 1,2026-02-02,LGD Gaming,Oh My God,re0,Oh My God,-89
73980,LPL 2026 Split 1,2026-02-02,LGD Gaming,Oh My God,Haichao,Oh My God,772
73980,LPL 2026 Split 1,2026-02-02,LGD Gaming,Oh My God,Starry,Oh My God,614
73980,LPL 2026 Split 1,2026-02-02,LGD Gaming,Oh My God,Moham,Oh My God,152
73648,LPL 2026 Split 1,2026-02-01,AL,Top Esports,369,AL,-2070
73648,LPL 2026 Split 1,2026-02-01,AL,Top Esports,naiyou,AL,-296
73648,LPL 2026 Split 1,2026-02-01,AL,Top Esports,Creme,AL,1499
73648,LPL 2026 Split 1,2026-02-01,AL,Top Esports,JiaQi,AL,-1944
73648,LPL 2026 Split 1,2026-02-01,AL,Top Esports,fengyue,AL,422
73648,LPL 2026 Split 1,2026-02-01,AL,Top Esports,Flandre,Top Esports,2070
73648,LPL 2026 Split 1,2026-02-01,AL,Top Esports,Tarzan,Top Esports,296
73648,LPL 2026 Split 1,2026-02-01,AL,Top Esports,Shanks,Top Esports,-1499
73648,LPL 2026 Split 1,2026-02-01,AL,Top Esports,Hope,Top Esports,1944
73648,LPL 2026 Split 1,2026-02-01,AL,Top Esports,Kael,Top Esports,-422
73649,LPL 2026 Split 1,2026-02-01,AL,Top Esports,Flandre,AL,657
73649,LPL 2026 Split 1,2026-02-01,AL,Top Esports,Tarzan,AL,619
73649,LPL 2026 Split 1,2026-02-01,AL,Top Esports,Shanks,AL,105
73649,LPL 2026 Split 1,2026-02-01,AL,Top Esports,Hope,AL,1509
73649,LPL 2026 Split 1,2026-02-01,AL,Top Esports,Kael,AL,584
73649,LPL 2026 Split 1,2026-02-01,AL,Top Esports,369,Top Esports,-657
73649,LPL 2026 Split 1,2026-02-01,AL,Top Esports,naiyou,Top Esports,-619
73649,LPL 2026 Split 1,2026-02-01,AL,Top Esports,Creme,Top Esports,-105
73649,LPL 2026 Split 1,2026-02-01,AL,Top Esports,JiaQi,Top Esports,-1509
73649,LPL 2026 Split 1,2026-02-01,AL,Top Esports,fengyue,Top Esports,-584
73645,LPL 2026 Split 1,2026-02-01,LGD Gaming,LNG Esports,sheer,LGD Gaming,540
73645,LPL 2026 Split 1,2026-02-01,LGD Gaming,LNG Esports,Croco,LGD Gaming,-537
73645,LPL 2026 Split 1,2026-02-01,LGD Gaming,LNG Esports,Bulldog,LGD Gaming,-1176
73645,LPL 2026 Split 1,2026-02-01,LGD Gaming,LNG Esports,1xn,LGD Gaming,178
73645,LPL 2026 Split 1,2026-02-01,LGD Gaming,LNG Esports,Missing,LGD Gaming,-430
73645,LPL 2026 Split 1,2026-02-01,LGD Gaming,LNG Esports,sasi,LNG Esports,-540
73645,LPL 2026 Split 1,2026-02-01,LGD Gaming,LNG Esports,Heng,LNG Esports,537
73645,LPL 2026 Split 1,2026-02-01,LGD Gaming,LNG Esports,Tangyuan,LNG Esports,1176
73645,LPL 2026 Split 1,2026-02-01,LGD Gaming,LNG Esports,Shaoye,LNG Esports,-178
73645,LPL 2026 Split 1,2026-02-01,LGD Gaming,LNG Esports,Ycx,LNG Esports,430
73646,LPL 2026 Split 1,2026-02-01,LGD Gaming,LNG Esports,sheer,LGD Gaming,0
73646,LPL 2026 Split 1,2026-02-01,LGD Gaming,LNG Esports,Croco,LGD Gaming,-150
73646,LPL 2026 Split 1,2026-02-01,LGD Gaming,LNG Esports,Bulldog,LGD Gaming,-381
73646,LPL 2026 Split 1,2026-02-01,LGD Gaming,LNG Esports,1xn,LGD Gaming,-266
73646,LPL 2026 Split 1,2026-02-01,LGD Gaming,LNG Esports,Missing,LGD Gaming,238
73646,LPL 2026 Split 1,2026-02-01,LGD Gaming,LNG Esports,sasi,LNG Esports,0
73646,LPL 2026 Split 1,2026-02-01,LGD Gaming,LNG Esports,Heng,LNG Esports,150
73646,LPL 2026 Split 1,2026-02-01,LGD Gaming,LNG Esports,Tangyuan,LNG Esports,381
73646,LPL 2026 Split 1,2026-02-01,LGD Gaming,LNG Esports,Shaoye,LNG Esports,266
73646,LPL 2026 Split 1,2026-02-01,LGD Gaming,LNG Esports,Ycx,LNG Esports,-238
73647,LPL 2026 Split 1,2026-02-01,LGD Gaming,LNG Esports,sheer,LGD Gaming,798
73647,LPL 2026 Split 1,2026-02-01,LGD Gaming,LNG Esports,Croco,LGD Gaming,-6
73647,LPL 2026 Split 1,2026-02-01,LGD Gaming,LNG Esports,Bulldog,LGD Gaming,789
73647,LPL 2026 Split 1,2026-02-01,LGD Gaming,LNG Esports,1xn,LGD Gaming,1839
73647,LPL 2026 Split 1,2026-02-01,LGD Gaming,LNG Esports,Missing,LGD Gaming,318
73647,LPL 2026 Split 1,2026-02-01,LGD Gaming,LNG Esports,sasi,LNG Esports,-798
73647,LPL 2026 Split 1,2026-02-01,LGD Gaming,LNG Esports,Heng,LNG Esports,6
73647,LPL 2026 Split 1,2026-02-01,LGD Gaming,LNG Esports,Tangyuan,LNG Esports,-789
73647,LPL 2026 Split 1,2026-02-01,LGD Gaming,LNG Esports,Shaoye,LNG Esports,-1839
73647,LPL 2026 Split 1,2026-02-01,LGD Gaming,LNG Esports,Ycx,LNG Esports,-318
73642,LPL 2026 Split 1,2026-01-31,BLG,IG,Soboro,BLG,-362
73642,LPL 2026 Split 1,2026-01-31,BLG,IG,Wei,BLG,490
73642,LPL 2026 Split 1,2026-01-31,BLG,IG,RooKie,BLG,-1203
73642,LPL 2026 Split 1,2026-01-31,BLG,IG,Photic,BLG,-1379
73642,LPL 2026 Split 1,2026-01-31,BLG,IG,Jwei,BLG,-80
73642,LPL 2026 Split 1,2026-01-31,BLG,IG,Bin,IG,362
73642,LPL 2026 Split 1,2026-01-31,BLG,IG,XUN,IG,-490
73642,LPL 2026 Split 1,2026-01-31,BLG,IG,Knight,IG,1203
73642,LPL 2026 Split 1,2026-01-31,BLG,IG,Viper,IG,1379
73642,LPL 2026 Split 1,2026-01-31,BLG,IG,ON,IG,80
73643,LPL 2026 Split 1,2026-01-31,BLG,IG,Bin,BLG,-348
73643,LPL 2026 Split 1,2026-01-31,BLG,IG,XUN,BLG,-852
73643,LPL 2026 Split 1,2026-01-31,BLG,IG,Knight,BLG,888
73643,LPL 2026 Split 1,2026-01-31,BLG,IG,Viper,BLG,1372
73643,LPL 2026 Split 1,2026-01-31,BLG,IG,ON,BLG,393
73643,LPL 2026 Split 1,2026-01-31,BLG,IG,Soboro,IG,348
73643,LPL 2026 Split 1,2026-01-31,BLG,IG,Wei,IG,852
73643,LPL 2026 Split 1,2026-01-31,BLG,IG,RooKie,IG,-888
73643,LPL 2026 Split 1,2026-01-31,BLG,IG,Photic,IG,-1372
73643,LPL 2026 Split 1,2026-01-31,BLG,IG,Jwei,IG,-393
73639,LPL 2026 Split 1,2026-01-31,JD Gaming,AL,Flandre,JD Gaming,570
73639,LPL 2026 Split 1,2026-01-31,JD Gaming,AL,Tarzan,JD Gaming,-188
73639,LPL 2026 Split 1,2026-01-31,JD Gaming,AL,Shanks,JD Gaming,-104
73639,LPL 2026 Split 1,2026-01-31,JD Gaming,AL,Hope,JD Gaming,-157
73639,LPL 2026 Split 1,2026-01-31,JD Gaming,AL,Kael,JD Gaming,-318
73639,LPL 2026 Split 1,2026-01-31,JD Gaming,AL,Xiaoxu,AL,-570
73639,LPL 2026 Split 1,2026-01-31,JD Gaming,AL,JunJia,AL,188
73639,LPL 2026 Split 1,2026-01-31,JD Gaming,AL,HongQ,AL,104
73639,LPL 2026 Split 1,2026-01-31,JD Gaming,AL,GALA,AL,157
73639,LPL 2026 Split 1,2026-01-31,JD Gaming,AL,Vampire,AL,318
73640,LPL 2026 Split 1,2026-01-31,JD Gaming,AL,Flandre,JD Gaming,-829
73640,LPL 2026 Split 1,2026-01-31,JD Gaming,AL,Tarzan,JD Gaming,-901
73640,LPL 2026 Split 1,2026-01-31,JD Gaming,AL,Shanks,JD Gaming,363
73640,LPL 2026 Split 1,2026-01-31,JD Gaming,AL,Hope,JD Gaming,189
73640,LPL 2026 Split 1,2026-01-31,JD Gaming,AL,Kael,JD Gaming,-11
73640,LPL 2026 Split 1,2026-01-31,JD Gaming,AL,Xiaoxu,AL,829
73640,LPL 2026 Split 1,2026-01-31,JD Gaming,AL,JunJia,AL,901
73640,LPL 2026 Split 1,2026-01-31,JD Gaming,AL,HongQ,AL,-363
73640,LPL 2026 Split 1,2026-01-31,JD Gaming,AL,GALA,AL,-189
73640,LPL 2026 Split 1,2026-01-31,JD Gaming,AL,Vampire,AL,11
73641,LPL 2026 Split 1,2026-01-31,JD Gaming,AL,Xiaoxu,JD Gaming,36
73641,LPL 2026 Split 1,2026-01-31,JD Gaming,AL,JunJia,JD Gaming,-544
73641,LPL 2026 Split 1,2026-01-31,JD Gaming,AL,HongQ,JD Gaming,32
73641,LPL 2026 Split 1,2026-01-31,JD Gaming,AL,GALA,JD Gaming,-386
73641,LPL 2026 Split 1,2026-01-31,JD Gaming,AL,Vampire,JD Gaming,-103
73641,LPL 2026 Split 1,2026-01-31,JD Gaming,AL,Flandre,AL,-36
73641,LPL 2026 Split 1,2026-01-31,JD Gaming,AL,Tarzan,AL,544
73641,LPL 2026 Split 1,2026-01-31,JD Gaming,AL,Shanks,AL,-32
73641,LPL 2026 Split 1,2026-01-31,JD Gaming,AL,Hope,AL,386
73641,LPL 2026 Split 1,2026-01-31,JD Gaming,AL,Kael,AL,103
73636,LPL 2026 Split 1,2026-01-30,BLG,Top Esports,369,BLG,393
73636,LPL 2026 Split 1,2026-01-30,BLG,Top Esports,naiyou,BLG,598
73636,LPL 2026 Split 1,2026-01-30,BLG,Top Esports,Creme,BLG,-169
73636,LPL 2026 Split 1,2026-01-30,BLG,Top Esports,JiaQi,BLG,-452
73636,LPL 2026 Split 1,2026-01-30,BLG,Top Esports,fengyue,BLG,-536
73636,LPL 2026 Split 1,2026-01-30,BLG,Top Esports,Bin,Top Esports,-393
73636,LPL 2026 Split 1,2026-01-30,BLG,Top Esports,XUN,Top Esports,-598
73636,LPL 2026 Split 1,2026-01-30,BLG,Top Esports,Knight,Top Esports,169
73636,LPL 2026 Split 1,2026-01-30,BLG,Top Esports,Viper,Top Esports,452
73636,LPL 2026 Split 1,2026-01-30,BLG,Top Esports,ON,Top Esports,536
73637,LPL 2026 Split 1,2026-01-30,BLG,Top Esports,Bin,BLG,-1062
73637,LPL 2026 Split 1,2026-01-30,BLG,Top Esports,XUN,BLG,-673
73637,LPL 2026 Split 1,2026-01-30,BLG,Top Esports,Knight,BLG,601
73637,LPL 2026 Split 1,2026-01-30,BLG,Top Esports,Viper,BLG,-1205
73637,LPL 2026 Split 1,2026-01-30,BLG,Top Esports,ON,BLG,403
73637,LPL 2026 Split 1,2026-01-30,BLG,Top Esports,369,Top Esports,1062
73637,LPL 2026 Split 1,2026-01-30,BLG,Top Esports,naiyou,Top Esports,673
73637,LPL 2026 Split 1,2026-01-30,BLG,Top Esports,Creme,Top Esports,-601
73637,LPL 2026 Split 1,2026-01-30,BLG,Top Esports,JiaQi,Top Esports,1205
73637,LPL 2026 Split 1,2026-01-30,BLG,Top Esports,fengyue,Top Esports,-403
73638,LPL 2026 Split 1,2026-01-30,BLG,Top Esports,Bin,BLG,920
73638,LPL 2026 Split 1,2026-01-30,BLG,Top Esports,XUN,BLG,469
73638,LPL 2026 Split 1,2026-01-30,BLG,Top Esports,Knight,BLG,-576
73638,LPL 2026 Split 1,2026-01-30,BLG,Top Esports,Viper,BLG,-403
73638,LPL 2026 Split 1,2026-01-30,BLG,Top Esports,ON,BLG,-40
73638,LPL 2026 Split 1,2026-01-30,BLG,Top Esports,369,Top Esports,-920
73638,LPL 2026 Split 1,2026-01-30,BLG,Top Esports,naiyou,Top Esports,-469
73638,LPL 2026 Split 1,2026-01-30,BLG,Top Esports,Creme,Top Esports,576
73638,LPL 2026 Split 1,2026-01-30,BLG,Top Esports,JiaQi,Top Esports,403
73638,LPL 2026 Split 1,2026-01-30,BLG,Top Esports,fengyue,Top Esports,40
73633,LPL 2026 Split 1,2026-01-30,Ultra Prime,Oh My God,Liangchen,Ultra Prime,583
73633,LPL 2026 Split 1,2026-01-30,Ultra Prime,Oh My God,Grizzly,Ultra Prime,-232
73633,LPL 2026 Split 1,2026-01-30,Ultra Prime,Oh My God,Saber,Ultra Prime,-655
73633,LPL 2026 Split 1,2026-01-30,Ultra Prime,Oh My God,Hena,Ultra Prime,476
73633,LPL 2026 Split 1,2026-01-30,Ultra Prime,Oh My God,Xiaoxia,Ultra Prime,21
73633,LPL 2026 Split 1,2026-01-30,Ultra Prime,Oh My God,Hery,Oh My God,-583
73633,LPL 2026 Split 1,2026-01-30,Ultra Prime,Oh My God,re0,Oh My God,232
73633,LPL 2026 Split 1,2026-01-30,Ultra Prime,Oh My God,Haichao,Oh My God,655
73633,LPL 2026 Split 1,2026-01-30,Ultra Prime,Oh My God,Starry,Oh My God,-476
73633,LPL 2026 Split 1,2026-01-30,Ultra Prime,Oh My God,Moham,Oh My God,-21
73634,LPL 2026 Split 1,2026-01-30,Ultra Prime,Oh My God,Liangchen,Ultra Prime,44
73634,LPL 2026 Split 1,2026-01-30,Ultra Prime,Oh My God,Grizzly,Ultra Prime,-912
73634,LPL 2026 Split 1,2026-01-30,Ultra Prime,Oh My God,Saber,Ultra Prime,-480
73634,LPL 2026 Split 1,2026-01-30,Ultra Prime,Oh My God,Hena,Ultra Prime,-338
73634,LPL 2026 Split 1,2026-01-30,Ultra Prime,Oh My God,Xiaoxia,Ultra Prime,-712
73634,LPL 2026 Split 1,2026-01-30,Ultra Prime,Oh My God,Hery,Oh My God,-44
73634,LPL 2026 Split 1,2026-01-30,Ultra Prime,Oh My God,re0,Oh My God,912
73634,LPL 2026 Split 1,2026-01-30,Ultra Prime,Oh My God,Haichao,Oh My God,480
73634,LPL 2026 Split 1,2026-01-30,Ultra Prime,Oh My God,Starry,Oh My God,338
73634,LPL 2026 Split 1,2026-01-30,Ultra Prime,Oh My God,Moham,Oh My God,712
73630,LPL 2026 Split 1,2026-01-29,JD Gaming,WBG,Zika,JD Gaming,-304
73630,LPL 2026 Split 1,2026-01-29,JD Gaming,WBG,Jiejie,JD Gaming,-583
73630,LPL 2026 Split 1,2026-01-29,JD Gaming,WBG,xiaohu,JD Gaming,-1578
73630,LPL 2026 Split 1,2026-01-29,JD Gaming,WBG,Elk,JD Gaming,556
73630,LPL 2026 Split 1,2026-01-29,JD Gaming,WBG,Erha,JD Gaming,356
73630,LPL 2026 Split 1,2026-01-29,JD Gaming,WBG,Xiaoxu,WBG,304
73630,LPL 2026 Split 1,2026-01-29,JD Gaming,WBG,JunJia,WBG,583
73630,LPL 2026 Split 1,2026-01-29,JD Gaming,WBG,HongQ,WBG,1578
73630,LPL 2026 Split 1,2026-01-29,JD Gaming,WBG,GALA,WBG,-556
73630,LPL 2026 Split 1,2026-01-29,JD Gaming,WBG,Vampire,WBG,-356
73631,LPL 2026 Split 1,2026-01-29,JD Gaming,WBG,Zika,JD Gaming,40
73631,LPL 2026 Split 1,2026-01-29,JD Gaming,WBG,Jiejie,JD Gaming,-790
73631,LPL 2026 Split 1,2026-01-29,JD Gaming,WBG,xiaohu,JD Gaming,505
73631,LPL 2026 Split 1,2026-01-29,JD Gaming,WBG,Elk,JD Gaming,-710
73631,LPL 2026 Split 1,2026-01-29,JD Gaming,WBG,Erha,JD Gaming,-346
73631,LPL 2026 Split 1,2026-01-29,JD Gaming,WBG,Xiaoxu,WBG,-40
73631,LPL 2026 Split 1,2026-01-29,JD Gaming,WBG,JunJia,WBG,790
73631,LPL 2026 Split 1,2026-01-29,JD Gaming,WBG,HongQ,WBG,-505
73631,LPL 2026 Split 1,2026-01-29,JD Gaming,WBG,GALA,WBG,710
73631,LPL 2026 Split 1,2026-01-29,JD Gaming,WBG,Vampire,WBG,346
73632,LPL 2026 Split 1,2026-01-29,JD Gaming,WBG,Xiaoxu,JD Gaming,-702
73632,LPL 2026 Split 1,2026-01-29,JD Gaming,WBG,JunJia,JD Gaming,862
73632,LPL 2026 Split 1,2026-01-29,JD Gaming,WBG,HongQ,JD Gaming,-735
73632,LPL 2026 Split 1,2026-01-29,JD Gaming,WBG,GALA,JD Gaming,756
73632,LPL 2026 Split 1,2026-01-29,JD Gaming,WBG,Vampire,JD Gaming,-88
73632,LPL 2026 Split 1,2026-01-29,JD Gaming,WBG,Zika,WBG,702
73632,LPL 2026 Split 1,2026-01-29,JD Gaming,WBG,Jiejie,WBG,-862
73632,LPL 2026 Split 1,2026-01-29,JD Gaming,WBG,xiaohu,WBG,735
73632,LPL 2026 Split 1,2026-01-29,JD Gaming,WBG,Elk,WBG,-756
73632,LPL 2026 Split 1,2026-01-29,JD Gaming,WBG,Erha,WBG,88
73627,LPL 2026 Split 1,2026-01-29,TT,NIP,Keshi,TT,-2176
73627,LPL 2026 Split 1,2026-01-29,TT,NIP,Junhao,TT,957
73627,LPL 2026 Split 1,2026-01-29,TT,NIP,Heru,TT,-349
73627,LPL 2026 Split 1,2026-01-29,TT,NIP,Ryan3,TT,-1261
73627,LPL 2026 Split 1,2026-01-29,TT,NIP,Feather,TT,-495
73627,LPL 2026 Split 1,2026-01-29,TT,NIP,Hoya,NIP,2176
73627,LPL 2026 Split 1,2026-01-29,TT,NIP,Guwon,NIP,-957
73627,LPL 2026 Split 1,2026-01-29,TT,NIP,Care,NIP,349
73627,LPL 2026 Split 1,2026-01-29,TT,NIP,Assum,NIP,1261
73627,LPL 2026 Split 1,2026-01-29,TT,NIP,Zhuo,NIP,495
73628,LPL 2026 Split 1,2026-01-29,TT,NIP,Hoya,TT,1824
73628,LPL 2026 Split 1,2026-01-29,TT,NIP,Guwon,TT,1680
73628,LPL 2026 Split 1,2026-01-29,TT,NIP,Care,TT,2022
73628,LPL 2026 Split 1,2026-01-29,TT,NIP,Assum,TT,225
73628,LPL 2026 Split 1,2026-01-29,TT,NIP,Zhuo,TT,183
73628,LPL 2026 Split 1,2026-01-29,TT,NIP,Keshi,NIP,-1824
73628,LPL 2026 Split 1,2026-01-29,TT,NIP,Junhao,NIP,-1680
73628,LPL 2026 Split 1,2026-01-29,TT,NIP,Heru,NIP,-2022
73628,LPL 2026 Split 1,2026-01-29,TT,NIP,Ryan3,NIP,-225
73628,LPL 2026 Split 1,2026-01-29,TT,NIP,Feather,NIP,-183
73624,LPL 2026 Split 1,2026-01-28,NIP,EDG,Zdz,NIP,249
73624,LPL 2026 Split 1,2026-01-28,NIP,EDG,Xiaohao,NIP,450
73624,LPL 2026 Split 1,2026-01-28,NIP,EDG,Angel,NIP,342
73624,LPL 2026 Split 1,2026-01-28,NIP,EDG,Leave,NIP,721
73624,LPL 2026 Split 1,2026-01-28,NIP,EDG,Parukia,NIP,96
73624,LPL 2026 Split 1,2026-01-28,NIP,EDG,Hoya,EDG,-249
73624,LPL 2026 Split 1,2026-01-28,NIP,EDG,Guwon,EDG,-450
73624,LPL 2026 Split 1,2026-01-28,NIP,EDG,Care,EDG,-342
73624,LPL 2026 Split 1,2026-01-28,NIP,EDG,Assum,EDG,-721
73624,LPL 2026 Split 1,2026-01-28,NIP,EDG,Zhuo,EDG,-96
73625,LPL 2026 Split 1,2026-01-28,NIP,EDG,Zdz,NIP,-452
73625,LPL 2026 Split 1,2026-01-28,NIP,EDG,Xiaohao,NIP,993
73625,LPL 2026 Split 1,2026-01-28,NIP,EDG,Angel,NIP,918
73625,LPL 2026 Split 1,2026-01-28,NIP,EDG,Leave,NIP,31
73625,LPL 2026 Split 1,2026-01-28,NIP,EDG,Parukia,NIP,-323
73625,LPL 2026 Split 1,2026-01-28,NIP,EDG,Hoya,EDG,452
73625,LPL 2026 Split 1,2026-01-28,NIP,EDG,Guwon,EDG,-993
73625,LPL 2026 Split 1,2026-01-28,NIP,EDG,Care,EDG,-918
73625,LPL 2026 Split 1,2026-01-28,NIP,EDG,Assum,EDG,-31
73625,LPL 2026 Split 1,2026-01-28,NIP,EDG,Zhuo,EDG,323
73626,LPL 2026 Split 1,2026-01-28,NIP,EDG,Zdz,NIP,-991
73626,LPL 2026 Split 1,2026-01-28,NIP,EDG,Xiaohao,NIP,-6
73626,LPL 2026 Split 1,2026-01-28,NIP,EDG,Angel,NIP,172
73626,LPL 2026 Split 1,2026-01-28,NIP,EDG,Leave,NIP,-921
73626,LPL 2026 Split 1,2026-01-28,NIP,EDG,Parukia,NIP,-145
73626,LPL 2026 Split 1,2026-01-28,NIP,EDG,Hoya,EDG,991
73626,LPL 2026 Split 1,2026-01-28,NIP,EDG,Guwon,EDG,6
73626,LPL 2026 Split 1,2026-01-28,NIP,EDG,Care,EDG,-172
73626,LPL 2026 Split 1,2026-01-28,NIP,EDG,Assum,EDG,921
73626,LPL 2026 Split 1,2026-01-28,NIP,EDG,Zhuo,EDG,145
73621,LPL 2026 Split 1,2026-01-28,Oh My God,LNG Esports,sheer,Oh My God,-397
73621,LPL 2026 Split 1,2026-01-28,Oh My God,LNG Esports,Croco,Oh My God,491
73621,LPL 2026 Split 1,2026-01-28,Oh My God,LNG Esports,Bulldog,Oh My God,331
73621,LPL 2026 Split 1,2026-01-28,Oh My God,LNG Esports,1xn,Oh My God,-213
73621,LPL 2026 Split 1,2026-01-28,Oh My God,LNG Esports,Missing,Oh My God,-1
73621,LPL 2026 Split 1,2026-01-28,Oh My God,LNG Esports,Hery,LNG Esports,397
73621,LPL 2026 Split 1,2026-01-28,Oh My God,LNG Esports,Juhan,LNG Esports,-491
73621,LPL 2026 Split 1,2026-01-28,Oh My God,LNG Esports,Haichao,LNG Esports,-331
73621,LPL 2026 Split 1,2026-01-28,Oh My God,LNG Esports,Starry,LNG Esports,213
73621,LPL 2026 Split 1,2026-01-28,Oh My God,LNG Esports,Moham,LNG Esports,1
73622,LPL 2026 Split 1,2026-01-28,Oh My God,LNG Esports,sheer,Oh My God,972
73622,LPL 2026 Split 1,2026-01-28,Oh My God,LNG Esports,Croco,Oh My God,1143
73622,LPL 2026 Split 1,2026-01-28,Oh My God,LNG Esports,Bulldog,Oh My God,851
73622,LPL 2026 Split 1,2026-01-28,Oh My God,LNG Esports,1xn,Oh My God,1893
73622,LPL 2026 Split 1,2026-01-28,Oh My God,LNG Esports,Missing,Oh My God,690
73622,LPL 2026 Split 1,2026-01-28,Oh My God,LNG Esports,Hery,LNG Esports,-972
73622,LPL 2026 Split 1,2026-01-28,Oh My God,LNG Esports,Juhan,LNG Esports,-1143
73622,LPL 2026 Split 1,2026-01-28,Oh My God,LNG Esports,Haichao,LNG Esports,-851
73622,LPL 2026 Split 1,2026-01-28,Oh My God,LNG Esports,Starry,LNG Esports,-1893
73622,LPL 2026 Split 1,2026-01-28,Oh My God,LNG Esports,Moham,LNG Esports,-690
73618,LPL 2026 Split 1,2026-01-28,Ultra Prime,LGD Gaming,Liangchen,Ultra Prime,303
73618,LPL 2026 Split 1,2026-01-28,Ultra Prime,LGD Gaming,Grizzly,Ultra Prime,-109
73618,LPL 2026 Split 1,2026-01-28,Ultra Prime,LGD Gaming,Saber,Ultra Prime,-260
73618,LPL 2026 Split 1,2026-01-28,Ultra Prime,LGD Gaming,Hena,Ultra Prime,-455
73618,LPL 2026 Split 1,2026-01-28,Ultra Prime,LGD Gaming,Xiaoxia,Ultra Prime,-243
73618,LPL 2026 Split 1,2026-01-28,Ultra Prime,LGD Gaming,sasi,LGD Gaming,-303
73618,LPL 2026 Split 1,2026-01-28,Ultra Prime,LGD Gaming,Heng,LGD Gaming,109
73618,LPL 2026 Split 1,2026-01-28,Ultra Prime,LGD Gaming,Tangyuan,LGD Gaming,260
73618,LPL 2026 Split 1,2026-01-28,Ultra Prime,LGD Gaming,Shaoye,LGD Gaming,455
73618,LPL 2026 Split 1,2026-01-28,Ultra Prime,LGD Gaming,Ycx,LGD Gaming,243
73619,LPL 2026 Split 1,2026-01-28,Ultra Prime,LGD Gaming,Liangchen,Ultra Prime,1134
73619,LPL 2026 Split 1,2026-01-28,Ultra Prime,LGD Gaming,Grizzly,Ultra Prime,-746
73619,LPL 2026 Split 1,2026-01-28,Ultra Prime,LGD Gaming,Saber,Ultra Prime,-791
73619,LPL 2026 Split 1,2026-01-28,Ultra Prime,LGD Gaming,Hena,Ultra Prime,-1288
73619,LPL 2026 Split 1,2026-01-28,Ultra Prime,LGD Gaming,Xiaoxia,Ultra Prime,100
73619,LPL 2026 Split 1,2026-01-28,Ultra Prime,LGD Gaming,sasi,LGD Gaming,-1134
73619,LPL 2026 Split 1,2026-01-28,Ultra Prime,LGD Gaming,Heng,LGD Gaming,746
73619,LPL 2026 Split 1,2026-01-28,Ultra Prime,LGD Gaming,Tangyuan,LGD Gaming,791
73619,LPL 2026 Split 1,2026-01-28,Ultra Prime,LGD Gaming,Shaoye,LGD Gaming,1288
73619,LPL 2026 Split 1,2026-01-28,Ultra Prime,LGD Gaming,Ycx,LGD Gaming,-100
73620,LPL 2026 Split 1,2026-01-28,Ultra Prime,LGD Gaming,Liangchen,Ultra Prime,-447
73620,LPL 2026 Split 1,2026-01-28,Ultra Prime,LGD Gaming,Grizzly,Ultra Prime,-78
73620,LPL 2026 Split 1,2026-01-28,Ultra Prime,LGD Gaming,Saber,Ultra Prime,-142
73620,LPL 2026 Split 1,2026-01-28,Ultra Prime,LGD Gaming,Hena,Ultra Prime,209
73620,LPL 2026 Split 1,2026-01-28,Ultra Prime,LGD Gaming,Xiaoxia,Ultra Prime,440
73620,LPL 2026 Split 1,2026-01-28,Ultra Prime,LGD Gaming,sasi,LGD Gaming,447
73620,LPL 2026 Split 1,2026-01-28,Ultra Prime,LGD Gaming,Heng,LGD Gaming,78
73620,LPL 2026 Split 1,2026-01-28,Ultra Prime,LGD Gaming,Tangyuan,LGD Gaming,142
73620,LPL 2026 Split 1,2026-01-28,Ultra Prime,LGD Gaming,Shaoye,LGD Gaming,-209
73620,LPL 2026 Split 1,2026-01-28,Ultra Prime,LGD Gaming,Ycx,LGD Gaming,-440
73615,LPL 2026 Split 1,2026-01-27,AL,IG,Soboro,AL,-307
73615,LPL 2026 Split 1,2026-01-27,AL,IG,Wei,AL,887
73615,LPL 2026 Split 1,2026-01-27,AL,IG,RooKie,AL,-1044
73615,LPL 2026 Split 1,2026-01-27,AL,IG,Photic,AL,-967
73615,LPL 2026 Split 1,2026-01-27,AL,IG,Jwei,AL,-286
73615,LPL 2026 Split 1,2026-01-27,AL,IG,Flandre,IG,307
73615,LPL 2026 Split 1,2026-01-27,AL,IG,Tarzan,IG,-887
73615,LPL 2026 Split 1,2026-01-27,AL,IG,Shanks,IG,1044
73615,LPL 2026 Split 1,2026-01-27,AL,IG,Hope,IG,967
73615,LPL 2026 Split 1,2026-01-27,AL,IG,Kael,IG,286
73616,LPL 2026 Split 1,2026-01-27,AL,IG,Flandre,AL,25
73616,LPL 2026 Split 1,2026-01-27,AL,IG,Tarzan,AL,-147
73616,LPL 2026 Split 1,2026-01-27,AL,IG,Shanks,AL,-957
73616,LPL 2026 Split 1,2026-01-27,AL,IG,Hope,AL,-235
73616,LPL 2026 Split 1,2026-01-27,AL,IG,Kael,AL,-551
73616,LPL 2026 Split 1,2026-01-27,AL,IG,Soboro,IG,-25
73616,LPL 2026 Split 1,2026-01-27,AL,IG,Wei,IG,147
73616,LPL 2026 Split 1,2026-01-27,AL,IG,RooKie,IG,957
73616,LPL 2026 Split 1,2026-01-27,AL,IG,Photic,IG,235
73616,LPL 2026 Split 1,2026-01-27,AL,IG,Jwei,IG,551
73617,LPL 2026 Split 1,2026-01-27,AL,IG,Soboro,AL,-48
73617,LPL 2026 Split 1,2026-01-27,AL,IG,Wei,AL,131
73617,LPL 2026 Split 1,2026-01-27,AL,IG,RooKie,AL,-218
73617,LPL 2026 Split 1,2026-01-27,AL,IG,Photic,AL,30
73617,LPL 2026 Split 1,2026-01-27,AL,IG,Jwei,AL,-247
73617,LPL 2026 Split 1,2026-01-27,AL,IG,Flandre,IG,48
73617,LPL 2026 Split 1,2026-01-27,AL,IG,Tarzan,IG,-131
73617,LPL 2026 Split 1,2026-01-27,AL,IG,Shanks,IG,218
73617,LPL 2026 Split 1,2026-01-27,AL,IG,Hope,IG,-30
73617,LPL 2026 Split 1,2026-01-27,AL,IG,Kael,IG,247
73612,LPL 2026 Split 1,2026-01-27,WBG,Top Esports,369,WBG,-817
73612,LPL 2026 Split 1,2026-01-27,WBG,Top Esports,naiyou,WBG,-154
73612,LPL 2026 Split 1,2026-01-27,WBG,Top Esports,Creme,WBG,175
73612,LPL 2026 Split 1,2026-01-27,WBG,Top Esports,JiaQi,WBG,-659
73612,LPL 2026 Split 1,2026-01-27,WBG,Top Esports,fengyue,WBG,155
73612,LPL 2026 Split 1,2026-01-27,WBG,Top Esports,Zika,Top Esports,817
73612,LPL 2026 Split 1,2026-01-27,WBG,Top Esports,Jiejie,Top Esports,154
73612,LPL 2026 Split 1,2026-01-27,WBG,Top Esports,xiaohu,Top Esports,-175
73612,LPL 2026 Split 1,2026-01-27,WBG,Top Esports,Elk,Top Esports,659
73612,LPL 2026 Split 1,2026-01-27,WBG,Top Esports,Erha,Top Esports,-155
73613,LPL 2026 Split 1,2026-01-27,WBG,Top Esports,Zika,WBG,-1126
73613,LPL 2026 Split 1,2026-01-27,WBG,Top Esports,Jiejie,WBG,568
73613,LPL 2026 Split 1,2026-01-27,WBG,Top Esports,xiaohu,WBG,-908
73613,LPL 2026 Split 1,2026-01-27,WBG,Top Esports,Elk,WBG,-1811
73613,LPL 2026 Split 1,2026-01-27,WBG,Top Esports,Erha,WBG,-886
73613,LPL 2026 Split 1,2026-01-27,WBG,Top Esports,369,Top Esports,1126
73613,LPL 2026 Split 1,2026-01-27,WBG,Top Esports,naiyou,Top Esports,-568
73613,LPL 2026 Split 1,2026-01-27,WBG,Top Esports,Creme,Top Esports,908
73613,LPL 2026 Split 1,2026-01-27,WBG,Top Esports,JiaQi,Top Esports,1811
73613,LPL 2026 Split 1,2026-01-27,WBG,Top Esports,fengyue,Top Esports,886
73614,LPL 2026 Split 1,2026-01-27,WBG,Top Esports,369,WBG,365
73614,LPL 2026 Split 1,2026-01-27,WBG,Top Esports,naiyou,WBG,-533
73614,LPL 2026 Split 1,2026-01-27,WBG,Top Esports,Creme,WBG,-575
73614,LPL 2026 Split 1,2026-01-27,WBG,Top Esports,JiaQi,WBG,-1251
73614,LPL 2026 Split 1,2026-01-27,WBG,Top Esports,fengyue,WBG,-384
73614,LPL 2026 Split 1,2026-01-27,WBG,Top Esports,Zika,Top Esports,-365
73614,LPL 2026 Split 1,2026-01-27,WBG,Top Esports,Jiejie,Top Esports,533
73614,LPL 2026 Split 1,2026-01-27,WBG,Top Esports,xiaohu,Top Esports,575
73614,LPL 2026 Split 1,2026-01-27,WBG,Top Esports,Elk,Top Esports,1251
73614,LPL 2026 Split 1,2026-01-27,WBG,Top Esports,Erha,Top Esports,384
73609,LPL 2026 Split 1,2026-01-27,Ultra Prime,LNG Esports,sheer,Ultra Prime,881
73609,LPL 2026 Split 1,2026-01-27,Ultra Prime,LNG Esports,Croco,Ultra Prime,121
73609,LPL 2026 Split 1,2026-01-27,Ultra Prime,LNG Esports,Bulldog,Ultra Prime,63
73609,LPL 2026 Split 1,2026-01-27,Ultra Prime,LNG Esports,1xn,Ultra Prime,-3
73609,LPL 2026 Split 1,2026-01-27,Ultra Prime,LNG Esports,Missing,Ultra Prime,-443
73609,LPL 2026 Split 1,2026-01-27,Ultra Prime,LNG Esports,Liangchen,LNG Esports,-881
73609,LPL 2026 Split 1,2026-01-27,Ultra Prime,LNG Esports,Grizzly,LNG Esports,-121
73609,LPL 2026 Split 1,2026-01-27,Ultra Prime,LNG Esports,Saber,LNG Esports,-63
73609,LPL 2026 Split 1,2026-01-27,Ultra Prime,LNG Esports,Hena,LNG Esports,3
73609,LPL 2026 Split 1,2026-01-27,Ultra Prime,LNG Esports,Xiaoxia,LNG Esports,443
73610,LPL 2026 Split 1,2026-01-27,Ultra Prime,LNG Esports,sheer,Ultra Prime,665
73610,LPL 2026 Split 1,2026-01-27,Ultra Prime,LNG Esports,Croco,Ultra Prime,1579
73610,LPL 2026 Split 1,2026-01-27,Ultra Prime,LNG Esports,Bulldog,Ultra Prime,-411
73610,LPL 2026 Split 1,2026-01-27,Ultra Prime,LNG Esports,1xn,Ultra Prime,2261
73610,LPL 2026 Split 1,2026-01-27,Ultra Prime,LNG Esports,Missing,Ultra Prime,345
73610,LPL 2026 Split 1,2026-01-27,Ultra Prime,LNG Esports,Liangchen,LNG Esports,-665
73610,LPL 2026 Split 1,2026-01-27,Ultra Prime,LNG Esports,Grizzly,LNG Esports,-1579
73610,LPL 2026 Split 1,2026-01-27,Ultra Prime,LNG Esports,Saber,LNG Esports,411
73610,LPL 2026 Split 1,2026-01-27,Ultra Prime,LNG Esports,Hena,LNG Esports,-2261
73610,LPL 2026 Split 1,2026-01-27,Ultra Prime,LNG Esports,Xiaoxia,LNG Esports,-345
73606,LPL 2026 Split 1,2026-01-26,BLG,JD Gaming,Xiaoxu,BLG,-318
73606,LPL 2026 Split 1,2026-01-26,BLG,JD Gaming,JunJia,BLG,217
73606,LPL 2026 Split 1,2026-01-26,BLG,JD Gaming,HongQ,BLG,669
73606,LPL 2026 Split 1,2026-01-26,BLG,JD Gaming,GALA,BLG,-64
73606,LPL 2026 Split 1,2026-01-26,BLG,JD Gaming,Vampire,BLG,-191
73606,LPL 2026 Split 1,2026-01-26,BLG,JD Gaming,Bin,JD Gaming,318
73606,LPL 2026 Split 1,2026-01-26,BLG,JD Gaming,XUN,JD Gaming,-217
73606,LPL 2026 Split 1,2026-01-26,BLG,JD Gaming,Knight,JD Gaming,-669
73606,LPL 2026 Split 1,2026-01-26,BLG,JD Gaming,Viper,JD Gaming,64
73606,LPL 2026 Split 1,2026-01-26,BLG,JD Gaming,ON,JD Gaming,191
73607,LPL 2026 Split 1,2026-01-26,BLG,JD Gaming,Xiaoxu,BLG,2432
73607,LPL 2026 Split 1,2026-01-26,BLG,JD Gaming,JunJia,BLG,387
73607,LPL 2026 Split 1,2026-01-26,BLG,JD Gaming,HongQ,BLG,-219
73607,LPL 2026 Split 1,2026-01-26,BLG,JD Gaming,GALA,BLG,-160
73607,LPL 2026 Split 1,2026-01-26,BLG,JD Gaming,Vampire,BLG,210
73607,LPL 2026 Split 1,2026-01-26,BLG,JD Gaming,Bin,JD Gaming,-2432
73607,LPL 2026 Split 1,2026-01-26,BLG,JD Gaming,XUN,JD Gaming,-387
73607,LPL 2026 Split 1,2026-01-26,BLG,JD Gaming,Knight,JD Gaming,219
73607,LPL 2026 Split 1,2026-01-26,BLG,JD Gaming,Viper,JD Gaming,160
73607,LPL 2026 Split 1,2026-01-26,BLG,JD Gaming,ON,JD Gaming,-210
73608,LPL 2026 Split 1,2026-01-26,BLG,JD Gaming,Bin,BLG,932
73608,LPL 2026 Split 1,2026-01-26,BLG,JD Gaming,XUN,BLG,-683
73608,LPL 2026 Split 1,2026-01-26,BLG,JD Gaming,Knight,BLG,121
73608,LPL 2026 Split 1,2026-01-26,BLG,JD Gaming,Viper,BLG,620
73608,LPL 2026 Split 1,2026-01-26,BLG,JD Gaming,ON,BLG,652
73608,LPL 2026 Split 1,2026-01-26,BLG,JD Gaming,Xiaoxu,JD Gaming,-932
73608,LPL 2026 Split 1,2026-01-26,BLG,JD Gaming,JunJia,JD Gaming,683
73608,LPL 2026 Split 1,2026-01-26,BLG,JD Gaming,HongQ,JD Gaming,-121
73608,LPL 2026 Split 1,2026-01-26,BLG,JD Gaming,GALA,JD Gaming,-620
73608,LPL 2026 Split 1,2026-01-26,BLG,JD Gaming,Vampire,JD Gaming,-652
73603,LPL 2026 Split 1,2026-01-26,Team WE,TT,Keshi,Team WE,96
73603,LPL 2026 Split 1,2026-01-26,Team WE,TT,Junhao,Team WE,219
73603,LPL 2026 Split 1,2026-01-26,Team WE,TT,Heru,Team WE,-1662
73603,LPL 2026 Split 1,2026-01-26,Team WE,TT,Ryan3,Team WE,-1769
73603,LPL 2026 Split 1,2026-01-26,Team WE,TT,Feather,Team WE,-479
73603,LPL 2026 Split 1,2026-01-26,Team WE,TT,Cube,TT,-96
73603,LPL 2026 Split 1,2026-01-26,Team WE,TT,Monki,TT,-219
73603,LPL 2026 Split 1,2026-01-26,Team WE,TT,Karis,TT,1662
73603,LPL 2026 Split 1,2026-01-26,Team WE,TT,About,TT,1769
73603,LPL 2026 Split 1,2026-01-26,Team WE,TT,yaoyao,TT,479
73604,LPL 2026 Split 1,2026-01-26,Team WE,TT,Keshi,Team WE,103
73604,LPL 2026 Split 1,2026-01-26,Team WE,TT,Junhao,Team WE,-1991
73604,LPL 2026 Split 1,2026-01-26,Team WE,TT,Heru,Team WE,-899
73604,LPL 2026 Split 1,2026-01-26,Team WE,TT,Ryan3,Team WE,543
73604,LPL 2026 Split 1,2026-01-26,Team WE,TT,Feather,Team WE,384
73604,LPL 2026 Split 1,2026-01-26,Team WE,TT,Cube,TT,-103
73604,LPL 2026 Split 1,2026-01-26,Team WE,TT,Monki,TT,1991
73604,LPL 2026 Split 1,2026-01-26,Team WE,TT,Karis,TT,899
73604,LPL 2026 Split 1,2026-01-26,Team WE,TT,About,TT,-543
73604,LPL 2026 Split 1,2026-01-26,Team WE,TT,yaoyao,TT,-384
73498,LPL 2026 Split 1,2026-01-25,Top Esports,IG,Soboro,Top Esports,-995
73498,LPL 2026 Split 1,2026-01-25,Top Esports,IG,Wei,Top Esports,775
73498,LPL 2026 Split 1,2026-01-25,Top Esports,IG,RooKie,Top Esports,-1674
73498,LPL 2026 Split 1,2026-01-25,Top Esports,IG,Photic,Top Esports,267
73498,LPL 2026 Split 1,2026-01-25,Top Esports,IG,Jwei,Top Esports,184
73498,LPL 2026 Split 1,2026-01-25,Top Esports,IG,369,IG,995
73498,LPL 2026 Split 1,2026-01-25,Top Esports,IG,naiyou,IG,-775
73498,LPL 2026 Split 1,2026-01-25,Top Esports,IG,Creme,IG,1674
73498,LPL 2026 Split 1,2026-01-25,Top Esports,IG,JiaQi,IG,-267
73498,LPL 2026 Split 1,2026-01-25,Top Esports,IG,fengyue,IG,-184
73499,LPL 2026 Split 1,2026-01-25,Top Esports,IG,369,Top Esports,-365
73499,LPL 2026 Split 1,2026-01-25,Top Esports,IG,naiyou,Top Esports,294
73499,LPL 2026 Split 1,2026-01-25,Top Esports,IG,Creme,Top Esports,707
73499,LPL 2026 Split 1,2026-01-25,Top Esports,IG,JiaQi,Top Esports,2905
73499,LPL 2026 Split 1,2026-01-25,Top Esports,IG,fengyue,Top Esports,451
73499,LPL 2026 Split 1,2026-01-25,Top Esports,IG,Soboro,IG,365
73499,LPL 2026 Split 1,2026-01-25,Top Esports,IG,Wei,IG,-294
73499,LPL 2026 Split 1,2026-01-25,Top Esports,IG,RooKie,IG,-707
73499,LPL 2026 Split 1,2026-01-25,Top Esports,IG,Photic,IG,-2905
73499,LPL 2026 Split 1,2026-01-25,Top Esports,IG,Jwei,IG,-451
73495,LPL 2026 Split 1,2026-01-25,NIP,Team WE,Cube,NIP,-280
73495,LPL 2026 Split 1,2026-01-25,NIP,Team WE,Monki,NIP,-585
73495,LPL 2026 Split 1,2026-01-25,NIP,Team WE,Karis,NIP,-516
73495,LPL 2026 Split 1,2026-01-25,NIP,Team WE,About,NIP,298
73495,LPL 2026 Split 1,2026-01-25,NIP,Team WE,yaoyao,NIP,-316
73495,LPL 2026 Split 1,2026-01-25,NIP,Team WE,Hoya,Team WE,280
73495,LPL 2026 Split 1,2026-01-25,NIP,Team WE,Guwon,Team WE,585
73495,LPL 2026 Split 1,2026-01-25,NIP,Team WE,Care,Team WE,516
73495,LPL 2026 Split 1,2026-01-25,NIP,Team WE,Assum,Team WE,-298
73495,LPL 2026 Split 1,2026-01-25,NIP,Team WE,Zhuo,Team WE,316
73496,LPL 2026 Split 1,2026-01-25,NIP,Team WE,Cube,NIP,-1078
73496,LPL 2026 Split 1,2026-01-25,NIP,Team WE,Monki,NIP,159
73496,LPL 2026 Split 1,2026-01-25,NIP,Team WE,Karis,NIP,-199
73496,LPL 2026 Split 1,2026-01-25,NIP,Team WE,About,NIP,639
73496,LPL 2026 Split 1,2026-01-25,NIP,Team WE,yaoyao,NIP,150
73496,LPL 2026 Split 1,2026-01-25,NIP,Team WE,Hoya,Team WE,1078
73496,LPL 2026 Split 1,2026-01-25,NIP,Team WE,Guwon,Team WE,-159
73496,LPL 2026 Split 1,2026-01-25,NIP,Team WE,Care,Team WE,199
73496,LPL 2026 Split 1,2026-01-25,NIP,Team WE,Assum,Team WE,-639
73496,LPL 2026 Split 1,2026-01-25,NIP,Team WE,Zhuo,Team WE,-150
73497,LPL 2026 Split 1,2026-01-25,NIP,Team WE,Cube,NIP,-260
73497,LPL 2026 Split 1,2026-01-25,NIP,Team WE,Monki,NIP,385
73497,LPL 2026 Split 1,2026-01-25,NIP,Team WE,Karis,NIP,107
73497,LPL 2026 Split 1,2026-01-25,NIP,Team WE,About,NIP,1208
73497,LPL 2026 Split 1,2026-01-25,NIP,Team WE,yaoyao,NIP,10
73497,LPL 2026 Split 1,2026-01-25,NIP,Team WE,Hoya,Team WE,260
73497,LPL 2026 Split 1,2026-01-25,NIP,Team WE,Guwon,Team WE,-385
73497,LPL 2026 Split 1,2026-01-25,NIP,Team WE,Care,Team WE,-107
73497,LPL 2026 Split 1,2026-01-25,NIP,Team WE,Assum,Team WE,-1208
73497,LPL 2026 Split 1,2026-01-25,NIP,Team WE,Zhuo,Team WE,-10
73492,LPL 2026 Split 1,2026-01-24,WBG,JD Gaming,Xiaoxu,WBG,199
73492,LPL 2026 Split 1,2026-01-24,WBG,JD Gaming,JunJia,WBG,-39
73492,LPL 2026 Split 1,2026-01-24,WBG,JD Gaming,HongQ,WBG,-990
73492,LPL 2026 Split 1,2026-01-24,WBG,JD Gaming,GALA,WBG,-1234
73492,LPL 2026 Split 1,2026-01-24,WBG,JD Gaming,Vampire,WBG,-307
73492,LPL 2026 Split 1,2026-01-24,WBG,JD Gaming,Zika,JD Gaming,-199
73492,LPL 2026 Split 1,2026-01-24,WBG,JD Gaming,Jiejie,JD Gaming,39
73492,LPL 2026 Split 1,2026-01-24,WBG,JD Gaming,xiaohu,JD Gaming,990
73492,LPL 2026 Split 1,2026-01-24,WBG,JD Gaming,Elk,JD Gaming,1234
73492,LPL 2026 Split 1,2026-01-24,WBG,JD Gaming,Erha,JD Gaming,307
73493,LPL 2026 Split 1,2026-01-24,WBG,JD Gaming,Zika,WBG,431
73493,LPL 2026 Split 1,2026-01-24,WBG,JD Gaming,Jiejie,WBG,795
73493,LPL 2026 Split 1,2026-01-24,WBG,JD Gaming,xiaohu,WBG,166
73493,LPL 2026 Split 1,2026-01-24,WBG,JD Gaming,Elk,WBG,1114
73493,LPL 2026 Split 1,2026-01-24,WBG,JD Gaming,Erha,WBG,-82
73493,LPL 2026 Split 1,2026-01-24,WBG,JD Gaming,Xiaoxu,JD Gaming,-431
73493,LPL 2026 Split 1,2026-01-24,WBG,JD Gaming,JunJia,JD Gaming,-795
73493,LPL 2026 Split 1,2026-01-24,WBG,JD Gaming,HongQ,JD Gaming,-166
73493,LPL 2026 Split 1,2026-01-24,WBG,JD Gaming,GALA,JD Gaming,-1114
73493,LPL 2026 Split 1,2026-01-24,WBG,JD Gaming,Vampire,JD Gaming,82
73489,LPL 2026 Split 1,2026-01-24,Top Esports,AL,Flandre,Top Esports,245
73489,LPL 2026 Split 1,2026-01-24,Top Esports,AL,Tarzan,Top Esports,1221
73489,LPL 2026 Split 1,2026-01-24,Top Esports,AL,Shanks,Top Esports,-178
73489,LPL 2026 Split 1,2026-01-24,Top Esports,AL,Hope,Top Esports,-35
73489,LPL 2026 Split 1,2026-01-24,Top Esports,AL,Kael,Top Esports,74
73489,LPL 2026 Split 1,2026-01-24,Top Esports,AL,369,AL,-245
73489,LPL 2026 Split 1,2026-01-24,Top Esports,AL,naiyou,AL,-1221
73489,LPL 2026 Split 1,2026-01-24,Top Esports,AL,Creme,AL,178
73489,LPL 2026 Split 1,2026-01-24,Top Esports,AL,JiaQi,AL,35
73489,LPL 2026 Split 1,2026-01-24,Top Esports,AL,fengyue,AL,-74
73490,LPL 2026 Split 1,2026-01-24,Top Esports,AL,Flandre,Top Esports,-495
73490,LPL 2026 Split 1,2026-01-24,Top Esports,AL,Tarzan,Top Esports,-564
73490,LPL 2026 Split 1,2026-01-24,Top Esports,AL,Shanks,Top Esports,-682
73490,LPL 2026 Split 1,2026-01-24,Top Esports,AL,Hope,Top Esports,721
73490,LPL 2026 Split 1,2026-01-24,Top Esports,AL,Kael,Top Esports,-218
73490,LPL 2026 Split 1,2026-01-24,Top Esports,AL,369,AL,495
73490,LPL 2026 Split 1,2026-01-24,Top Esports,AL,naiyou,AL,564
73490,LPL 2026 Split 1,2026-01-24,Top Esports,AL,Creme,AL,682
73490,LPL 2026 Split 1,2026-01-24,Top Esports,AL,JiaQi,AL,-721
73490,LPL 2026 Split 1,2026-01-24,Top Esports,AL,fengyue,AL,218
73491,LPL 2026 Split 1,2026-01-24,Top Esports,AL,369,Top Esports,-613
73491,LPL 2026 Split 1,2026-01-24,Top Esports,AL,naiyou,Top Esports,1956
73491,LPL 2026 Split 1,2026-01-24,Top Esports,AL,Creme,Top Esports,367
73491,LPL 2026 Split 1,2026-01-24,Top Esports,AL,JiaQi,Top Esports,1545
73491,LPL 2026 Split 1,2026-01-24,Top Esports,AL,fengyue,Top Esports,132
73491,LPL 2026 Split 1,2026-01-24,Top Esports,AL,Flandre,AL,613
73491,LPL 2026 Split 1,2026-01-24,Top Esports,AL,Tarzan,AL,-1956
73491,LPL 2026 Split 1,2026-01-24,Top Esports,AL,Shanks,AL,-367
73491,LPL 2026 Split 1,2026-01-24,Top Esports,AL,Hope,AL,-1545
73491,LPL 2026 Split 1,2026-01-24,Top Esports,AL,Kael,AL,-132
73486,LPL 2026 Split 1,2026-01-23,JD Gaming,BLG,Bin,JD Gaming,1583
73486,LPL 2026 Split 1,2026-01-23,JD Gaming,BLG,XUN,JD Gaming,100
73486,LPL 2026 Split 1,2026-01-23,JD Gaming,BLG,Knight,JD Gaming,14
73486,LPL 2026 Split 1,2026-01-23,JD Gaming,BLG,Viper,JD Gaming,-333
73486,LPL 2026 Split 1,2026-01-23,JD Gaming,BLG,ON,JD Gaming,72
73486,LPL 2026 Split 1,2026-01-23,JD Gaming,BLG,Xiaoxu,BLG,-1583
73486,LPL 2026 Split 1,2026-01-23,JD Gaming,BLG,JunJia,BLG,-100
73486,LPL 2026 Split 1,2026-01-23,JD Gaming,BLG,HongQ,BLG,-14
73486,LPL 2026 Split 1,2026-01-23,JD Gaming,BLG,GALA,BLG,333
73486,LPL 2026 Split 1,2026-01-23,JD Gaming,BLG,Vampire,BLG,-72
73487,LPL 2026 Split 1,2026-01-23,JD Gaming,BLG,Xiaoxu,JD Gaming,-966
73487,LPL 2026 Split 1,2026-01-23,JD Gaming,BLG,JunJia,JD Gaming,-895
73487,LPL 2026 Split 1,2026-01-23,JD Gaming,BLG,HongQ,JD Gaming,731
73487,LPL 2026 Split 1,2026-01-23,JD Gaming,BLG,GALA,JD Gaming,-531
73487,LPL 2026 Split 1,2026-01-23,JD Gaming,BLG,Vampire,JD Gaming,-226
73487,LPL 2026 Split 1,2026-01-23,JD Gaming,BLG,Bin,BLG,966
73487,LPL 2026 Split 1,2026-01-23,JD Gaming,BLG,XUN,BLG,895
73487,LPL 2026 Split 1,2026-01-23,JD Gaming,BLG,Knight,BLG,-731
73487,LPL 2026 Split 1,2026-01-23,JD Gaming,BLG,Viper,BLG,531
73487,LPL 2026 Split 1,2026-01-23,JD Gaming,BLG,ON,BLG,226
73483,LPL 2026 Split 1,2026-01-23,EDG,TT,Keshi,EDG,1762
73483,LPL 2026 Split 1,2026-01-23,EDG,TT,Junhao,EDG,297
73483,LPL 2026 Split 1,2026-01-23,EDG,TT,Heru,EDG,71
73483,LPL 2026 Split 1,2026-01-23,EDG,TT,Ryan3,EDG,-1080
73483,LPL 2026 Split 1,2026-01-23,EDG,TT,Feather,EDG,-257
73483,LPL 2026 Split 1,2026-01-23,EDG,TT,Zdz,TT,-1762
73483,LPL 2026 Split 1,2026-01-23,EDG,TT,Xiaohao,TT,-297
73483,LPL 2026 Split 1,2026-01-23,EDG,TT,Angel,TT,-71
73483,LPL 2026 Split 1,2026-01-23,EDG,TT,Leave,TT,1080
73483,LPL 2026 Split 1,2026-01-23,EDG,TT,Parukia,TT,257
73484,LPL 2026 Split 1,2026-01-23,EDG,TT,Keshi,EDG,4
73484,LPL 2026 Split 1,2026-01-23,EDG,TT,Junhao,EDG,-1111
73484,LPL 2026 Split 1,2026-01-23,EDG,TT,Heru,EDG,-386
73484,LPL 2026 Split 1,2026-01-23,EDG,TT,Ryan3,EDG,-1895
73484,LPL 2026 Split 1,2026-01-23,EDG,TT,Feather,EDG,116
73484,LPL 2026 Split 1,2026-01-23,EDG,TT,Zdz,TT,-4
73484,LPL 2026 Split 1,2026-01-23,EDG,TT,Xiaohao,TT,1111
73484,LPL 2026 Split 1,2026-01-23,EDG,TT,Angel,TT,386
73484,LPL 2026 Split 1,2026-01-23,EDG,TT,Leave,TT,1895
73484,LPL 2026 Split 1,2026-01-23,EDG,TT,Parukia,TT,-116
73485,LPL 2026 Split 1,2026-01-23,EDG,TT,Zdz,EDG,161
73485,LPL 2026 Split 1,2026-01-23,EDG,TT,Xiaohao,EDG,373
73485,LPL 2026 Split 1,2026-01-23,EDG,TT,Angel,EDG,97
73485,LPL 2026 Split 1,2026-01-23,EDG,TT,Leave,EDG,644
73485,LPL 2026 Split 1,2026-01-23,EDG,TT,Parukia,EDG,127
73485,LPL 2026 Split 1,2026-01-23,EDG,TT,Keshi,TT,-161
73485,LPL 2026 Split 1,2026-01-23,EDG,TT,Junhao,TT,-373
73485,LPL 2026 Split 1,2026-01-23,EDG,TT,Heru,TT,-97
73485,LPL 2026 Split 1,2026-01-23,EDG,TT,Ryan3,TT,-644
73485,LPL 2026 Split 1,2026-01-23,EDG,TT,Feather,TT,-127
73480,LPL 2026 Split 1,2026-01-23,Oh My God,LGD Gaming,sasi,Oh My God,-453
73480,LPL 2026 Split 1,2026-01-23,Oh My God,LGD Gaming,Heng,Oh My God,734
73480,LPL 2026 Split 1,2026-01-23,Oh My God,LGD Gaming,Tangyuan,Oh My God,-191
73480,LPL 2026 Split 1,2026-01-23,Oh My God,LGD Gaming,Shaoye,Oh My God,51
73480,LPL 2026 Split 1,2026-01-23,Oh My God,LGD Gaming,Ycx,Oh My God,214
73480,LPL 2026 Split 1,2026-01-23,Oh My God,LGD Gaming,Hery,LGD Gaming,453
73480,LPL 2026 Split 1,2026-01-23,Oh My God,LGD Gaming,Juhan,LGD Gaming,-734
73480,LPL 2026 Split 1,2026-01-23,Oh My God,LGD Gaming,Haichao,LGD Gaming,191
73480,LPL 2026 Split 1,2026-01-23,Oh My God,LGD Gaming,Starry,LGD Gaming,-51
73480,LPL 2026 Split 1,2026-01-23,Oh My God,LGD Gaming,Moham,LGD Gaming,-214
73481,LPL 2026 Split 1,2026-01-23,Oh My God,LGD Gaming,sasi,Oh My God,62
73481,LPL 2026 Split 1,2026-01-23,Oh My God,LGD Gaming,Heng,Oh My God,1551
73481,LPL 2026 Split 1,2026-01-23,Oh My God,LGD Gaming,Tangyuan,Oh My God,539
73481,LPL 2026 Split 1,2026-01-23,Oh My God,LGD Gaming,Shaoye,Oh My God,1251
73481,LPL 2026 Split 1,2026-01-23,Oh My God,LGD Gaming,Ycx,Oh My God,497
73481,LPL 2026 Split 1,2026-01-23,Oh My God,LGD Gaming,Hery,LGD Gaming,-62
73481,LPL 2026 Split 1,2026-01-23,Oh My God,LGD Gaming,Juhan,LGD Gaming,-1551
73481,LPL 2026 Split 1,2026-01-23,Oh My God,LGD Gaming,Haichao,LGD Gaming,-539
73481,LPL 2026 Split 1,2026-01-23,Oh My God,LGD Gaming,Starry,LGD Gaming,-1251
73481,LPL 2026 Split 1,2026-01-23,Oh My God,LGD Gaming,Moham,LGD Gaming,-497
73482,LPL 2026 Split 1,2026-01-23,Oh My God,LGD Gaming,sasi,Oh My God,51
73482,LPL 2026 Split 1,2026-01-23,Oh My God,LGD Gaming,Heng,Oh My God,453
73482,LPL 2026 Split 1,2026-01-23,Oh My God,LGD Gaming,Tangyuan,Oh My God,17
73482,LPL 2026 Split 1,2026-01-23,Oh My God,LGD Gaming,Shaoye,Oh My God,-128
73482,LPL 2026 Split 1,2026-01-23,Oh My God,LGD Gaming,Ycx,Oh My God,-763
73482,LPL 2026 Split 1,2026-01-23,Oh My God,LGD Gaming,Hery,LGD Gaming,-51
73482,LPL 2026 Split 1,2026-01-23,Oh My God,LGD Gaming,Juhan,LGD Gaming,-453
73482,LPL 2026 Split 1,2026-01-23,Oh My God,LGD Gaming,Haichao,LGD Gaming,-17
73482,LPL 2026 Split 1,2026-01-23,Oh My God,LGD Gaming,Starry,LGD Gaming,128
73482,LPL 2026 Split 1,2026-01-23,Oh My God,LGD Gaming,Moham,LGD Gaming,763
73477,LPL 2026 Split 1,2026-01-22,Team WE,NIP,Cube,Team WE,-706
73477,LPL 2026 Split 1,2026-01-22,Team WE,NIP,Monki,Team WE,355
73477,LPL 2026 Split 1,2026-01-22,Team WE,NIP,Karis,Team WE,439
73477,LPL 2026 Split 1,2026-01-22,Team WE,NIP,About,Team WE,-1640
73477,LPL 2026 Split 1,2026-01-22,Team WE,NIP,yaoyao,Team WE,-962
73477,LPL 2026 Split 1,2026-01-22,Team WE,NIP,Hoya,NIP,706
73477,LPL 2026 Split 1,2026-01-22,Team WE,NIP,Guwon,NIP,-355
73477,LPL 2026 Split 1,2026-01-22,Team WE,NIP,Care,NIP,-439
73477,LPL 2026 Split 1,2026-01-22,Team WE,NIP,Assum,NIP,1640
73477,LPL 2026 Split 1,2026-01-22,Team WE,NIP,Zhuo,NIP,962
73478,LPL 2026 Split 1,2026-01-22,Team WE,NIP,Cube,Team WE,83
73478,LPL 2026 Split 1,2026-01-22,Team WE,NIP,Monki,Team WE,-47
73478,LPL 2026 Split 1,2026-01-22,Team WE,NIP,Karis,Team WE,825
73478,LPL 2026 Split 1,2026-01-22,Team WE,NIP,About,Team WE,-125
73478,LPL 2026 Split 1,2026-01-22,Team WE,NIP,yaoyao,Team WE,-349
73478,LPL 2026 Split 1,2026-01-22,Team WE,NIP,Hoya,NIP,-83
73478,LPL 2026 Split 1,2026-01-22,Team WE,NIP,Guwon,NIP,47
73478,LPL 2026 Split 1,2026-01-22,Team WE,NIP,Care,NIP,-825
73478,LPL 2026 Split 1,2026-01-22,Team WE,NIP,Assum,NIP,125
73478,LPL 2026 Split 1,2026-01-22,Team WE,NIP,Zhuo,NIP,349
73479,LPL 2026 Split 1,2026-01-22,Team WE,NIP,Cube,Team WE,-708
73479,LPL 2026 Split 1,2026-01-22,Team WE,NIP,Monki,Team WE,-1818
73479,LPL 2026 Split 1,2026-01-22,Team WE,NIP,Karis,Team WE,377
73479,LPL 2026 Split 1,2026-01-22,Team WE,NIP,About,Team WE,812
73479,LPL 2026 Split 1,2026-01-22,Team WE,NIP,yaoyao,Team WE,109
73479,LPL 2026 Split 1,2026-01-22,Team WE,NIP,Hoya,NIP,708
73479,LPL 2026 Split 1,2026-01-22,Team WE,NIP,Guwon,NIP,1818
73479,LPL 2026 Split 1,2026-01-22,Team WE,NIP,Care,NIP,-377
73479,LPL 2026 Split 1,2026-01-22,Team WE,NIP,Assum,NIP,-812
73479,LPL 2026 Split 1,2026-01-22,Team WE,NIP,Zhuo,NIP,-109
73474,LPL 2026 Split 1,2026-01-22,TT,EDG,Zdz,TT,-73
73474,LPL 2026 Split 1,2026-01-22,TT,EDG,Xiaohao,TT,469
73474,LPL 2026 Split 1,2026-01-22,TT,EDG,Angel,TT,276
73474,LPL 2026 Split 1,2026-01-22,TT,EDG,Leave,TT,908
73474,LPL 2026 Split 1,2026-01-22,TT,EDG,Parukia,TT,-50
73474,LPL 2026 Split 1,2026-01-22,TT,EDG,Keshi,EDG,73
73474,LPL 2026 Split 1,2026-01-22,TT,EDG,Junhao,EDG,-469
73474,LPL 2026 Split 1,2026-01-22,TT,EDG,Heru,EDG,-276
73474,LPL 2026 Split 1,2026-01-22,TT,EDG,Ryan3,EDG,-908
73474,LPL 2026 Split 1,2026-01-22,TT,EDG,Feather,EDG,50
73475,LPL 2026 Split 1,2026-01-22,TT,EDG,Zdz,TT,-1308
73475,LPL 2026 Split 1,2026-01-22,TT,EDG,Xiaohao,TT,35
73475,LPL 2026 Split 1,2026-01-22,TT,EDG,Angel,TT,793
73475,LPL 2026 Split 1,2026-01-22,TT,EDG,Leave,TT,561
73475,LPL 2026 Split 1,2026-01-22,TT,EDG,Parukia,TT,192
73475,LPL 2026 Split 1,2026-01-22,TT,EDG,Keshi,EDG,1308
73475,LPL 2026 Split 1,2026-01-22,TT,EDG,Junhao,EDG,-35
73475,LPL 2026 Split 1,2026-01-22,TT,EDG,Heru,EDG,-793
73475,LPL 2026 Split 1,2026-01-22,TT,EDG,Ryan3,EDG,-561
73475,LPL 2026 Split 1,2026-01-22,TT,EDG,Feather,EDG,-192
73471,LPL 2026 Split 1,2026-01-22,Oh My God,Ultra Prime,Hery,Oh My God,1555
73471,LPL 2026 Split 1,2026-01-22,Oh My God,Ultra Prime,Juhan,Oh My God,-495
73471,LPL 2026 Split 1,2026-01-22,Oh My God,Ultra Prime,Haichao,Oh My God,-375
73471,LPL 2026 Split 1,2026-01-22,Oh My God,Ultra Prime,Starry,Oh My God,-1175
73471,LPL 2026 Split 1,2026-01-22,Oh My God,Ultra Prime,Moham,Oh My God,-224
73471,LPL 2026 Split 1,2026-01-22,Oh My God,Ultra Prime,Liangchen,Ultra Prime,-1555
73471,LPL 2026 Split 1,2026-01-22,Oh My God,Ultra Prime,Grizzly,Ultra Prime,495
73471,LPL 2026 Split 1,2026-01-22,Oh My God,Ultra Prime,Saber,Ultra Prime,375
73471,LPL 2026 Split 1,2026-01-22,Oh My God,Ultra Prime,Hena,Ultra Prime,1175
73471,LPL 2026 Split 1,2026-01-22,Oh My God,Ultra Prime,Xiaoxia,Ultra Prime,224
73472,LPL 2026 Split 1,2026-01-22,Oh My God,Ultra Prime,Hery,Oh My God,-84
73472,LPL 2026 Split 1,2026-01-22,Oh My God,Ultra Prime,Juhan,Oh My God,277
73472,LPL 2026 Split 1,2026-01-22,Oh My God,Ultra Prime,Haichao,Oh My God,-530
73472,LPL 2026 Split 1,2026-01-22,Oh My God,Ultra Prime,Starry,Oh My God,-239
73472,LPL 2026 Split 1,2026-01-22,Oh My God,Ultra Prime,Moham,Oh My God,-201
73472,LPL 2026 Split 1,2026-01-22,Oh My God,Ultra Prime,Liangchen,Ultra Prime,84
73472,LPL 2026 Split 1,2026-01-22,Oh My God,Ultra Prime,Grizzly,Ultra Prime,-277
73472,LPL 2026 Split 1,2026-01-22,Oh My God,Ultra Prime,Saber,Ultra Prime,530
73472,LPL 2026 Split 1,2026-01-22,Oh My God,Ultra Prime,Hena,Ultra Prime,239
73472,LPL 2026 Split 1,2026-01-22,Oh My God,Ultra Prime,Xiaoxia,Ultra Prime,201
73468,LPL 2026 Split 1,2026-01-21,IG,Top Esports,369,IG,-906
73468,LPL 2026 Split 1,2026-01-21,IG,Top Esports,naiyou,IG,-934
73468,LPL 2026 Split 1,2026-01-21,IG,Top Esports,Creme,IG,-108
73468,LPL 2026 Split 1,2026-01-21,IG,Top Esports,JiaQi,IG,1872
73468,LPL 2026 Split 1,2026-01-21,IG,Top Esports,fengyue,IG,67
73468,LPL 2026 Split 1,2026-01-21,IG,Top Esports,Soboro,Top Esports,906
73468,LPL 2026 Split 1,2026-01-21,IG,Top Esports,Wei,Top Esports,934
73468,LPL 2026 Split 1,2026-01-21,IG,Top Esports,RooKie,Top Esports,108
73468,LPL 2026 Split 1,2026-01-21,IG,Top Esports,Photic,Top Esports,-1872
73468,LPL 2026 Split 1,2026-01-21,IG,Top Esports,Jwei,Top Esports,-67
73469,LPL 2026 Split 1,2026-01-21,IG,Top Esports,369,IG,371
73469,LPL 2026 Split 1,2026-01-21,IG,Top Esports,naiyou,IG,-766
73469,LPL 2026 Split 1,2026-01-21,IG,Top Esports,Creme,IG,-948
73469,LPL 2026 Split 1,2026-01-21,IG,Top Esports,JiaQi,IG,-13
73469,LPL 2026 Split 1,2026-01-21,IG,Top Esports,fengyue,IG,-279
73469,LPL 2026 Split 1,2026-01-21,IG,Top Esports,Soboro,Top Esports,-371
73469,LPL 2026 Split 1,2026-01-21,IG,Top Esports,Wei,Top Esports,766
73469,LPL 2026 Split 1,2026-01-21,IG,Top Esports,RooKie,Top Esports,948
73469,LPL 2026 Split 1,2026-01-21,IG,Top Esports,Photic,Top Esports,13
73469,LPL 2026 Split 1,2026-01-21,IG,Top Esports,Jwei,Top Esports,279
73470,LPL 2026 Split 1,2026-01-21,IG,Top Esports,Soboro,IG,550
73470,LPL 2026 Split 1,2026-01-21,IG,Top Esports,Wei,IG,664
73470,LPL 2026 Split 1,2026-01-21,IG,Top Esports,RooKie,IG,739
73470,LPL 2026 Split 1,2026-01-21,IG,Top Esports,Photic,IG,617
73470,LPL 2026 Split 1,2026-01-21,IG,Top Esports,Jwei,IG,283
73470,LPL 2026 Split 1,2026-01-21,IG,Top Esports,369,Top Esports,-550
73470,LPL 2026 Split 1,2026-01-21,IG,Top Esports,naiyou,Top Esports,-664
73470,LPL 2026 Split 1,2026-01-21,IG,Top Esports,Creme,Top Esports,-739
73470,LPL 2026 Split 1,2026-01-21,IG,Top Esports,JiaQi,Top Esports,-617
73470,LPL 2026 Split 1,2026-01-21,IG,Top Esports,fengyue,Top Esports,-283
73465,LPL 2026 Split 1,2026-01-21,LNG Esports,LGD Gaming,sheer,LNG Esports,-181
73465,LPL 2026 Split 1,2026-01-21,LNG Esports,LGD Gaming,Croco,LNG Esports,447
73465,LPL 2026 Split 1,2026-01-21,LNG Esports,LGD Gaming,Bulldog,LNG Esports,818
73465,LPL 2026 Split 1,2026-01-21,LNG Esports,LGD Gaming,1xn,LNG Esports,270
73465,LPL 2026 Split 1,2026-01-21,LNG Esports,LGD Gaming,Missing,LNG Esports,-364
73465,LPL 2026 Split 1,2026-01-21,LNG Esports,LGD Gaming,sasi,LGD Gaming,181
73465,LPL 2026 Split 1,2026-01-21,LNG Esports,LGD Gaming,Heng,LGD Gaming,-447
73465,LPL 2026 Split 1,2026-01-21,LNG Esports,LGD Gaming,Tangyuan,LGD Gaming,-818
73465,LPL 2026 Split 1,2026-01-21,LNG Esports,LGD Gaming,Shaoye,LGD Gaming,-270
73465,LPL 2026 Split 1,2026-01-21,LNG Esports,LGD Gaming,Ycx,LGD Gaming,364
73466,LPL 2026 Split 1,2026-01-21,LNG Esports,LGD Gaming,sheer,LNG Esports,-327
73466,LPL 2026 Split 1,2026-01-21,LNG Esports,LGD Gaming,Croco,LNG Esports,309
73466,LPL 2026 Split 1,2026-01-21,LNG Esports,LGD Gaming,Bulldog,LNG Esports,939
73466,LPL 2026 Split 1,2026-01-21,LNG Esports,LGD Gaming,1xn,LNG Esports,956
73466,LPL 2026 Split 1,2026-01-21,LNG Esports,LGD Gaming,Missing,LNG Esports,400
73466,LPL 2026 Split 1,2026-01-21,LNG Esports,LGD Gaming,sasi,LGD Gaming,327
73466,LPL 2026 Split 1,2026-01-21,LNG Esports,LGD Gaming,Heng,LGD Gaming,-309
73466,LPL 2026 Split 1,2026-01-21,LNG Esports,LGD Gaming,Tangyuan,LGD Gaming,-939
73466,LPL 2026 Split 1,2026-01-21,LNG Esports,LGD Gaming,Shaoye,LGD Gaming,-956
73466,LPL 2026 Split 1,2026-01-21,LNG Esports,LGD Gaming,Ycx,LGD Gaming,-400
73467,LPL 2026 Split 1,2026-01-21,LNG Esports,LGD Gaming,sheer,LNG Esports,-117
73467,LPL 2026 Split 1,2026-01-21,LNG Esports,LGD Gaming,Croco,LNG Esports,927
73467,LPL 2026 Split 1,2026-01-21,LNG Esports,LGD Gaming,Bulldog,LNG Esports,-1229
73467,LPL 2026 Split 1,2026-01-21,LNG Esports,LGD Gaming,1xn,LNG Esports,1997
73467,LPL 2026 Split 1,2026-01-21,LNG Esports,LGD Gaming,Missing,LNG Esports,435
73467,LPL 2026 Split 1,2026-01-21,LNG Esports,LGD Gaming,sasi,LGD Gaming,117
73467,LPL 2026 Split 1,2026-01-21,LNG Esports,LGD Gaming,Heng,LGD Gaming,-927
73467,LPL 2026 Split 1,2026-01-21,LNG Esports,LGD Gaming,Tangyuan,LGD Gaming,1229
73467,LPL 2026 Split 1,2026-01-21,LNG Esports,LGD Gaming,Shaoye,LGD Gaming,-1997
73467,LPL 2026 Split 1,2026-01-21,LNG Esports,LGD Gaming,Ycx,LGD Gaming,-435
73450,LPL 2026 Split 1,2026-01-20,IG,BLG,Bin,IG,273
73450,LPL 2026 Split 1,2026-01-20,IG,BLG,XUN,IG,61
73450,LPL 2026 Split 1,2026-01-20,IG,BLG,Knight,IG,2025
73450,LPL 2026 Split 1,2026-01-20,IG,BLG,Viper,IG,-548
73450,LPL 2026 Split 1,2026-01-20,IG,BLG,ON,IG,14
73450,LPL 2026 Split 1,2026-01-20,IG,BLG,Soboro,BLG,-273
73450,LPL 2026 Split 1,2026-01-20,IG,BLG,Wei,BLG,-61
73450,LPL 2026 Split 1,2026-01-20,IG,BLG,RooKie,BLG,-2025
73450,LPL 2026 Split 1,2026-01-20,IG,BLG,Photic,BLG,548
73450,LPL 2026 Split 1,2026-01-20,IG,BLG,Jwei,BLG,-14
73451,LPL 2026 Split 1,2026-01-20,IG,BLG,Bin,IG,654
73451,LPL 2026 Split 1,2026-01-20,IG,BLG,XUN,IG,-208
73451,LPL 2026 Split 1,2026-01-20,IG,BLG,Knight,IG,-413
73451,LPL 2026 Split 1,2026-01-20,IG,BLG,Viper,IG,-861
73451,LPL 2026 Split 1,2026-01-20,IG,BLG,ON,IG,-167
73451,LPL 2026 Split 1,2026-01-20,IG,BLG,Soboro,BLG,-654
73451,LPL 2026 Split 1,2026-01-20,IG,BLG,Wei,BLG,208
73451,LPL 2026 Split 1,2026-01-20,IG,BLG,RooKie,BLG,413
73451,LPL 2026 Split 1,2026-01-20,IG,BLG,Photic,BLG,861
73451,LPL 2026 Split 1,2026-01-20,IG,BLG,Jwei,BLG,167
73447,LPL 2026 Split 1,2026-01-20,AL,WBG,Flandre,AL,25
73447,LPL 2026 Split 1,2026-01-20,AL,WBG,Tarzan,AL,124
73447,LPL 2026 Split 1,2026-01-20,AL,WBG,Shanks,AL,1599
73447,LPL 2026 Split 1,2026-01-20,AL,WBG,Hope,AL,2500
73447,LPL 2026 Split 1,2026-01-20,AL,WBG,Kael,AL,841
73447,LPL 2026 Split 1,2026-01-20,AL,WBG,Zika,WBG,-25
73447,LPL 2026 Split 1,2026-01-20,AL,WBG,Jiejie,WBG,-124
73447,LPL 2026 Split 1,2026-01-20,AL,WBG,xiaohu,WBG,-1599
73447,LPL 2026 Split 1,2026-01-20,AL,WBG,Elk,WBG,-2500
73447,LPL 2026 Split 1,2026-01-20,AL,WBG,Erha,WBG,-841
73448,LPL 2026 Split 1,2026-01-20,AL,WBG,Flandre,AL,-533
73448,LPL 2026 Split 1,2026-01-20,AL,WBG,Tarzan,AL,1000
73448,LPL 2026 Split 1,2026-01-20,AL,WBG,Shanks,AL,-654
73448,LPL 2026 Split 1,2026-01-20,AL,WBG,Hope,AL,1052
73448,LPL 2026 Split 1,2026-01-20,AL,WBG,Kael,AL,24
73448,LPL 2026 Split 1,2026-01-20,AL,WBG,Zika,WBG,533
73448,LPL 2026 Split 1,2026-01-20,AL,WBG,Jiejie,WBG,-1000
73448,LPL 2026 Split 1,2026-01-20,AL,WBG,xiaohu,WBG,654
73448,LPL 2026 Split 1,2026-01-20,AL,WBG,Elk,WBG,-1052
73448,LPL 2026 Split 1,2026-01-20,AL,WBG,Erha,WBG,-24
73313,LPL 2026 Split 1,2026-01-19,EDG,NIP,Hoya,EDG,-251
73313,LPL 2026 Split 1,2026-01-19,EDG,NIP,Guwon,EDG,-1580
73313,LPL 2026 Split 1,2026-01-19,EDG,NIP,Care,EDG,-434
73313,LPL 2026 Split 1,2026-01-19,EDG,NIP,Assum,EDG,-2116
73313,LPL 2026 Split 1,2026-01-19,EDG,NIP,Zhuo,EDG,-348
73313,LPL 2026 Split 1,2026-01-19,EDG,NIP,Zdz,NIP,251
73313,LPL 2026 Split 1,2026-01-19,EDG,NIP,Xiaohao,NIP,1580
73313,LPL 2026 Split 1,2026-01-19,EDG,NIP,Angel,NIP,434
73313,LPL 2026 Split 1,2026-01-19,EDG,NIP,Leave,NIP,2116
73313,LPL 2026 Split 1,2026-01-19,EDG,NIP,Parukia,NIP,348
73314,LPL 2026 Split 1,2026-01-19,EDG,NIP,Zdz,EDG,1585
73314,LPL 2026 Split 1,2026-01-19,EDG,NIP,Xiaohao,EDG,-23
73314,LPL 2026 Split 1,2026-01-19,EDG,NIP,Angel,EDG,-404
73314,LPL 2026 Split 1,2026-01-19,EDG,NIP,Leave,EDG,-720
73314,LPL 2026 Split 1,2026-01-19,EDG,NIP,Parukia,EDG,-503
73314,LPL 2026 Split 1,2026-01-19,EDG,NIP,Hoya,NIP,-1585
73314,LPL 2026 Split 1,2026-01-19,EDG,NIP,Guwon,NIP,23
73314,LPL 2026 Split 1,2026-01-19,EDG,NIP,Care,NIP,404
73314,LPL 2026 Split 1,2026-01-19,EDG,NIP,Assum,NIP,720
73314,LPL 2026 Split 1,2026-01-19,EDG,NIP,Zhuo,NIP,503
73315,LPL 2026 Split 1,2026-01-19,EDG,NIP,Zdz,EDG,-206
73315,LPL 2026 Split 1,2026-01-19,EDG,NIP,Xiaohao,EDG,-496
73315,LPL 2026 Split 1,2026-01-19,EDG,NIP,Angel,EDG,-808
73315,LPL 2026 Split 1,2026-01-19,EDG,NIP,Leave,EDG,452
73315,LPL 2026 Split 1,2026-01-19,EDG,NIP,Parukia,EDG,306
73315,LPL 2026 Split 1,2026-01-19,EDG,NIP,Hoya,NIP,206
73315,LPL 2026 Split 1,2026-01-19,EDG,NIP,Guwon,NIP,496
73315,LPL 2026 Split 1,2026-01-19,EDG,NIP,Care,NIP,808
73315,LPL 2026 Split 1,2026-01-19,EDG,NIP,Assum,NIP,-452
73315,LPL 2026 Split 1,2026-01-19,EDG,NIP,Zhuo,NIP,-306
73310,LPL 2026 Split 1,2026-01-19,Top Esports,WBG,Zika,Top Esports,-862
73310,LPL 2026 Split 1,2026-01-19,Top Esports,WBG,Jiejie,Top Esports,-52
73310,LPL 2026 Split 1,2026-01-19,Top Esports,WBG,xiaohu,Top Esports,-529
73310,LPL 2026 Split 1,2026-01-19,Top Esports,WBG,Elk,Top Esports,779
73310,LPL 2026 Split 1,2026-01-19,Top Esports,WBG,Erha,Top Esports,121
73310,LPL 2026 Split 1,2026-01-19,Top Esports,WBG,369,WBG,862
73310,LPL 2026 Split 1,2026-01-19,Top Esports,WBG,naiyou,WBG,52
73310,LPL 2026 Split 1,2026-01-19,Top Esports,WBG,Creme,WBG,529
73310,LPL 2026 Split 1,2026-01-19,Top Esports,WBG,JiaQi,WBG,-779
73310,LPL 2026 Split 1,2026-01-19,Top Esports,WBG,fengyue,WBG,-121
73311,LPL 2026 Split 1,2026-01-19,Top Esports,WBG,369,Top Esports,321
73311,LPL 2026 Split 1,2026-01-19,Top Esports,WBG,naiyou,Top Esports,785
73311,LPL 2026 Split 1,2026-01-19,Top Esports,WBG,Creme,Top Esports,695
73311,LPL 2026 Split 1,2026-01-19,Top Esports,WBG,JiaQi,Top Esports,-1193
73311,LPL 2026 Split 1,2026-01-19,Top Esports,WBG,fengyue,Top Esports,262
73311,LPL 2026 Split 1,2026-01-19,Top Esports,WBG,Zika,WBG,-321
73311,LPL 2026 Split 1,2026-01-19,Top Esports,WBG,Jiejie,WBG,-785
73311,LPL 2026 Split 1,2026-01-19,Top Esports,WBG,xiaohu,WBG,-695
73311,LPL 2026 Split 1,2026-01-19,Top Esports,WBG,Elk,WBG,1193
73311,LPL 2026 Split 1,2026-01-19,Top Esports,WBG,Erha,WBG,-262
73312,LPL 2026 Split 1,2026-01-19,Top Esports,WBG,Zika,Top Esports,-2034
73312,LPL 2026 Split 1,2026-01-19,Top Esports,WBG,Jiejie,Top Esports,528
73312,LPL 2026 Split 1,2026-01-19,Top Esports,WBG,xiaohu,Top Esports,-844
73312,LPL 2026 Split 1,2026-01-19,Top Esports,WBG,Elk,Top Esports,-654
73312,LPL 2026 Split 1,2026-01-19,Top Esports,WBG,Erha,Top Esports,-329
73312,LPL 2026 Split 1,2026-01-19,Top Esports,WBG,369,WBG,2034
73312,LPL 2026 Split 1,2026-01-19,Top Esports,WBG,naiyou,WBG,-528
73312,LPL 2026 Split 1,2026-01-19,Top Esports,WBG,Creme,WBG,844
73312,LPL 2026 Split 1,2026-01-19,Top Esports,WBG,JiaQi,WBG,654
73312,LPL 2026 Split 1,2026-01-19,Top Esports,WBG,fengyue,WBG,329
73307,LPL 2026 Split 1,2026-01-19,TT,Team WE,Cube,TT,-659
73307,LPL 2026 Split 1,2026-01-19,TT,Team WE,Monki,TT,-497
73307,LPL 2026 Split 1,2026-01-19,TT,Team WE,Karis,TT,-874
73307,LPL 2026 Split 1,2026-01-19,TT,Team WE,About,TT,530
73307,LPL 2026 Split 1,2026-01-19,TT,Team WE,yaoyao,TT,-85
73307,LPL 2026 Split 1,2026-01-19,TT,Team WE,Keshi,Team WE,659
73307,LPL 2026 Split 1,2026-01-19,TT,Team WE,Junhao,Team WE,497
73307,LPL 2026 Split 1,2026-01-19,TT,Team WE,Heru,Team WE,874
73307,LPL 2026 Split 1,2026-01-19,TT,Team WE,Ryan3,Team WE,-530
73307,LPL 2026 Split 1,2026-01-19,TT,Team WE,Feather,Team WE,85
73308,LPL 2026 Split 1,2026-01-19,TT,Team WE,Cube,TT,-247
73308,LPL 2026 Split 1,2026-01-19,TT,Team WE,Monki,TT,-828
73308,LPL 2026 Split 1,2026-01-19,TT,Team WE,Karis,TT,-1232
73308,LPL 2026 Split 1,2026-01-19,TT,Team WE,About,TT,1006
73308,LPL 2026 Split 1,2026-01-19,TT,Team WE,yaoyao,TT,307
73308,LPL 2026 Split 1,2026-01-19,TT,Team WE,Keshi,Team WE,247
73308,LPL 2026 Split 1,2026-01-19,TT,Team WE,Junhao,Team WE,828
73308,LPL 2026 Split 1,2026-01-19,TT,Team WE,Heru,Team WE,1232
73308,LPL 2026 Split 1,2026-01-19,TT,Team WE,Ryan3,Team WE,-1006
73308,LPL 2026 Split 1,2026-01-19,TT,Team WE,Feather,Team WE,-307
73178,LPL 2026 Split 1,2026-01-18,AL,JDG,Xiaoxu,AL,532
73178,LPL 2026 Split 1,2026-01-18,AL,JDG,JunJia,AL,1013
73178,LPL 2026 Split 1,2026-01-18,AL,JDG,HongQ,AL,-365
73178,LPL 2026 Split 1,2026-01-18,AL,JDG,GALA,AL,-960
73178,LPL 2026 Split 1,2026-01-18,AL,JDG,Vampire,AL,378
73178,LPL 2026 Split 1,2026-01-18,AL,JDG,Flandre,JDG,-532
73178,LPL 2026 Split 1,2026-01-18,AL,JDG,Tarzan,JDG,-1013
73178,LPL 2026 Split 1,2026-01-18,AL,JDG,Shanks,JDG,365
73178,LPL 2026 Split 1,2026-01-18,AL,JDG,Hope,JDG,960
73178,LPL 2026 Split 1,2026-01-18,AL,JDG,Kael,JDG,-378
73179,LPL 2026 Split 1,2026-01-18,AL,JDG,Xiaoxu,AL,148
73179,LPL 2026 Split 1,2026-01-18,AL,JDG,JunJia,AL,105
73179,LPL 2026 Split 1,2026-01-18,AL,JDG,HongQ,AL,610
73179,LPL 2026 Split 1,2026-01-18,AL,JDG,GALA,AL,-1063
73179,LPL 2026 Split 1,2026-01-18,AL,JDG,Vampire,AL,-613
73179,LPL 2026 Split 1,2026-01-18,AL,JDG,Flandre,JDG,-148
73179,LPL 2026 Split 1,2026-01-18,AL,JDG,Tarzan,JDG,-105
73179,LPL 2026 Split 1,2026-01-18,AL,JDG,Shanks,JDG,-610
73179,LPL 2026 Split 1,2026-01-18,AL,JDG,Hope,JDG,1063
73179,LPL 2026 Split 1,2026-01-18,AL,JDG,Kael,JDG,613
73180,LPL 2026 Split 1,2026-01-18,AL,JDG,Flandre,AL,-1573
73180,LPL 2026 Split 1,2026-01-18,AL,JDG,Tarzan,AL,-1353
73180,LPL 2026 Split 1,2026-01-18,AL,JDG,Shanks,AL,-443
73180,LPL 2026 Split 1,2026-01-18,AL,JDG,Hope,AL,-618
73180,LPL 2026 Split 1,2026-01-18,AL,JDG,Kael,AL,-342
73180,LPL 2026 Split 1,2026-01-18,AL,JDG,Xiaoxu,JDG,1573
73180,LPL 2026 Split 1,2026-01-18,AL,JDG,JunJia,JDG,1353
73180,LPL 2026 Split 1,2026-01-18,AL,JDG,HongQ,JDG,443
73180,LPL 2026 Split 1,2026-01-18,AL,JDG,GALA,JDG,618
73180,LPL 2026 Split 1,2026-01-18,AL,JDG,Vampire,JDG,342
73175,LPL 2026 Split 1,2026-01-18,Top Esports,BLG,Bin,Top Esports,1238
73175,LPL 2026 Split 1,2026-01-18,Top Esports,BLG,XUN,Top Esports,1318
73175,LPL 2026 Split 1,2026-01-18,Top Esports,BLG,Knight,Top Esports,3076
73175,LPL 2026 Split 1,2026-01-18,Top Esports,BLG,Viper,Top Esports,813
73175,LPL 2026 Split 1,2026-01-18,Top Esports,BLG,ON,Top Esports,731
73175,LPL 2026 Split 1,2026-01-18,Top Esports,BLG,369,BLG,-1238
73175,LPL 2026 Split 1,2026-01-18,Top Esports,BLG,naiyou,BLG,-1318
73175,LPL 2026 Split 1,2026-01-18,Top Esports,BLG,Creme,BLG,-3076
73175,LPL 2026 Split 1,2026-01-18,Top Esports,BLG,JiaQi,BLG,-813
73175,LPL 2026 Split 1,2026-01-18,Top Esports,BLG,fengyue,BLG,-731
73176,LPL 2026 Split 1,2026-01-18,Top Esports,BLG,Bin,Top Esports,944
73176,LPL 2026 Split 1,2026-01-18,Top Esports,BLG,XUN,Top Esports,-175
73176,LPL 2026 Split 1,2026-01-18,Top Esports,BLG,Knight,Top Esports,109
73176,LPL 2026 Split 1,2026-01-18,Top Esports,BLG,Viper,Top Esports,-812
73176,LPL 2026 Split 1,2026-01-18,Top Esports,BLG,ON,Top Esports,-461
73176,LPL 2026 Split 1,2026-01-18,Top Esports,BLG,369,BLG,-944
73176,LPL 2026 Split 1,2026-01-18,Top Esports,BLG,naiyou,BLG,175
73176,LPL 2026 Split 1,2026-01-18,Top Esports,BLG,Creme,BLG,-109
73176,LPL 2026 Split 1,2026-01-18,Top Esports,BLG,JiaQi,BLG,812
73176,LPL 2026 Split 1,2026-01-18,Top Esports,BLG,fengyue,BLG,461
73172,LPL 2026 Split 1,2026-01-17,JD Gaming,IG,Soboro,JD Gaming,-488
73172,LPL 2026 Split 1,2026-01-17,JD Gaming,IG,Wei,JD Gaming,-128
73172,LPL 2026 Split 1,2026-01-17,JD Gaming,IG,RooKie,JD Gaming,805
73172,LPL 2026 Split 1,2026-01-17,JD Gaming,IG,Photic,JD Gaming,-1290
73172,LPL 2026 Split 1,2026-01-17,JD Gaming,IG,Jwei,JD Gaming,-363
73172,LPL 2026 Split 1,2026-01-17,JD Gaming,IG,Xiaoxu,IG,488
73172,LPL 2026 Split 1,2026-01-17,JD Gaming,IG,JunJia,IG,128
73172,LPL 2026 Split 1,2026-01-17,JD Gaming,IG,HongQ,IG,-805
73172,LPL 2026 Split 1,2026-01-17,JD Gaming,IG,GALA,IG,1290
73172,LPL 2026 Split 1,2026-01-17,JD Gaming,IG,Vampire,IG,363
73173,LPL 2026 Split 1,2026-01-17,JD Gaming,IG,Soboro,JD Gaming,-174
73173,LPL 2026 Split 1,2026-01-17,JD Gaming,IG,Wei,JD Gaming,-368
73173,LPL 2026 Split 1,2026-01-17,JD Gaming,IG,RooKie,JD Gaming,-819
73173,LPL 2026 Split 1,2026-01-17,JD Gaming,IG,Photic,JD Gaming,-1112
73173,LPL 2026 Split 1,2026-01-17,JD Gaming,IG,Jwei,JD Gaming,-429
73173,LPL 2026 Split 1,2026-01-17,JD Gaming,IG,Xiaoxu,IG,174
73173,LPL 2026 Split 1,2026-01-17,JD Gaming,IG,JunJia,IG,368
73173,LPL 2026 Split 1,2026-01-17,JD Gaming,IG,HongQ,IG,819
73173,LPL 2026 Split 1,2026-01-17,JD Gaming,IG,GALA,IG,1112
73173,LPL 2026 Split 1,2026-01-17,JD Gaming,IG,Vampire,IG,429
73174,LPL 2026 Split 1,2026-01-17,JD Gaming,IG,Xiaoxu,JD Gaming,-506
73174,LPL 2026 Split 1,2026-01-17,JD Gaming,IG,JunJia,JD Gaming,-412
73174,LPL 2026 Split 1,2026-01-17,JD Gaming,IG,HongQ,JD Gaming,65
73174,LPL 2026 Split 1,2026-01-17,JD Gaming,IG,GALA,JD Gaming,-419
73174,LPL 2026 Split 1,2026-01-17,JD Gaming,IG,Vampire,JD Gaming,26
73174,LPL 2026 Split 1,2026-01-17,JD Gaming,IG,Soboro,IG,506
73174,LPL 2026 Split 1,2026-01-17,JD Gaming,IG,Wei,IG,412
73174,LPL 2026 Split 1,2026-01-17,JD Gaming,IG,RooKie,IG,-65
73174,LPL 2026 Split 1,2026-01-17,JD Gaming,IG,Photic,IG,419
73174,LPL 2026 Split 1,2026-01-17,JD Gaming,IG,Jwei,IG,-26
73169,LPL 2026 Split 1,2026-01-17,BLG,AL,Flandre,BLG,-940
73169,LPL 2026 Split 1,2026-01-17,BLG,AL,Tarzan,BLG,1445
73169,LPL 2026 Split 1,2026-01-17,BLG,AL,Shanks,BLG,1071
73169,LPL 2026 Split 1,2026-01-17,BLG,AL,Hope,BLG,-431
73169,LPL 2026 Split 1,2026-01-17,BLG,AL,Kael,BLG,120
73169,LPL 2026 Split 1,2026-01-17,BLG,AL,Bin,AL,940
73169,LPL 2026 Split 1,2026-01-17,BLG,AL,XUN,AL,-1445
73169,LPL 2026 Split 1,2026-01-17,BLG,AL,Knight,AL,-1071
73169,LPL 2026 Split 1,2026-01-17,BLG,AL,Viper,AL,431
73169,LPL 2026 Split 1,2026-01-17,BLG,AL,ON,AL,-120
73170,LPL 2026 Split 1,2026-01-17,BLG,AL,Flandre,BLG,-556
73170,LPL 2026 Split 1,2026-01-17,BLG,AL,Tarzan,BLG,1414
73170,LPL 2026 Split 1,2026-01-17,BLG,AL,Shanks,BLG,-1285
73170,LPL 2026 Split 1,2026-01-17,BLG,AL,Hope,BLG,-1940
73170,LPL 2026 Split 1,2026-01-17,BLG,AL,Kael,BLG,-48
73170,LPL 2026 Split 1,2026-01-17,BLG,AL,Bin,AL,556
73170,LPL 2026 Split 1,2026-01-17,BLG,AL,XUN,AL,-1414
73170,LPL 2026 Split 1,2026-01-17,BLG,AL,Knight,AL,1285
73170,LPL 2026 Split 1,2026-01-17,BLG,AL,Viper,AL,1940
73170,LPL 2026 Split 1,2026-01-17,BLG,AL,ON,AL,48
73171,LPL 2026 Split 1,2026-01-17,BLG,AL,Bin,BLG,-9
73171,LPL 2026 Split 1,2026-01-17,BLG,AL,XUN,BLG,483
73171,LPL 2026 Split 1,2026-01-17,BLG,AL,Knight,BLG,556
73171,LPL 2026 Split 1,2026-01-17,BLG,AL,Viper,BLG,-139
73171,LPL 2026 Split 1,2026-01-17,BLG,AL,ON,BLG,415
73171,LPL 2026 Split 1,2026-01-17,BLG,AL,Flandre,AL,9
73171,LPL 2026 Split 1,2026-01-17,BLG,AL,Tarzan,AL,-483
73171,LPL 2026 Split 1,2026-01-17,BLG,AL,Shanks,AL,-556
73171,LPL 2026 Split 1,2026-01-17,BLG,AL,Hope,AL,139
73171,LPL 2026 Split 1,2026-01-17,BLG,AL,Kael,AL,-415
73293,LPL 2026 Split 1,2026-01-16,LNG Esports,Oh My God,Hery,LNG Esports,-180
73293,LPL 2026 Split 1,2026-01-16,LNG Esports,Oh My God,Juhan,LNG Esports,-1116
73293,LPL 2026 Split 1,2026-01-16,LNG Esports,Oh My God,Haichao,LNG Esports,-341
73293,LPL 2026 Split 1,2026-01-16,LNG Esports,Oh My God,Starry,LNG Esports,-1796
73293,LPL 2026 Split 1,2026-01-16,LNG Esports,Oh My God,Moham,LNG Esports,-475
73293,LPL 2026 Split 1,2026-01-16,LNG Esports,Oh My God,sheer,Oh My God,180
73293,LPL 2026 Split 1,2026-01-16,LNG Esports,Oh My God,Croco,Oh My God,1116
73293,LPL 2026 Split 1,2026-01-16,LNG Esports,Oh My God,Bulldog,Oh My God,341
73293,LPL 2026 Split 1,2026-01-16,LNG Esports,Oh My God,1xn,Oh My God,1796
73293,LPL 2026 Split 1,2026-01-16,LNG Esports,Oh My God,Missing,Oh My God,475
73294,LPL 2026 Split 1,2026-01-16,LNG Esports,Oh My God,sheer,LNG Esports,-92
73294,LPL 2026 Split 1,2026-01-16,LNG Esports,Oh My God,Croco,LNG Esports,1917
73294,LPL 2026 Split 1,2026-01-16,LNG Esports,Oh My God,Bulldog,LNG Esports,1173
73294,LPL 2026 Split 1,2026-01-16,LNG Esports,Oh My God,1xn,LNG Esports,2124
73294,LPL 2026 Split 1,2026-01-16,LNG Esports,Oh My God,Missing,LNG Esports,1592
73294,LPL 2026 Split 1,2026-01-16,LNG Esports,Oh My God,Hery,Oh My God,92
73294,LPL 2026 Split 1,2026-01-16,LNG Esports,Oh My God,Juhan,Oh My God,-1917
73294,LPL 2026 Split 1,2026-01-16,LNG Esports,Oh My God,Haichao,Oh My God,-1173
73294,LPL 2026 Split 1,2026-01-16,LNG Esports,Oh My God,Starry,Oh My God,-2124
73294,LPL 2026 Split 1,2026-01-16,LNG Esports,Oh My God,Moham,Oh My God,-1592
73166,LPL 2026 Split 1,2026-01-16,Team WE,EDG,Zdz,Team WE,-513
73166,LPL 2026 Split 1,2026-01-16,Team WE,EDG,Xiaohao,Team WE,-728
73166,LPL 2026 Split 1,2026-01-16,Team WE,EDG,Angel,Team WE,54
73166,LPL 2026 Split 1,2026-01-16,Team WE,EDG,Leave,Team WE,899
73166,LPL 2026 Split 1,2026-01-16,Team WE,EDG,Parukia,Team WE,33
73166,LPL 2026 Split 1,2026-01-16,Team WE,EDG,Cube,EDG,513
73166,LPL 2026 Split 1,2026-01-16,Team WE,EDG,Monki,EDG,728
73166,LPL 2026 Split 1,2026-01-16,Team WE,EDG,Karis,EDG,-54
73166,LPL 2026 Split 1,2026-01-16,Team WE,EDG,About,EDG,-899
73166,LPL 2026 Split 1,2026-01-16,Team WE,EDG,yaoyao,EDG,-33
73167,LPL 2026 Split 1,2026-01-16,Team WE,EDG,Cube,Team WE,-1722
73167,LPL 2026 Split 1,2026-01-16,Team WE,EDG,Monki,Team WE,-927
73167,LPL 2026 Split 1,2026-01-16,Team WE,EDG,Karis,Team WE,-624
73167,LPL 2026 Split 1,2026-01-16,Team WE,EDG,About,Team WE,-1156
73167,LPL 2026 Split 1,2026-01-16,Team WE,EDG,yaoyao,Team WE,-893
73167,LPL 2026 Split 1,2026-01-16,Team WE,EDG,Zdz,EDG,1722
73167,LPL 2026 Split 1,2026-01-16,Team WE,EDG,Xiaohao,EDG,927
73167,LPL 2026 Split 1,2026-01-16,Team WE,EDG,Angel,EDG,624
73167,LPL 2026 Split 1,2026-01-16,Team WE,EDG,Leave,EDG,1156
73167,LPL 2026 Split 1,2026-01-16,Team WE,EDG,Parukia,EDG,893
73160,LPL 2026 Split 1,2026-01-15,WBG,BLG,Bin,WBG,-979
73160,LPL 2026 Split 1,2026-01-15,WBG,BLG,XUN,WBG,-154
73160,LPL 2026 Split 1,2026-01-15,WBG,BLG,Knight,WBG,234
73160,LPL 2026 Split 1,2026-01-15,WBG,BLG,Viper,WBG,-122
73160,LPL 2026 Split 1,2026-01-15,WBG,BLG,ON,WBG,-547
73160,LPL 2026 Split 1,2026-01-15,WBG,BLG,Zika,BLG,979
73160,LPL 2026 Split 1,2026-01-15,WBG,BLG,Jiejie,BLG,154
73160,LPL 2026 Split 1,2026-01-15,WBG,BLG,xiaohu,BLG,-234
73160,LPL 2026 Split 1,2026-01-15,WBG,BLG,Elk,BLG,122
73160,LPL 2026 Split 1,2026-01-15,WBG,BLG,Erha,BLG,547
73161,LPL 2026 Split 1,2026-01-15,WBG,BLG,Zika,WBG,762
73161,LPL 2026 Split 1,2026-01-15,WBG,BLG,Jiejie,WBG,1203
73161,LPL 2026 Split 1,2026-01-15,WBG,BLG,xiaohu,WBG,-323
73161,LPL 2026 Split 1,2026-01-15,WBG,BLG,Elk,WBG,-1372
73161,LPL 2026 Split 1,2026-01-15,WBG,BLG,Erha,WBG,-189
73161,LPL 2026 Split 1,2026-01-15,WBG,BLG,Bin,BLG,-762
73161,LPL 2026 Split 1,2026-01-15,WBG,BLG,XUN,BLG,-1203
73161,LPL 2026 Split 1,2026-01-15,WBG,BLG,Knight,BLG,323
73161,LPL 2026 Split 1,2026-01-15,WBG,BLG,Viper,BLG,1372
73161,LPL 2026 Split 1,2026-01-15,WBG,BLG,ON,BLG,189
73162,LPL 2026 Split 1,2026-01-15,WBG,BLG,Bin,WBG,18
73162,LPL 2026 Split 1,2026-01-15,WBG,BLG,XUN,WBG,-340
73162,LPL 2026 Split 1,2026-01-15,WBG,BLG,Knight,WBG,-525
73162,LPL 2026 Split 1,2026-01-15,WBG,BLG,Viper,WBG,746
73162,LPL 2026 Split 1,2026-01-15,WBG,BLG,ON,WBG,496
73162,LPL 2026 Split 1,2026-01-15,WBG,BLG,Zika,BLG,-18
73162,LPL 2026 Split 1,2026-01-15,WBG,BLG,Jiejie,BLG,340
73162,LPL 2026 Split 1,2026-01-15,WBG,BLG,xiaohu,BLG,525
73162,LPL 2026 Split 1,2026-01-15,WBG,BLG,Elk,BLG,-746
73162,LPL 2026 Split 1,2026-01-15,WBG,BLG,Erha,BLG,-496
73157,LPL 2026 Split 1,2026-01-15,IG,AL,Flandre,IG,339
73157,LPL 2026 Split 1,2026-01-15,IG,AL,Tarzan,IG,-97
73157,LPL 2026 Split 1,2026-01-15,IG,AL,Shanks,IG,-376
73157,LPL 2026 Split 1,2026-01-15,IG,AL,Hope,IG,2690
73157,LPL 2026 Split 1,2026-01-15,IG,AL,Kael,IG,960
73157,LPL 2026 Split 1,2026-01-15,IG,AL,Soboro,AL,-339
73157,LPL 2026 Split 1,2026-01-15,IG,AL,Wei,AL,97
73157,LPL 2026 Split 1,2026-01-15,IG,AL,RooKie,AL,376
73157,LPL 2026 Split 1,2026-01-15,IG,AL,Photic,AL,-2690
73157,LPL 2026 Split 1,2026-01-15,IG,AL,Jwei,AL,-960
73158,LPL 2026 Split 1,2026-01-15,IG,AL,Flandre,IG,224
73158,LPL 2026 Split 1,2026-01-15,IG,AL,Tarzan,IG,231
73158,LPL 2026 Split 1,2026-01-15,IG,AL,Shanks,IG,-190
73158,LPL 2026 Split 1,2026-01-15,IG,AL,Hope,IG,-1181
73158,LPL 2026 Split 1,2026-01-15,IG,AL,Kael,IG,-669
73158,LPL 2026 Split 1,2026-01-15,IG,AL,Soboro,AL,-224
73158,LPL 2026 Split 1,2026-01-15,IG,AL,Wei,AL,-231
73158,LPL 2026 Split 1,2026-01-15,IG,AL,RooKie,AL,190
73158,LPL 2026 Split 1,2026-01-15,IG,AL,Photic,AL,1181
73158,LPL 2026 Split 1,2026-01-15,IG,AL,Jwei,AL,669
73154,LPL 2026 Split 1,2026-01-15,LGD Gaming,Ultra Prime,Liangchen,LGD Gaming,-495
73154,LPL 2026 Split 1,2026-01-15,LGD Gaming,Ultra Prime,Grizzly,LGD Gaming,-899
73154,LPL 2026 Split 1,2026-01-15,LGD Gaming,Ultra Prime,Saber,LGD Gaming,-281
73154,LPL 2026 Split 1,2026-01-15,LGD Gaming,Ultra Prime,Hena,LGD Gaming,158
73154,LPL 2026 Split 1,2026-01-15,LGD Gaming,Ultra Prime,Xiaoxia,LGD Gaming,-117
73154,LPL 2026 Split 1,2026-01-15,LGD Gaming,Ultra Prime,sasi,Ultra Prime,495
73154,LPL 2026 Split 1,2026-01-15,LGD Gaming,Ultra Prime,Heng,Ultra Prime,899
73154,LPL 2026 Split 1,2026-01-15,LGD Gaming,Ultra Prime,Tangyuan,Ultra Prime,281
73154,LPL 2026 Split 1,2026-01-15,LGD Gaming,Ultra Prime,Shaoye,Ultra Prime,-158
73154,LPL 2026 Split 1,2026-01-15,LGD Gaming,Ultra Prime,Ycx,Ultra Prime,117
73155,LPL 2026 Split 1,2026-01-15,LGD Gaming,Ultra Prime,Liangchen,LGD Gaming,248
73155,LPL 2026 Split 1,2026-01-15,LGD Gaming,Ultra Prime,Grizzly,LGD Gaming,-155
73155,LPL 2026 Split 1,2026-01-15,LGD Gaming,Ultra Prime,Saber,LGD Gaming,170
73155,LPL 2026 Split 1,2026-01-15,LGD Gaming,Ultra Prime,Hena,LGD Gaming,-1023
73155,LPL 2026 Split 1,2026-01-15,LGD Gaming,Ultra Prime,Xiaoxia,LGD Gaming,-245
73155,LPL 2026 Split 1,2026-01-15,LGD Gaming,Ultra Prime,sasi,Ultra Prime,-248
73155,LPL 2026 Split 1,2026-01-15,LGD Gaming,Ultra Prime,Heng,Ultra Prime,155
73155,LPL 2026 Split 1,2026-01-15,LGD Gaming,Ultra Prime,Tangyuan,Ultra Prime,-170
73155,LPL 2026 Split 1,2026-01-15,LGD Gaming,Ultra Prime,Shaoye,Ultra Prime,1023
73155,LPL 2026 Split 1,2026-01-15,LGD Gaming,Ultra Prime,Ycx,Ultra Prime,245
73151,LPL 2026 Split 1,2026-01-14,Top Esports,JD Gaming,Xiaoxu,Top Esports,478
73151,LPL 2026 Split 1,2026-01-14,Top Esports,JD Gaming,JunJia,Top Esports,680
73151,LPL 2026 Split 1,2026-01-14,Top Esports,JD Gaming,HongQ,Top Esports,1845
73151,LPL 2026 Split 1,2026-01-14,Top Esports,JD Gaming,GALA,Top Esports,2129
73151,LPL 2026 Split 1,2026-01-14,Top Esports,JD Gaming,Vampire,Top Esports,549
73151,LPL 2026 Split 1,2026-01-14,Top Esports,JD Gaming,369,JD Gaming,-478
73151,LPL 2026 Split 1,2026-01-14,Top Esports,JD Gaming,naiyou,JD Gaming,-680
73151,LPL 2026 Split 1,2026-01-14,Top Esports,JD Gaming,Creme,JD Gaming,-1845
73151,LPL 2026 Split 1,2026-01-14,Top Esports,JD Gaming,JiaQi,JD Gaming,-2129
73151,LPL 2026 Split 1,2026-01-14,Top Esports,JD Gaming,fengyue,JD Gaming,-549
73152,LPL 2026 Split 1,2026-01-14,Top Esports,JD Gaming,Xiaoxu,Top Esports,-76
73152,LPL 2026 Split 1,2026-01-14,Top Esports,JD Gaming,JunJia,Top Esports,26
73152,LPL 2026 Split 1,2026-01-14,Top Esports,JD Gaming,HongQ,Top Esports,-794
73152,LPL 2026 Split 1,2026-01-14,Top Esports,JD Gaming,GALA,Top Esports,1966
73152,LPL 2026 Split 1,2026-01-14,Top Esports,JD Gaming,Vampire,Top Esports,31
73152,LPL 2026 Split 1,2026-01-14,Top Esports,JD Gaming,369,JD Gaming,76
73152,LPL 2026 Split 1,2026-01-14,Top Esports,JD Gaming,naiyou,JD Gaming,-26
73152,LPL 2026 Split 1,2026-01-14,Top Esports,JD Gaming,Creme,JD Gaming,794
73152,LPL 2026 Split 1,2026-01-14,Top Esports,JD Gaming,JiaQi,JD Gaming,-1966
73152,LPL 2026 Split 1,2026-01-14,Top Esports,JD Gaming,fengyue,JD Gaming,-31
73148,LPL 2026 Split 1,2026-01-14,WBG,IG,Soboro,WBG,-298
73148,LPL 2026 Split 1,2026-01-14,WBG,IG,Wei,WBG,628
73148,LPL 2026 Split 1,2026-01-14,WBG,IG,RooKie,WBG,1290
73148,LPL 2026 Split 1,2026-01-14,WBG,IG,Photic,WBG,150
73148,LPL 2026 Split 1,2026-01-14,WBG,IG,Jwei,WBG,246
73148,LPL 2026 Split 1,2026-01-14,WBG,IG,Zika,IG,298
73148,LPL 2026 Split 1,2026-01-14,WBG,IG,Jiejie,IG,-628
73148,LPL 2026 Split 1,2026-01-14,WBG,IG,xiaohu,IG,-1290
73148,LPL 2026 Split 1,2026-01-14,WBG,IG,Elk,IG,-150
73148,LPL 2026 Split 1,2026-01-14,WBG,IG,Erha,IG,-246
73149,LPL 2026 Split 1,2026-01-14,WBG,IG,Soboro,WBG,965
73149,LPL 2026 Split 1,2026-01-14,WBG,IG,Wei,WBG,800
73149,LPL 2026 Split 1,2026-01-14,WBG,IG,RooKie,WBG,215
73149,LPL 2026 Split 1,2026-01-14,WBG,IG,Photic,WBG,-388
73149,LPL 2026 Split 1,2026-01-14,WBG,IG,Jwei,WBG,-200
73149,LPL 2026 Split 1,2026-01-14,WBG,IG,Zika,IG,-965
73149,LPL 2026 Split 1,2026-01-14,WBG,IG,Jiejie,IG,-800
73149,LPL 2026 Split 1,2026-01-14,WBG,IG,xiaohu,IG,-215
73149,LPL 2026 Split 1,2026-01-14,WBG,IG,Elk,IG,388
73149,LPL 2026 Split 1,2026-01-14,WBG,IG,Erha,IG,200
73150,LPL 2026 Split 1,2026-01-14,WBG,IG,Zika,WBG,-46
73150,LPL 2026 Split 1,2026-01-14,WBG,IG,Jiejie,WBG,657
73150,LPL 2026 Split 1,2026-01-14,WBG,IG,xiaohu,WBG,602
73150,LPL 2026 Split 1,2026-01-14,WBG,IG,Elk,WBG,213
73150,LPL 2026 Split 1,2026-01-14,WBG,IG,Erha,WBG,-177
73150,LPL 2026 Split 1,2026-01-14,WBG,IG,Soboro,IG,46
73150,LPL 2026 Split 1,2026-01-14,WBG,IG,Wei,IG,-657
73150,LPL 2026 Split 1,2026-01-14,WBG,IG,RooKie,IG,-602
73150,LPL 2026 Split 1,2026-01-14,WBG,IG,Photic,IG,-213
73150,LPL 2026 Split 1,2026-01-14,WBG,IG,Jwei,IG,177
75280,LPL 2026 Split 1 Playoffs,2026-03-08,BLG,JD Gaming,Bin,BLG,684
75280,LPL 2026 Split 1 Playoffs,2026-03-08,BLG,JD Gaming,XUN,BLG,-559
75280,LPL 2026 Split 1 Playoffs,2026-03-08,BLG,JD Gaming,Knight,BLG,-49
75280,LPL 2026 Split 1 Playoffs,2026-03-08,BLG,JD Gaming,Viper,BLG,-1040
75280,LPL 2026 Split 1 Playoffs,2026-03-08,BLG,JD Gaming,ON,BLG,-288
75280,LPL 2026 Split 1 Playoffs,2026-03-08,BLG,JD Gaming,Xiaoxu,JD Gaming,-684
75280,LPL 2026 Split 1 Playoffs,2026-03-08,BLG,JD Gaming,JunJia,JD Gaming,559
75280,LPL 2026 Split 1 Playoffs,2026-03-08,BLG,JD Gaming,HongQ,JD Gaming,49
75280,LPL 2026 Split 1 Playoffs,2026-03-08,BLG,JD Gaming,GALA,JD Gaming,1040
75280,LPL 2026 Split 1 Playoffs,2026-03-08,BLG,JD Gaming,Vampire,JD Gaming,288
75281,LPL 2026 Split 1 Playoffs,2026-03-08,BLG,JD Gaming,Bin,BLG,477
75281,LPL 2026 Split 1 Playoffs,2026-03-08,BLG,JD Gaming,XUN,BLG,1343
75281,LPL 2026 Split 1 Playoffs,2026-03-08,BLG,JD Gaming,Knight,BLG,1128
75281,LPL 2026 Split 1 Playoffs,2026-03-08,BLG,JD Gaming,Viper,BLG,-1107
75281,LPL 2026 Split 1 Playoffs,2026-03-08,BLG,JD Gaming,ON,BLG,471
75281,LPL 2026 Split 1 Playoffs,2026-03-08,BLG,JD Gaming,Xiaoxu,JD Gaming,-477
75281,LPL 2026 Split 1 Playoffs,2026-03-08,BLG,JD Gaming,JunJia,JD Gaming,-1343
75281,LPL 2026 Split 1 Playoffs,2026-03-08,BLG,JD Gaming,HongQ,JD Gaming,-1128
75281,LPL 2026 Split 1 Playoffs,2026-03-08,BLG,JD Gaming,GALA,JD Gaming,1107
75281,LPL 2026 Split 1 Playoffs,2026-03-08,BLG,JD Gaming,Vampire,JD Gaming,-471
75282,LPL 2026 Split 1 Playoffs,2026-03-08,BLG,JD Gaming,Bin,BLG,1578
75282,LPL 2026 Split 1 Playoffs,2026-03-08,BLG,JD Gaming,XUN,BLG,-705
75282,LPL 2026 Split 1 Playoffs,2026-03-08,BLG,JD Gaming,Knight,BLG,-71
75282,LPL 2026 Split 1 Playoffs,2026-03-08,BLG,JD Gaming,Viper,BLG,-812
75282,LPL 2026 Split 1 Playoffs,2026-03-08,BLG,JD Gaming,ON,BLG,-723
75282,LPL 2026 Split 1 Playoffs,2026-03-08,BLG,JD Gaming,Xiaoxu,JD Gaming,-1578
75282,LPL 2026 Split 1 Playoffs,2026-03-08,BLG,JD Gaming,JunJia,JD Gaming,705
75282,LPL 2026 Split 1 Playoffs,2026-03-08,BLG,JD Gaming,HongQ,JD Gaming,71
75282,LPL 2026 Split 1 Playoffs,2026-03-08,BLG,JD Gaming,GALA,JD Gaming,812
75282,LPL 2026 Split 1 Playoffs,2026-03-08,BLG,JD Gaming,Vampire,JD Gaming,723
75283,LPL 2026 Split 1 Playoffs,2026-03-08,BLG,JD Gaming,Xiaoxu,BLG,-1172
75283,LPL 2026 Split 1 Playoffs,2026-03-08,BLG,JD Gaming,JunJia,BLG,-629
75283,LPL 2026 Split 1 Playoffs,2026-03-08,BLG,JD Gaming,HongQ,BLG,144
75283,LPL 2026 Split 1 Playoffs,2026-03-08,BLG,JD Gaming,GALA,BLG,198
75283,LPL 2026 Split 1 Playoffs,2026-03-08,BLG,JD Gaming,Vampire,BLG,310
75283,LPL 2026 Split 1 Playoffs,2026-03-08,BLG,JD Gaming,Bin,JD Gaming,1172
75283,LPL 2026 Split 1 Playoffs,2026-03-08,BLG,JD Gaming,XUN,JD Gaming,629
75283,LPL 2026 Split 1 Playoffs,2026-03-08,BLG,JD Gaming,Knight,JD Gaming,-144
75283,LPL 2026 Split 1 Playoffs,2026-03-08,BLG,JD Gaming,Viper,JD Gaming,-198
75283,LPL 2026 Split 1 Playoffs,2026-03-08,BLG,JD Gaming,ON,JD Gaming,-310
75226,LPL 2026 Split 1 Playoffs,2026-03-07,JD Gaming,WBG,Xiaoxu,JD Gaming,-5
75226,LPL 2026 Split 1 Playoffs,2026-03-07,JD Gaming,WBG,JunJia,JD Gaming,948
75226,LPL 2026 Split 1 Playoffs,2026-03-07,JD Gaming,WBG,HongQ,JD Gaming,47
75226,LPL 2026 Split 1 Playoffs,2026-03-07,JD Gaming,WBG,GALA,JD Gaming,-147
75226,LPL 2026 Split 1 Playoffs,2026-03-07,JD Gaming,WBG,Vampire,JD Gaming,658
75226,LPL 2026 Split 1 Playoffs,2026-03-07,JD Gaming,WBG,Zika,WBG,5
75226,LPL 2026 Split 1 Playoffs,2026-03-07,JD Gaming,WBG,Jiejie,WBG,-948
75226,LPL 2026 Split 1 Playoffs,2026-03-07,JD Gaming,WBG,xiaohu,WBG,-47
75226,LPL 2026 Split 1 Playoffs,2026-03-07,JD Gaming,WBG,Elk,WBG,147
75226,LPL 2026 Split 1 Playoffs,2026-03-07,JD Gaming,WBG,Erha,WBG,-658
75227,LPL 2026 Split 1 Playoffs,2026-03-07,JD Gaming,WBG,Xiaoxu,JD Gaming,-586
75227,LPL 2026 Split 1 Playoffs,2026-03-07,JD Gaming,WBG,JunJia,JD Gaming,-200
75227,LPL 2026 Split 1 Playoffs,2026-03-07,JD Gaming,WBG,HongQ,JD Gaming,829
75227,LPL 2026 Split 1 Playoffs,2026-03-07,JD Gaming,WBG,GALA,JD Gaming,-474
75227,LPL 2026 Split 1 Playoffs,2026-03-07,JD Gaming,WBG,Vampire,JD Gaming,-23
75227,LPL 2026 Split 1 Playoffs,2026-03-07,JD Gaming,WBG,Zika,WBG,586
75227,LPL 2026 Split 1 Playoffs,2026-03-07,JD Gaming,WBG,Jiejie,WBG,200
75227,LPL 2026 Split 1 Playoffs,2026-03-07,JD Gaming,WBG,xiaohu,WBG,-829
75227,LPL 2026 Split 1 Playoffs,2026-03-07,JD Gaming,WBG,Elk,WBG,474
75227,LPL 2026 Split 1 Playoffs,2026-03-07,JD Gaming,WBG,Erha,WBG,23
75228,LPL 2026 Split 1 Playoffs,2026-03-07,JD Gaming,WBG,Xiaoxu,JD Gaming,371
75228,LPL 2026 Split 1 Playoffs,2026-03-07,JD Gaming,WBG,JunJia,JD Gaming,13
75228,LPL 2026 Split 1 Playoffs,2026-03-07,JD Gaming,WBG,HongQ,JD Gaming,621
75228,LPL 2026 Split 1 Playoffs,2026-03-07,JD Gaming,WBG,GALA,JD Gaming,-696
75228,LPL 2026 Split 1 Playoffs,2026-03-07,JD Gaming,WBG,Vampire,JD Gaming,-12
75228,LPL 2026 Split 1 Playoffs,2026-03-07,JD Gaming,WBG,Zika,WBG,-371
75228,LPL 2026 Split 1 Playoffs,2026-03-07,JD Gaming,WBG,Jiejie,WBG,-13
75228,LPL 2026 Split 1 Playoffs,2026-03-07,JD Gaming,WBG,xiaohu,WBG,-621
75228,LPL 2026 Split 1 Playoffs,2026-03-07,JD Gaming,WBG,Elk,WBG,696
75228,LPL 2026 Split 1 Playoffs,2026-03-07,JD Gaming,WBG,Erha,WBG,12
75196,LPL 2026 Split 1 Playoffs,2026-03-05,WBG,AL,Flandre,WBG,-150
75196,LPL 2026 Split 1 Playoffs,2026-03-05,WBG,AL,Tarzan,WBG,-251
75196,LPL 2026 Split 1 Playoffs,2026-03-05,WBG,AL,Shanks,WBG,1016
75196,LPL 2026 Split 1 Playoffs,2026-03-05,WBG,AL,Hope,WBG,345
75196,LPL 2026 Split 1 Playoffs,2026-03-05,WBG,AL,Kael,WBG,-64
75196,LPL 2026 Split 1 Playoffs,2026-03-05,WBG,AL,Zika,AL,150
75196,LPL 2026 Split 1 Playoffs,2026-03-05,WBG,AL,Jiejie,AL,251
75196,LPL 2026 Split 1 Playoffs,2026-03-05,WBG,AL,xiaohu,AL,-1016
75196,LPL 2026 Split 1 Playoffs,2026-03-05,WBG,AL,Elk,AL,-345
75196,LPL 2026 Split 1 Playoffs,2026-03-05,WBG,AL,Erha,AL,64
75197,LPL 2026 Split 1 Playoffs,2026-03-05,WBG,AL,Zika,WBG,35
75197,LPL 2026 Split 1 Playoffs,2026-03-05,WBG,AL,Jiejie,WBG,-1059
75197,LPL 2026 Split 1 Playoffs,2026-03-05,WBG,AL,xiaohu,WBG,313
75197,LPL 2026 Split 1 Playoffs,2026-03-05,WBG,AL,Elk,WBG,31
75197,LPL 2026 Split 1 Playoffs,2026-03-05,WBG,AL,Erha,WBG,-103
75197,LPL 2026 Split 1 Playoffs,2026-03-05,WBG,AL,Flandre,AL,-35
75197,LPL 2026 Split 1 Playoffs,2026-03-05,WBG,AL,Tarzan,AL,1059
75197,LPL 2026 Split 1 Playoffs,2026-03-05,WBG,AL,Shanks,AL,-313
75197,LPL 2026 Split 1 Playoffs,2026-03-05,WBG,AL,Hope,AL,-31
75197,LPL 2026 Split 1 Playoffs,2026-03-05,WBG,AL,Kael,AL,103
75198,LPL 2026 Split 1 Playoffs,2026-03-05,WBG,AL,Zika,WBG,-771
75198,LPL 2026 Split 1 Playoffs,2026-03-05,WBG,AL,Jiejie,WBG,-412
75198,LPL 2026 Split 1 Playoffs,2026-03-05,WBG,AL,xiaohu,WBG,125
75198,LPL 2026 Split 1 Playoffs,2026-03-05,WBG,AL,Elk,WBG,735
75198,LPL 2026 Split 1 Playoffs,2026-03-05,WBG,AL,Erha,WBG,35
75198,LPL 2026 Split 1 Playoffs,2026-03-05,WBG,AL,Flandre,AL,771
75198,LPL 2026 Split 1 Playoffs,2026-03-05,WBG,AL,Tarzan,AL,412
75198,LPL 2026 Split 1 Playoffs,2026-03-05,WBG,AL,Shanks,AL,-125
75198,LPL 2026 Split 1 Playoffs,2026-03-05,WBG,AL,Hope,AL,-735
75198,LPL 2026 Split 1 Playoffs,2026-03-05,WBG,AL,Kael,AL,-35
75199,LPL 2026 Split 1 Playoffs,2026-03-05,WBG,AL,Flandre,WBG,-59
75199,LPL 2026 Split 1 Playoffs,2026-03-05,WBG,AL,Tarzan,WBG,846
75199,LPL 2026 Split 1 Playoffs,2026-03-05,WBG,AL,Shanks,WBG,375
75199,LPL 2026 Split 1 Playoffs,2026-03-05,WBG,AL,Hope,WBG,-609
75199,LPL 2026 Split 1 Playoffs,2026-03-05,WBG,AL,Kael,WBG,-113
75199,LPL 2026 Split 1 Playoffs,2026-03-05,WBG,AL,Zika,AL,59
75199,LPL 2026 Split 1 Playoffs,2026-03-05,WBG,AL,Jiejie,AL,-846
75199,LPL 2026 Split 1 Playoffs,2026-03-05,WBG,AL,xiaohu,AL,-375
75199,LPL 2026 Split 1 Playoffs,2026-03-05,WBG,AL,Elk,AL,609
75199,LPL 2026 Split 1 Playoffs,2026-03-05,WBG,AL,Erha,AL,113
75073,LPL 2026 Split 1 Playoffs,2026-03-04,JD Gaming,BLG,Xiaoxu,JD Gaming,-2149
75073,LPL 2026 Split 1 Playoffs,2026-03-04,JD Gaming,BLG,JunJia,JD Gaming,373
75073,LPL 2026 Split 1 Playoffs,2026-03-04,JD Gaming,BLG,HongQ,JD Gaming,-290
75073,LPL 2026 Split 1 Playoffs,2026-03-04,JD Gaming,BLG,GALA,JD Gaming,1206
75073,LPL 2026 Split 1 Playoffs,2026-03-04,JD Gaming,BLG,Vampire,JD Gaming,-266
75073,LPL 2026 Split 1 Playoffs,2026-03-04,JD Gaming,BLG,Bin,BLG,2149
75073,LPL 2026 Split 1 Playoffs,2026-03-04,JD Gaming,BLG,XUN,BLG,-373
75073,LPL 2026 Split 1 Playoffs,2026-03-04,JD Gaming,BLG,Knight,BLG,290
75073,LPL 2026 Split 1 Playoffs,2026-03-04,JD Gaming,BLG,Viper,BLG,-1206
75073,LPL 2026 Split 1 Playoffs,2026-03-04,JD Gaming,BLG,ON,BLG,266
75074,LPL 2026 Split 1 Playoffs,2026-03-04,JD Gaming,BLG,Xiaoxu,JD Gaming,711
75074,LPL 2026 Split 1 Playoffs,2026-03-04,JD Gaming,BLG,JunJia,JD Gaming,103
75074,LPL 2026 Split 1 Playoffs,2026-03-04,JD Gaming,BLG,HongQ,JD Gaming,-625
75074,LPL 2026 Split 1 Playoffs,2026-03-04,JD Gaming,BLG,GALA,JD Gaming,-223
75074,LPL 2026 Split 1 Playoffs,2026-03-04,JD Gaming,BLG,Vampire,JD Gaming,-218
75074,LPL 2026 Split 1 Playoffs,2026-03-04,JD Gaming,BLG,Bin,BLG,-711
75074,LPL 2026 Split 1 Playoffs,2026-03-04,JD Gaming,BLG,XUN,BLG,-103
75074,LPL 2026 Split 1 Playoffs,2026-03-04,JD Gaming,BLG,Knight,BLG,625
75074,LPL 2026 Split 1 Playoffs,2026-03-04,JD Gaming,BLG,Viper,BLG,223
75074,LPL 2026 Split 1 Playoffs,2026-03-04,JD Gaming,BLG,ON,BLG,218
75075,LPL 2026 Split 1 Playoffs,2026-03-04,JD Gaming,BLG,Bin,JD Gaming,215
75075,LPL 2026 Split 1 Playoffs,2026-03-04,JD Gaming,BLG,XUN,JD Gaming,452
75075,LPL 2026 Split 1 Playoffs,2026-03-04,JD Gaming,BLG,Knight,JD Gaming,1599
75075,LPL 2026 Split 1 Playoffs,2026-03-04,JD Gaming,BLG,Viper,JD Gaming,1176
75075,LPL 2026 Split 1 Playoffs,2026-03-04,JD Gaming,BLG,ON,JD Gaming,343
75075,LPL 2026 Split 1 Playoffs,2026-03-04,JD Gaming,BLG,Xiaoxu,BLG,-215
75075,LPL 2026 Split 1 Playoffs,2026-03-04,JD Gaming,BLG,JunJia,BLG,-452
75075,LPL 2026 Split 1 Playoffs,2026-03-04,JD Gaming,BLG,HongQ,BLG,-1599
75075,LPL 2026 Split 1 Playoffs,2026-03-04,JD Gaming,BLG,GALA,BLG,-1176
75075,LPL 2026 Split 1 Playoffs,2026-03-04,JD Gaming,BLG,Vampire,BLG,-343
75076,LPL 2026 Split 1 Playoffs,2026-03-04,JD Gaming,BLG,Xiaoxu,JD Gaming,-1861
75076,LPL 2026 Split 1 Playoffs,2026-03-04,JD Gaming,BLG,JunJia,JD Gaming,-2580
75076,LPL 2026 Split 1 Playoffs,2026-03-04,JD Gaming,BLG,HongQ,JD Gaming,-1185
75076,LPL 2026 Split 1 Playoffs,2026-03-04,JD Gaming,BLG,GALA,JD Gaming,888
75076,LPL 2026 Split 1 Playoffs,2026-03-04,JD Gaming,BLG,Vampire,JD Gaming,-126
75076,LPL 2026 Split 1 Playoffs,2026-03-04,JD Gaming,BLG,Bin,BLG,1861
75076,LPL 2026 Split 1 Playoffs,2026-03-04,JD Gaming,BLG,XUN,BLG,2580
75076,LPL 2026 Split 1 Playoffs,2026-03-04,JD Gaming,BLG,Knight,BLG,1185
75076,LPL 2026 Split 1 Playoffs,2026-03-04,JD Gaming,BLG,Viper,BLG,-888
75076,LPL 2026 Split 1 Playoffs,2026-03-04,JD Gaming,BLG,ON,BLG,126
75077,LPL 2026 Split 1 Playoffs,2026-03-04,JD Gaming,BLG,Bin,JD Gaming,347
75077,LPL 2026 Split 1 Playoffs,2026-03-04,JD Gaming,BLG,XUN,JD Gaming,-295
75077,LPL 2026 Split 1 Playoffs,2026-03-04,JD Gaming,BLG,Knight,JD Gaming,-315
75077,LPL 2026 Split 1 Playoffs,2026-03-04,JD Gaming,BLG,Viper,JD Gaming,1071
75077,LPL 2026 Split 1 Playoffs,2026-03-04,JD Gaming,BLG,ON,JD Gaming,728
75077,LPL 2026 Split 1 Playoffs,2026-03-04,JD Gaming,BLG,Xiaoxu,BLG,-347
75077,LPL 2026 Split 1 Playoffs,2026-03-04,JD Gaming,BLG,JunJia,BLG,295
75077,LPL 2026 Split 1 Playoffs,2026-03-04,JD Gaming,BLG,HongQ,BLG,315
75077,LPL 2026 Split 1 Playoffs,2026-03-04,JD Gaming,BLG,GALA,BLG,-1071
75077,LPL 2026 Split 1 Playoffs,2026-03-04,JD Gaming,BLG,Vampire,BLG,-728
75068,LPL 2026 Split 1 Playoffs,2026-03-03,AL,IG,Soboro,AL,319
75068,LPL 2026 Split 1 Playoffs,2026-03-03,AL,IG,Wei,AL,-1326
75068,LPL 2026 Split 1 Playoffs,2026-03-03,AL,IG,RooKie,AL,-872
75068,LPL 2026 Split 1 Playoffs,2026-03-03,AL,IG,Photic,AL,-3645
75068,LPL 2026 Split 1 Playoffs,2026-03-03,AL,IG,Jwei,AL,-106
75068,LPL 2026 Split 1 Playoffs,2026-03-03,AL,IG,Flandre,IG,-319
75068,LPL 2026 Split 1 Playoffs,2026-03-03,AL,IG,Tarzan,IG,1326
75068,LPL 2026 Split 1 Playoffs,2026-03-03,AL,IG,Shanks,IG,872
75068,LPL 2026 Split 1 Playoffs,2026-03-03,AL,IG,Hope,IG,3645
75068,LPL 2026 Split 1 Playoffs,2026-03-03,AL,IG,Kael,IG,106
75069,LPL 2026 Split 1 Playoffs,2026-03-03,AL,IG,Flandre,AL,-1336
75069,LPL 2026 Split 1 Playoffs,2026-03-03,AL,IG,Tarzan,AL,-575
75069,LPL 2026 Split 1 Playoffs,2026-03-03,AL,IG,Shanks,AL,297
75069,LPL 2026 Split 1 Playoffs,2026-03-03,AL,IG,Hope,AL,-664
75069,LPL 2026 Split 1 Playoffs,2026-03-03,AL,IG,Kael,AL,-53
75069,LPL 2026 Split 1 Playoffs,2026-03-03,AL,IG,Soboro,IG,1336
75069,LPL 2026 Split 1 Playoffs,2026-03-03,AL,IG,Wei,IG,575
75069,LPL 2026 Split 1 Playoffs,2026-03-03,AL,IG,RooKie,IG,-297
75069,LPL 2026 Split 1 Playoffs,2026-03-03,AL,IG,Photic,IG,664
75069,LPL 2026 Split 1 Playoffs,2026-03-03,AL,IG,Jwei,IG,53
75070,LPL 2026 Split 1 Playoffs,2026-03-03,AL,IG,Soboro,AL,-1061
75070,LPL 2026 Split 1 Playoffs,2026-03-03,AL,IG,Wei,AL,-980
75070,LPL 2026 Split 1 Playoffs,2026-03-03,AL,IG,RooKie,AL,521
75070,LPL 2026 Split 1 Playoffs,2026-03-03,AL,IG,Photic,AL,105
75070,LPL 2026 Split 1 Playoffs,2026-03-03,AL,IG,Jwei,AL,-472
75070,LPL 2026 Split 1 Playoffs,2026-03-03,AL,IG,Flandre,IG,1061
75070,LPL 2026 Split 1 Playoffs,2026-03-03,AL,IG,Tarzan,IG,980
75070,LPL 2026 Split 1 Playoffs,2026-03-03,AL,IG,Shanks,IG,-521
75070,LPL 2026 Split 1 Playoffs,2026-03-03,AL,IG,Hope,IG,-105
75070,LPL 2026 Split 1 Playoffs,2026-03-03,AL,IG,Kael,IG,472
75071,LPL 2026 Split 1 Playoffs,2026-03-03,AL,IG,Flandre,AL,1131
75071,LPL 2026 Split 1 Playoffs,2026-03-03,AL,IG,Tarzan,AL,978
75071,LPL 2026 Split 1 Playoffs,2026-03-03,AL,IG,Shanks,AL,1781
75071,LPL 2026 Split 1 Playoffs,2026-03-03,AL,IG,Hope,AL,1378
75071,LPL 2026 Split 1 Playoffs,2026-03-03,AL,IG,Kael,AL,278
75071,LPL 2026 Split 1 Playoffs,2026-03-03,AL,IG,Soboro,IG,-1131
75071,LPL 2026 Split 1 Playoffs,2026-03-03,AL,IG,Wei,IG,-978
75071,LPL 2026 Split 1 Playoffs,2026-03-03,AL,IG,RooKie,IG,-1781
75071,LPL 2026 Split 1 Playoffs,2026-03-03,AL,IG,Photic,IG,-1378
75071,LPL 2026 Split 1 Playoffs,2026-03-03,AL,IG,Jwei,IG,-278
75063,LPL 2026 Split 1 Playoffs,2026-03-02,WBG,Top Esports,Zika,WBG,458
75063,LPL 2026 Split 1 Playoffs,2026-03-02,WBG,Top Esports,Jiejie,WBG,330
75063,LPL 2026 Split 1 Playoffs,2026-03-02,WBG,Top Esports,xiaohu,WBG,218
75063,LPL 2026 Split 1 Playoffs,2026-03-02,WBG,Top Esports,Elk,WBG,1197
75063,LPL 2026 Split 1 Playoffs,2026-03-02,WBG,Top Esports,Erha,WBG,370
75063,LPL 2026 Split 1 Playoffs,2026-03-02,WBG,Top Esports,369,Top Esports,-458
75063,LPL 2026 Split 1 Playoffs,2026-03-02,WBG,Top Esports,naiyou,Top Esports,-330
75063,LPL 2026 Split 1 Playoffs,2026-03-02,WBG,Top Esports,Creme,Top Esports,-218
75063,LPL 2026 Split 1 Playoffs,2026-03-02,WBG,Top Esports,JiaQi,Top Esports,-1197
75063,LPL 2026 Split 1 Playoffs,2026-03-02,WBG,Top Esports,fengyue,Top Esports,-370
75064,LPL 2026 Split 1 Playoffs,2026-03-02,WBG,Top Esports,Zika,WBG,596
75064,LPL 2026 Split 1 Playoffs,2026-03-02,WBG,Top Esports,Jiejie,WBG,352
75064,LPL 2026 Split 1 Playoffs,2026-03-02,WBG,Top Esports,xiaohu,WBG,87
75064,LPL 2026 Split 1 Playoffs,2026-03-02,WBG,Top Esports,Elk,WBG,-599
75064,LPL 2026 Split 1 Playoffs,2026-03-02,WBG,Top Esports,Erha,WBG,342
75064,LPL 2026 Split 1 Playoffs,2026-03-02,WBG,Top Esports,369,Top Esports,-596
75064,LPL 2026 Split 1 Playoffs,2026-03-02,WBG,Top Esports,naiyou,Top Esports,-352
75064,LPL 2026 Split 1 Playoffs,2026-03-02,WBG,Top Esports,Creme,Top Esports,-87
75064,LPL 2026 Split 1 Playoffs,2026-03-02,WBG,Top Esports,JiaQi,Top Esports,599
75064,LPL 2026 Split 1 Playoffs,2026-03-02,WBG,Top Esports,fengyue,Top Esports,-342
75065,LPL 2026 Split 1 Playoffs,2026-03-02,WBG,Top Esports,Zika,WBG,239
75065,LPL 2026 Split 1 Playoffs,2026-03-02,WBG,Top Esports,Jiejie,WBG,374
75065,LPL 2026 Split 1 Playoffs,2026-03-02,WBG,Top Esports,xiaohu,WBG,-122
75065,LPL 2026 Split 1 Playoffs,2026-03-02,WBG,Top Esports,Elk,WBG,-970
75065,LPL 2026 Split 1 Playoffs,2026-03-02,WBG,Top Esports,Erha,WBG,-18
75065,LPL 2026 Split 1 Playoffs,2026-03-02,WBG,Top Esports,369,Top Esports,-239
75065,LPL 2026 Split 1 Playoffs,2026-03-02,WBG,Top Esports,naiyou,Top Esports,-374
75065,LPL 2026 Split 1 Playoffs,2026-03-02,WBG,Top Esports,Creme,Top Esports,122
75065,LPL 2026 Split 1 Playoffs,2026-03-02,WBG,Top Esports,JiaQi,Top Esports,970
75065,LPL 2026 Split 1 Playoffs,2026-03-02,WBG,Top Esports,fengyue,Top Esports,18
75066,LPL 2026 Split 1 Playoffs,2026-03-02,WBG,Top Esports,Zika,WBG,-16
75066,LPL 2026 Split 1 Playoffs,2026-03-02,WBG,Top Esports,Jiejie,WBG,1785
75066,LPL 2026 Split 1 Playoffs,2026-03-02,WBG,Top Esports,xiaohu,WBG,1021
75066,LPL 2026 Split 1 Playoffs,2026-03-02,WBG,Top Esports,Elk,WBG,-500
75066,LPL 2026 Split 1 Playoffs,2026-03-02,WBG,Top Esports,Erha,WBG,-359
75066,LPL 2026 Split 1 Playoffs,2026-03-02,WBG,Top Esports,369,Top Esports,16
75066,LPL 2026 Split 1 Playoffs,2026-03-02,WBG,Top Esports,naiyou,Top Esports,-1785
75066,LPL 2026 Split 1 Playoffs,2026-03-02,WBG,Top Esports,Creme,Top Esports,-1021
75066,LPL 2026 Split 1 Playoffs,2026-03-02,WBG,Top Esports,JiaQi,Top Esports,500
75066,LPL 2026 Split 1 Playoffs,2026-03-02,WBG,Top Esports,fengyue,Top Esports,359
75067,LPL 2026 Split 1 Playoffs,2026-03-02,WBG,Top Esports,Zika,WBG,1145
75067,LPL 2026 Split 1 Playoffs,2026-03-02,WBG,Top Esports,Jiejie,WBG,1301
75067,LPL 2026 Split 1 Playoffs,2026-03-02,WBG,Top Esports,xiaohu,WBG,-1198
75067,LPL 2026 Split 1 Playoffs,2026-03-02,WBG,Top Esports,Elk,WBG,1072
75067,LPL 2026 Split 1 Playoffs,2026-03-02,WBG,Top Esports,Erha,WBG,37
75067,LPL 2026 Split 1 Playoffs,2026-03-02,WBG,Top Esports,369,Top Esports,-1145
75067,LPL 2026 Split 1 Playoffs,2026-03-02,WBG,Top Esports,naiyou,Top Esports,-1301
75067,LPL 2026 Split 1 Playoffs,2026-03-02,WBG,Top Esports,Creme,Top Esports,1198
75067,LPL 2026 Split 1 Playoffs,2026-03-02,WBG,Top Esports,JiaQi,Top Esports,-1072
75067,LPL 2026 Split 1 Playoffs,2026-03-02,WBG,Top Esports,fengyue,Top Esports,-37
74919,LPL 2026 Split 1 Playoffs,2026-03-01,IG,NIP,Soboro,IG,1406
74919,LPL 2026 Split 1 Playoffs,2026-03-01,IG,NIP,Wei,IG,847
74919,LPL 2026 Split 1 Playoffs,2026-03-01,IG,NIP,RooKie,IG,1341
74919,LPL 2026 Split 1 Playoffs,2026-03-01,IG,NIP,Photic,IG,-65
74919,LPL 2026 Split 1 Playoffs,2026-03-01,IG,NIP,Jwei,IG,-26
74919,LPL 2026 Split 1 Playoffs,2026-03-01,IG,NIP,Hoya,NIP,-1406
74919,LPL 2026 Split 1 Playoffs,2026-03-01,IG,NIP,Guwon,NIP,-847
74919,LPL 2026 Split 1 Playoffs,2026-03-01,IG,NIP,Care,NIP,-1341
74919,LPL 2026 Split 1 Playoffs,2026-03-01,IG,NIP,Assum,NIP,65
74919,LPL 2026 Split 1 Playoffs,2026-03-01,IG,NIP,Zhuo,NIP,26
74920,LPL 2026 Split 1 Playoffs,2026-03-01,IG,NIP,Soboro,IG,-1280
74920,LPL 2026 Split 1 Playoffs,2026-03-01,IG,NIP,Wei,IG,-306
74920,LPL 2026 Split 1 Playoffs,2026-03-01,IG,NIP,RooKie,IG,180
74920,LPL 2026 Split 1 Playoffs,2026-03-01,IG,NIP,Photic,IG,-612
74920,LPL 2026 Split 1 Playoffs,2026-03-01,IG,NIP,Jwei,IG,-432
74920,LPL 2026 Split 1 Playoffs,2026-03-01,IG,NIP,Hoya,NIP,1280
74920,LPL 2026 Split 1 Playoffs,2026-03-01,IG,NIP,Guwon,NIP,306
74920,LPL 2026 Split 1 Playoffs,2026-03-01,IG,NIP,Care,NIP,-180
74920,LPL 2026 Split 1 Playoffs,2026-03-01,IG,NIP,Assum,NIP,612
74920,LPL 2026 Split 1 Playoffs,2026-03-01,IG,NIP,Zhuo,NIP,432
74921,LPL 2026 Split 1 Playoffs,2026-03-01,IG,NIP,Soboro,IG,-461
74921,LPL 2026 Split 1 Playoffs,2026-03-01,IG,NIP,Wei,IG,1277
74921,LPL 2026 Split 1 Playoffs,2026-03-01,IG,NIP,RooKie,IG,-76
74921,LPL 2026 Split 1 Playoffs,2026-03-01,IG,NIP,Photic,IG,2464
74921,LPL 2026 Split 1 Playoffs,2026-03-01,IG,NIP,Jwei,IG,-99
74921,LPL 2026 Split 1 Playoffs,2026-03-01,IG,NIP,Hoya,NIP,461
74921,LPL 2026 Split 1 Playoffs,2026-03-01,IG,NIP,Guwon,NIP,-1277
74921,LPL 2026 Split 1 Playoffs,2026-03-01,IG,NIP,Care,NIP,76
74921,LPL 2026 Split 1 Playoffs,2026-03-01,IG,NIP,Assum,NIP,-2464
74921,LPL 2026 Split 1 Playoffs,2026-03-01,IG,NIP,Zhuo,NIP,99
74922,LPL 2026 Split 1 Playoffs,2026-03-01,IG,NIP,Soboro,IG,-382
74922,LPL 2026 Split 1 Playoffs,2026-03-01,IG,NIP,Wei,IG,-511
74922,LPL 2026 Split 1 Playoffs,2026-03-01,IG,NIP,RooKie,IG,1556
74922,LPL 2026 Split 1 Playoffs,2026-03-01,IG,NIP,Photic,IG,1011
74922,LPL 2026 Split 1 Playoffs,2026-03-01,IG,NIP,Jwei,IG,158
74922,LPL 2026 Split 1 Playoffs,2026-03-01,IG,NIP,Hoya,NIP,382
74922,LPL 2026 Split 1 Playoffs,2026-03-01,IG,NIP,Guwon,NIP,511
74922,LPL 2026 Split 1 Playoffs,2026-03-01,IG,NIP,Care,NIP,-1556
74922,LPL 2026 Split 1 Playoffs,2026-03-01,IG,NIP,Assum,NIP,-1011
74922,LPL 2026 Split 1 Playoffs,2026-03-01,IG,NIP,Zhuo,NIP,-158
74914,LPL 2026 Split 1 Playoffs,2026-02-28,Top Esports,Team WE,Cube,Top Esports,-498
74914,LPL 2026 Split 1 Playoffs,2026-02-28,Top Esports,Team WE,Monki,Top Esports,-731
74914,LPL 2026 Split 1 Playoffs,2026-02-28,Top Esports,Team WE,Karis,Top Esports,101
74914,LPL 2026 Split 1 Playoffs,2026-02-28,Top Esports,Team WE,About,Top Esports,-108
74914,LPL 2026 Split 1 Playoffs,2026-02-28,Top Esports,Team WE,yaoyao,Top Esports,282
74914,LPL 2026 Split 1 Playoffs,2026-02-28,Top Esports,Team WE,369,Team WE,498
74914,LPL 2026 Split 1 Playoffs,2026-02-28,Top Esports,Team WE,naiyou,Team WE,731
74914,LPL 2026 Split 1 Playoffs,2026-02-28,Top Esports,Team WE,Creme,Team WE,-101
74914,LPL 2026 Split 1 Playoffs,2026-02-28,Top Esports,Team WE,JiaQi,Team WE,108
74914,LPL 2026 Split 1 Playoffs,2026-02-28,Top Esports,Team WE,fengyue,Team WE,-282
74915,LPL 2026 Split 1 Playoffs,2026-02-28,Top Esports,Team WE,Cube,Top Esports,136
74915,LPL 2026 Split 1 Playoffs,2026-02-28,Top Esports,Team WE,Monki,Top Esports,-675
74915,LPL 2026 Split 1 Playoffs,2026-02-28,Top Esports,Team WE,Karis,Top Esports,688
74915,LPL 2026 Split 1 Playoffs,2026-02-28,Top Esports,Team WE,About,Top Esports,-1724
74915,LPL 2026 Split 1 Playoffs,2026-02-28,Top Esports,Team WE,yaoyao,Top Esports,-237
74915,LPL 2026 Split 1 Playoffs,2026-02-28,Top Esports,Team WE,369,Team WE,-136
74915,LPL 2026 Split 1 Playoffs,2026-02-28,Top Esports,Team WE,naiyou,Team WE,675
74915,LPL 2026 Split 1 Playoffs,2026-02-28,Top Esports,Team WE,Creme,Team WE,-688
74915,LPL 2026 Split 1 Playoffs,2026-02-28,Top Esports,Team WE,JiaQi,Team WE,1724
74915,LPL 2026 Split 1 Playoffs,2026-02-28,Top Esports,Team WE,fengyue,Team WE,237
74916,LPL 2026 Split 1 Playoffs,2026-02-28,Top Esports,Team WE,Cube,Top Esports,715
74916,LPL 2026 Split 1 Playoffs,2026-02-28,Top Esports,Team WE,Monki,Top Esports,274
74916,LPL 2026 Split 1 Playoffs,2026-02-28,Top Esports,Team WE,Karis,Top Esports,-1293
74916,LPL 2026 Split 1 Playoffs,2026-02-28,Top Esports,Team WE,About,Top Esports,348
74916,LPL 2026 Split 1 Playoffs,2026-02-28,Top Esports,Team WE,yaoyao,Top Esports,-633
74916,LPL 2026 Split 1 Playoffs,2026-02-28,Top Esports,Team WE,369,Team WE,-715
74916,LPL 2026 Split 1 Playoffs,2026-02-28,Top Esports,Team WE,naiyou,Team WE,-274
74916,LPL 2026 Split 1 Playoffs,2026-02-28,Top Esports,Team WE,Creme,Team WE,1293
74916,LPL 2026 Split 1 Playoffs,2026-02-28,Top Esports,Team WE,JiaQi,Team WE,-348
74916,LPL 2026 Split 1 Playoffs,2026-02-28,Top Esports,Team WE,fengyue,Team WE,633
74935,LPL 2026 Split 1 Playoffs,2026-02-27,WBG,BLG,Bin,WBG,1381
74935,LPL 2026 Split 1 Playoffs,2026-02-27,WBG,BLG,XUN,WBG,248
74935,LPL 2026 Split 1 Playoffs,2026-02-27,WBG,BLG,Knight,WBG,72
74935,LPL 2026 Split 1 Playoffs,2026-02-27,WBG,BLG,Viper,WBG,-1239
74935,LPL 2026 Split 1 Playoffs,2026-02-27,WBG,BLG,ON,WBG,-327
74935,LPL 2026 Split 1 Playoffs,2026-02-27,WBG,BLG,Zika,BLG,-1381
74935,LPL 2026 Split 1 Playoffs,2026-02-27,WBG,BLG,Jiejie,BLG,-248
74935,LPL 2026 Split 1 Playoffs,2026-02-27,WBG,BLG,xiaohu,BLG,-72
74935,LPL 2026 Split 1 Playoffs,2026-02-27,WBG,BLG,Elk,BLG,1239
74935,LPL 2026 Split 1 Playoffs,2026-02-27,WBG,BLG,Erha,BLG,327
74936,LPL 2026 Split 1 Playoffs,2026-02-27,WBG,BLG,Bin,WBG,-145
74936,LPL 2026 Split 1 Playoffs,2026-02-27,WBG,BLG,XUN,WBG,1733
74936,LPL 2026 Split 1 Playoffs,2026-02-27,WBG,BLG,Knight,WBG,1507
74936,LPL 2026 Split 1 Playoffs,2026-02-27,WBG,BLG,Viper,WBG,-154
74936,LPL 2026 Split 1 Playoffs,2026-02-27,WBG,BLG,ON,WBG,445
74936,LPL 2026 Split 1 Playoffs,2026-02-27,WBG,BLG,Zika,BLG,145
74936,LPL 2026 Split 1 Playoffs,2026-02-27,WBG,BLG,Jiejie,BLG,-1733
74936,LPL 2026 Split 1 Playoffs,2026-02-27,WBG,BLG,xiaohu,BLG,-1507
74936,LPL 2026 Split 1 Playoffs,2026-02-27,WBG,BLG,Elk,BLG,154
74936,LPL 2026 Split 1 Playoffs,2026-02-27,WBG,BLG,Erha,BLG,-445
74937,LPL 2026 Split 1 Playoffs,2026-02-27,WBG,BLG,Bin,WBG,117
74937,LPL 2026 Split 1 Playoffs,2026-02-27,WBG,BLG,XUN,WBG,925
74937,LPL 2026 Split 1 Playoffs,2026-02-27,WBG,BLG,Knight,WBG,2274
74937,LPL 2026 Split 1 Playoffs,2026-02-27,WBG,BLG,Viper,WBG,3526
74937,LPL 2026 Split 1 Playoffs,2026-02-27,WBG,BLG,ON,WBG,936
74937,LPL 2026 Split 1 Playoffs,2026-02-27,WBG,BLG,Zika,BLG,-117
74937,LPL 2026 Split 1 Playoffs,2026-02-27,WBG,BLG,Jiejie,BLG,-925
74937,LPL 2026 Split 1 Playoffs,2026-02-27,WBG,BLG,xiaohu,BLG,-2274
74937,LPL 2026 Split 1 Playoffs,2026-02-27,WBG,BLG,Elk,BLG,-3526
74937,LPL 2026 Split 1 Playoffs,2026-02-27,WBG,BLG,Erha,BLG,-936
74904,LPL 2026 Split 1 Playoffs,2026-02-26,JD Gaming,AL,Flandre,JD Gaming,1371
74904,LPL 2026 Split 1 Playoffs,2026-02-26,JD Gaming,AL,Tarzan,JD Gaming,1505
74904,LPL 2026 Split 1 Playoffs,2026-02-26,JD Gaming,AL,Shanks,JD Gaming,809
74904,LPL 2026 Split 1 Playoffs,2026-02-26,JD Gaming,AL,Hope,JD Gaming,1149
74904,LPL 2026 Split 1 Playoffs,2026-02-26,JD Gaming,AL,Kael,JD Gaming,-25
74904,LPL 2026 Split 1 Playoffs,2026-02-26,JD Gaming,AL,Xiaoxu,AL,-1371
74904,LPL 2026 Split 1 Playoffs,2026-02-26,JD Gaming,AL,JunJia,AL,-1505
74904,LPL 2026 Split 1 Playoffs,2026-02-26,JD Gaming,AL,HongQ,AL,-809
74904,LPL 2026 Split 1 Playoffs,2026-02-26,JD Gaming,AL,GALA,AL,-1149
74904,LPL 2026 Split 1 Playoffs,2026-02-26,JD Gaming,AL,Vampire,AL,25
74905,LPL 2026 Split 1 Playoffs,2026-02-26,JD Gaming,AL,Flandre,JD Gaming,328
74905,LPL 2026 Split 1 Playoffs,2026-02-26,JD Gaming,AL,Tarzan,JD Gaming,31
74905,LPL 2026 Split 1 Playoffs,2026-02-26,JD Gaming,AL,Shanks,JD Gaming,517
74905,LPL 2026 Split 1 Playoffs,2026-02-26,JD Gaming,AL,Hope,JD Gaming,19
74905,LPL 2026 Split 1 Playoffs,2026-02-26,JD Gaming,AL,Kael,JD Gaming,-803
74905,LPL 2026 Split 1 Playoffs,2026-02-26,JD Gaming,AL,Xiaoxu,AL,-328
74905,LPL 2026 Split 1 Playoffs,2026-02-26,JD Gaming,AL,JunJia,AL,-31
74905,LPL 2026 Split 1 Playoffs,2026-02-26,JD Gaming,AL,HongQ,AL,-517
74905,LPL 2026 Split 1 Playoffs,2026-02-26,JD Gaming,AL,GALA,AL,-19
74905,LPL 2026 Split 1 Playoffs,2026-02-26,JD Gaming,AL,Vampire,AL,803
74906,LPL 2026 Split 1 Playoffs,2026-02-26,JD Gaming,AL,Xiaoxu,JD Gaming,-104
74906,LPL 2026 Split 1 Playoffs,2026-02-26,JD Gaming,AL,JunJia,JD Gaming,122
74906,LPL 2026 Split 1 Playoffs,2026-02-26,JD Gaming,AL,HongQ,JD Gaming,-7
74906,LPL 2026 Split 1 Playoffs,2026-02-26,JD Gaming,AL,GALA,JD Gaming,-734
74906,LPL 2026 Split 1 Playoffs,2026-02-26,JD Gaming,AL,Vampire,JD Gaming,-357
74906,LPL 2026 Split 1 Playoffs,2026-02-26,JD Gaming,AL,Flandre,AL,104
74906,LPL 2026 Split 1 Playoffs,2026-02-26,JD Gaming,AL,Tarzan,AL,-122
74906,LPL 2026 Split 1 Playoffs,2026-02-26,JD Gaming,AL,Shanks,AL,7
74906,LPL 2026 Split 1 Playoffs,2026-02-26,JD Gaming,AL,Hope,AL,734
74906,LPL 2026 Split 1 Playoffs,2026-02-26,JD Gaming,AL,Kael,AL,357
74907,LPL 2026 Split 1 Playoffs,2026-02-26,JD Gaming,AL,Xiaoxu,JD Gaming,-454
74907,LPL 2026 Split 1 Playoffs,2026-02-26,JD Gaming,AL,JunJia,JD Gaming,-1054
74907,LPL 2026 Split 1 Playoffs,2026-02-26,JD Gaming,AL,HongQ,JD Gaming,315
74907,LPL 2026 Split 1 Playoffs,2026-02-26,JD Gaming,AL,GALA,JD Gaming,-569
74907,LPL 2026 Split 1 Playoffs,2026-02-26,JD Gaming,AL,Vampire,JD Gaming,-124
74907,LPL 2026 Split 1 Playoffs,2026-02-26,JD Gaming,AL,Flandre,AL,454
74907,LPL 2026 Split 1 Playoffs,2026-02-26,JD Gaming,AL,Tarzan,AL,1054
74907,LPL 2026 Split 1 Playoffs,2026-02-26,JD Gaming,AL,Shanks,AL,-315
74907,LPL 2026 Split 1 Playoffs,2026-02-26,JD Gaming,AL,Hope,AL,569
74907,LPL 2026 Split 1 Playoffs,2026-02-26,JD Gaming,AL,Kael,AL,124
74908,LPL 2026 Split 1 Playoffs,2026-02-26,JD Gaming,AL,Flandre,JD Gaming,-381
74908,LPL 2026 Split 1 Playoffs,2026-02-26,JD Gaming,AL,Tarzan,JD Gaming,-1151
74908,LPL 2026 Split 1 Playoffs,2026-02-26,JD Gaming,AL,Shanks,JD Gaming,-407
74908,LPL 2026 Split 1 Playoffs,2026-02-26,JD Gaming,AL,Hope,JD Gaming,-185
74908,LPL 2026 Split 1 Playoffs,2026-02-26,JD Gaming,AL,Kael,JD Gaming,-88
74908,LPL 2026 Split 1 Playoffs,2026-02-26,JD Gaming,AL,Xiaoxu,AL,381
74908,LPL 2026 Split 1 Playoffs,2026-02-26,JD Gaming,AL,JunJia,AL,1151
74908,LPL 2026 Split 1 Playoffs,2026-02-26,JD Gaming,AL,HongQ,AL,407
74908,LPL 2026 Split 1 Playoffs,2026-02-26,JD Gaming,AL,GALA,AL,185
74908,LPL 2026 Split 1 Playoffs,2026-02-26,JD Gaming,AL,Vampire,AL,88
74442,LPL 2026 Split 1 Playoffs,2026-02-25,BLG,NIP,Bin,BLG,881
74442,LPL 2026 Split 1 Playoffs,2026-02-25,BLG,NIP,XUN,BLG,-382
74442,LPL 2026 Split 1 Playoffs,2026-02-25,BLG,NIP,Knight,BLG,1089
74442,LPL 2026 Split 1 Playoffs,2026-02-25,BLG,NIP,Viper,BLG,475
74442,LPL 2026 Split 1 Playoffs,2026-02-25,BLG,NIP,ON,BLG,81
74442,LPL 2026 Split 1 Playoffs,2026-02-25,BLG,NIP,Hoya,NIP,-881
74442,LPL 2026 Split 1 Playoffs,2026-02-25,BLG,NIP,Guwon,NIP,382
74442,LPL 2026 Split 1 Playoffs,2026-02-25,BLG,NIP,Care,NIP,-1089
74442,LPL 2026 Split 1 Playoffs,2026-02-25,BLG,NIP,Assum,NIP,-475
74442,LPL 2026 Split 1 Playoffs,2026-02-25,BLG,NIP,Zhuo,NIP,-81
74443,LPL 2026 Split 1 Playoffs,2026-02-25,BLG,NIP,Bin,BLG,-204
74443,LPL 2026 Split 1 Playoffs,2026-02-25,BLG,NIP,XUN,BLG,307
74443,LPL 2026 Split 1 Playoffs,2026-02-25,BLG,NIP,Knight,BLG,600
74443,LPL 2026 Split 1 Playoffs,2026-02-25,BLG,NIP,Viper,BLG,2276
74443,LPL 2026 Split 1 Playoffs,2026-02-25,BLG,NIP,ON,BLG,659
74443,LPL 2026 Split 1 Playoffs,2026-02-25,BLG,NIP,Hoya,NIP,204
74443,LPL 2026 Split 1 Playoffs,2026-02-25,BLG,NIP,Guwon,NIP,-307
74443,LPL 2026 Split 1 Playoffs,2026-02-25,BLG,NIP,Care,NIP,-600
74443,LPL 2026 Split 1 Playoffs,2026-02-25,BLG,NIP,Assum,NIP,-2276
74443,LPL 2026 Split 1 Playoffs,2026-02-25,BLG,NIP,Zhuo,NIP,-659
74444,LPL 2026 Split 1 Playoffs,2026-02-25,BLG,NIP,Bin,BLG,1146
74444,LPL 2026 Split 1 Playoffs,2026-02-25,BLG,NIP,XUN,BLG,-71
74444,LPL 2026 Split 1 Playoffs,2026-02-25,BLG,NIP,Knight,BLG,1590
74444,LPL 2026 Split 1 Playoffs,2026-02-25,BLG,NIP,Viper,BLG,-1764
74444,LPL 2026 Split 1 Playoffs,2026-02-25,BLG,NIP,ON,BLG,-112
74444,LPL 2026 Split 1 Playoffs,2026-02-25,BLG,NIP,Hoya,NIP,-1146
74444,LPL 2026 Split 1 Playoffs,2026-02-25,BLG,NIP,Guwon,NIP,71
74444,LPL 2026 Split 1 Playoffs,2026-02-25,BLG,NIP,Care,NIP,-1590
74444,LPL 2026 Split 1 Playoffs,2026-02-25,BLG,NIP,Assum,NIP,1764
74444,LPL 2026 Split 1 Playoffs,2026-02-25,BLG,NIP,Zhuo,NIP,112
74437,LPL 2026 Split 1 Playoffs,2026-02-25,WBG,IG,Soboro,WBG,625
74437,LPL 2026 Split 1 Playoffs,2026-02-25,WBG,IG,Wei,WBG,-632
74437,LPL 2026 Split 1 Playoffs,2026-02-25,WBG,IG,RooKie,WBG,-118
74437,LPL 2026 Split 1 Playoffs,2026-02-25,WBG,IG,Photic,WBG,-1120
74437,LPL 2026 Split 1 Playoffs,2026-02-25,WBG,IG,Jwei,WBG,-196
74437,LPL 2026 Split 1 Playoffs,2026-02-25,WBG,IG,Zika,IG,-625
74437,LPL 2026 Split 1 Playoffs,2026-02-25,WBG,IG,Jiejie,IG,632
74437,LPL 2026 Split 1 Playoffs,2026-02-25,WBG,IG,xiaohu,IG,118
74437,LPL 2026 Split 1 Playoffs,2026-02-25,WBG,IG,Elk,IG,1120
74437,LPL 2026 Split 1 Playoffs,2026-02-25,WBG,IG,Erha,IG,196
74438,LPL 2026 Split 1 Playoffs,2026-02-25,WBG,IG,Zika,WBG,-1399
74438,LPL 2026 Split 1 Playoffs,2026-02-25,WBG,IG,Jiejie,WBG,-40
74438,LPL 2026 Split 1 Playoffs,2026-02-25,WBG,IG,xiaohu,WBG,14
74438,LPL 2026 Split 1 Playoffs,2026-02-25,WBG,IG,Elk,WBG,-148
74438,LPL 2026 Split 1 Playoffs,2026-02-25,WBG,IG,Erha,WBG,956
74438,LPL 2026 Split 1 Playoffs,2026-02-25,WBG,IG,Soboro,IG,1399
74438,LPL 2026 Split 1 Playoffs,2026-02-25,WBG,IG,Wei,IG,40
74438,LPL 2026 Split 1 Playoffs,2026-02-25,WBG,IG,RooKie,IG,-14
74438,LPL 2026 Split 1 Playoffs,2026-02-25,WBG,IG,Photic,IG,148
74438,LPL 2026 Split 1 Playoffs,2026-02-25,WBG,IG,Jwei,IG,-956
74439,LPL 2026 Split 1 Playoffs,2026-02-25,WBG,IG,Zika,WBG,603
74439,LPL 2026 Split 1 Playoffs,2026-02-25,WBG,IG,Jiejie,WBG,-195
74439,LPL 2026 Split 1 Playoffs,2026-02-25,WBG,IG,xiaohu,WBG,-757
74439,LPL 2026 Split 1 Playoffs,2026-02-25,WBG,IG,Elk,WBG,-612
74439,LPL 2026 Split 1 Playoffs,2026-02-25,WBG,IG,Erha,WBG,-161
74439,LPL 2026 Split 1 Playoffs,2026-02-25,WBG,IG,Soboro,IG,-603
74439,LPL 2026 Split 1 Playoffs,2026-02-25,WBG,IG,Wei,IG,195
74439,LPL 2026 Split 1 Playoffs,2026-02-25,WBG,IG,RooKie,IG,757
74439,LPL 2026 Split 1 Playoffs,2026-02-25,WBG,IG,Photic,IG,612
74439,LPL 2026 Split 1 Playoffs,2026-02-25,WBG,IG,Jwei,IG,161
74432,LPL 2026 Split 1 Playoffs,2026-02-24,AL,Team WE,Cube,AL,-449
74432,LPL 2026 Split 1 Playoffs,2026-02-24,AL,Team WE,Monki,AL,-453
74432,LPL 2026 Split 1 Playoffs,2026-02-24,AL,Team WE,Karis,AL,-1739
74432,LPL 2026 Split 1 Playoffs,2026-02-24,AL,Team WE,About,AL,-697
74432,LPL 2026 Split 1 Playoffs,2026-02-24,AL,Team WE,yaoyao,AL,167
74432,LPL 2026 Split 1 Playoffs,2026-02-24,AL,Team WE,Flandre,Team WE,449
74432,LPL 2026 Split 1 Playoffs,2026-02-24,AL,Team WE,Tarzan,Team WE,453
74432,LPL 2026 Split 1 Playoffs,2026-02-24,AL,Team WE,Shanks,Team WE,1739
74432,LPL 2026 Split 1 Playoffs,2026-02-24,AL,Team WE,Hope,Team WE,697
74432,LPL 2026 Split 1 Playoffs,2026-02-24,AL,Team WE,Kael,Team WE,-167
74433,LPL 2026 Split 1 Playoffs,2026-02-24,AL,Team WE,Flandre,AL,1554
74433,LPL 2026 Split 1 Playoffs,2026-02-24,AL,Team WE,Tarzan,AL,529
74433,LPL 2026 Split 1 Playoffs,2026-02-24,AL,Team WE,Shanks,AL,-302
74433,LPL 2026 Split 1 Playoffs,2026-02-24,AL,Team WE,Hope,AL,1727
74433,LPL 2026 Split 1 Playoffs,2026-02-24,AL,Team WE,Kael,AL,-481
74433,LPL 2026 Split 1 Playoffs,2026-02-24,AL,Team WE,Cube,Team WE,-1554
74433,LPL 2026 Split 1 Playoffs,2026-02-24,AL,Team WE,Monki,Team WE,-529
74433,LPL 2026 Split 1 Playoffs,2026-02-24,AL,Team WE,Karis,Team WE,302
74433,LPL 2026 Split 1 Playoffs,2026-02-24,AL,Team WE,About,Team WE,-1727
74433,LPL 2026 Split 1 Playoffs,2026-02-24,AL,Team WE,yaoyao,Team WE,481
74434,LPL 2026 Split 1 Playoffs,2026-02-24,AL,Team WE,Flandre,AL,1993
74434,LPL 2026 Split 1 Playoffs,2026-02-24,AL,Team WE,Tarzan,AL,311
74434,LPL 2026 Split 1 Playoffs,2026-02-24,AL,Team WE,Shanks,AL,1494
74434,LPL 2026 Split 1 Playoffs,2026-02-24,AL,Team WE,Hope,AL,1599
74434,LPL 2026 Split 1 Playoffs,2026-02-24,AL,Team WE,Kael,AL,1756
74434,LPL 2026 Split 1 Playoffs,2026-02-24,AL,Team WE,Cube,Team WE,-1993
74434,LPL 2026 Split 1 Playoffs,2026-02-24,AL,Team WE,Monki,Team WE,-311
74434,LPL 2026 Split 1 Playoffs,2026-02-24,AL,Team WE,Karis,Team WE,-1494
74434,LPL 2026 Split 1 Playoffs,2026-02-24,AL,Team WE,About,Team WE,-1599
74434,LPL 2026 Split 1 Playoffs,2026-02-24,AL,Team WE,yaoyao,Team WE,-1756
74427,LPL 2026 Split 1 Playoffs,2026-02-24,JD Gaming,Top Esports,369,JD Gaming,-6
74427,LPL 2026 Split 1 Playoffs,2026-02-24,JD Gaming,Top Esports,naiyou,JD Gaming,713
74427,LPL 2026 Split 1 Playoffs,2026-02-24,JD Gaming,Top Esports,Creme,JD Gaming,-383
74427,LPL 2026 Split 1 Playoffs,2026-02-24,JD Gaming,Top Esports,JiaQi,JD Gaming,-1060
74427,LPL 2026 Split 1 Playoffs,2026-02-24,JD Gaming,Top Esports,fengyue,JD Gaming,-1040
74427,LPL 2026 Split 1 Playoffs,2026-02-24,JD Gaming,Top Esports,Xiaoxu,Top Esports,6
74427,LPL 2026 Split 1 Playoffs,2026-02-24,JD Gaming,Top Esports,JunJia,Top Esports,-713
74427,LPL 2026 Split 1 Playoffs,2026-02-24,JD Gaming,Top Esports,HongQ,Top Esports,383
74427,LPL 2026 Split 1 Playoffs,2026-02-24,JD Gaming,Top Esports,GALA,Top Esports,1060
74427,LPL 2026 Split 1 Playoffs,2026-02-24,JD Gaming,Top Esports,Vampire,Top Esports,1040
74428,LPL 2026 Split 1 Playoffs,2026-02-24,JD Gaming,Top Esports,369,JD Gaming,-658
74428,LPL 2026 Split 1 Playoffs,2026-02-24,JD Gaming,Top Esports,naiyou,JD Gaming,238
74428,LPL 2026 Split 1 Playoffs,2026-02-24,JD Gaming,Top Esports,Creme,JD Gaming,120
74428,LPL 2026 Split 1 Playoffs,2026-02-24,JD Gaming,Top Esports,JiaQi,JD Gaming,-1171
74428,LPL 2026 Split 1 Playoffs,2026-02-24,JD Gaming,Top Esports,fengyue,JD Gaming,-896
74428,LPL 2026 Split 1 Playoffs,2026-02-24,JD Gaming,Top Esports,Xiaoxu,Top Esports,658
74428,LPL 2026 Split 1 Playoffs,2026-02-24,JD Gaming,Top Esports,JunJia,Top Esports,-238
74428,LPL 2026 Split 1 Playoffs,2026-02-24,JD Gaming,Top Esports,HongQ,Top Esports,-120
74428,LPL 2026 Split 1 Playoffs,2026-02-24,JD Gaming,Top Esports,GALA,Top Esports,1171
74428,LPL 2026 Split 1 Playoffs,2026-02-24,JD Gaming,Top Esports,Vampire,Top Esports,896
74429,LPL 2026 Split 1 Playoffs,2026-02-24,JD Gaming,Top Esports,Xiaoxu,JD Gaming,794
74429,LPL 2026 Split 1 Playoffs,2026-02-24,JD Gaming,Top Esports,JunJia,JD Gaming,-804
74429,LPL 2026 Split 1 Playoffs,2026-02-24,JD Gaming,Top Esports,HongQ,JD Gaming,-844
74429,LPL 2026 Split 1 Playoffs,2026-02-24,JD Gaming,Top Esports,GALA,JD Gaming,414
74429,LPL 2026 Split 1 Playoffs,2026-02-24,JD Gaming,Top Esports,Vampire,JD Gaming,90
74429,LPL 2026 Split 1 Playoffs,2026-02-24,JD Gaming,Top Esports,369,Top Esports,-794
74429,LPL 2026 Split 1 Playoffs,2026-02-24,JD Gaming,Top Esports,naiyou,Top Esports,804
74429,LPL 2026 Split 1 Playoffs,2026-02-24,JD Gaming,Top Esports,Creme,Top Esports,844
74429,LPL 2026 Split 1 Playoffs,2026-02-24,JD Gaming,Top Esports,JiaQi,Top Esports,-414
74429,LPL 2026 Split 1 Playoffs,2026-02-24,JD Gaming,Top Esports,fengyue,Top Esports,-90
74430,LPL 2026 Split 1 Playoffs,2026-02-24,JD Gaming,Top Esports,Xiaoxu,JD Gaming,1300
74430,LPL 2026 Split 1 Playoffs,2026-02-24,JD Gaming,Top Esports,JunJia,JD Gaming,360
74430,LPL 2026 Split 1 Playoffs,2026-02-24,JD Gaming,Top Esports,HongQ,JD Gaming,2140
74430,LPL 2026 Split 1 Playoffs,2026-02-24,JD Gaming,Top Esports,GALA,JD Gaming,-57
74430,LPL 2026 Split 1 Playoffs,2026-02-24,JD Gaming,Top Esports,Vampire,JD Gaming,137
74430,LPL 2026 Split 1 Playoffs,2026-02-24,JD Gaming,Top Esports,369,Top Esports,-1300
74430,LPL 2026 Split 1 Playoffs,2026-02-24,JD Gaming,Top Esports,naiyou,Top Esports,-360
74430,LPL 2026 Split 1 Playoffs,2026-02-24,JD Gaming,Top Esports,Creme,Top Esports,-2140
74430,LPL 2026 Split 1 Playoffs,2026-02-24,JD Gaming,Top Esports,JiaQi,Top Esports,57
74430,LPL 2026 Split 1 Playoffs,2026-02-24,JD Gaming,Top Esports,fengyue,Top Esports,-137
74431,LPL 2026 Split 1 Playoffs,2026-02-24,JD Gaming,Top Esports,Xiaoxu,JD Gaming,-946
74431,LPL 2026 Split 1 Playoffs,2026-02-24,JD Gaming,Top Esports,JunJia,JD Gaming,770
74431,LPL 2026 Split 1 Playoffs,2026-02-24,JD Gaming,Top Esports,HongQ,JD Gaming,270
74431,LPL 2026 Split 1 Playoffs,2026-02-24,JD Gaming,Top Esports,GALA,JD Gaming,-96
74431,LPL 2026 Split 1 Playoffs,2026-02-24,JD Gaming,Top Esports,Vampire,JD Gaming,235
74431,LPL 2026 Split 1 Playoffs,2026-02-24,JD Gaming,Top Esports,369,Top Esports,946
74431,LPL 2026 Split 1 Playoffs,2026-02-24,JD Gaming,Top Esports,naiyou,Top Esports,-770
74431,LPL 2026 Split 1 Playoffs,2026-02-24,JD Gaming,Top Esports,Creme,Top Esports,-270
74431,LPL 2026 Split 1 Playoffs,2026-02-24,JD Gaming,Top Esports,JiaQi,Top Esports,96
74431,LPL 2026 Split 1 Playoffs,2026-02-24,JD Gaming,Top Esports,fengyue,Top Esports,-235
74314,LPL 2026 Split 1 Playoffs,2026-02-11,Team WE,LNG Esports,sheer,Team WE,237
74314,LPL 2026 Split 1 Playoffs,2026-02-11,Team WE,LNG Esports,Croco,Team WE,-572
74314,LPL 2026 Split 1 Playoffs,2026-02-11,Team WE,LNG Esports,Bulldog,Team WE,-1176
74314,LPL 2026 Split 1 Playoffs,2026-02-11,Team WE,LNG Esports,1xn,Team WE,383
74314,LPL 2026 Split 1 Playoffs,2026-02-11,Team WE,LNG Esports,Missing,Team WE,303
74314,LPL 2026 Split 1 Playoffs,2026-02-11,Team WE,LNG Esports,Cube,LNG Esports,-237
74314,LPL 2026 Split 1 Playoffs,2026-02-11,Team WE,LNG Esports,Monki,LNG Esports,572
74314,LPL 2026 Split 1 Playoffs,2026-02-11,Team WE,LNG Esports,Karis,LNG Esports,1176
74314,LPL 2026 Split 1 Playoffs,2026-02-11,Team WE,LNG Esports,About,LNG Esports,-383
74314,LPL 2026 Split 1 Playoffs,2026-02-11,Team WE,LNG Esports,yaoyao,LNG Esports,-303
74315,LPL 2026 Split 1 Playoffs,2026-02-11,Team WE,LNG Esports,Cube,Team WE,-409
74315,LPL 2026 Split 1 Playoffs,2026-02-11,Team WE,LNG Esports,Monki,Team WE,614
74315,LPL 2026 Split 1 Playoffs,2026-02-11,Team WE,LNG Esports,Karis,Team WE,-142
74315,LPL 2026 Split 1 Playoffs,2026-02-11,Team WE,LNG Esports,About,Team WE,-1683
74315,LPL 2026 Split 1 Playoffs,2026-02-11,Team WE,LNG Esports,yaoyao,Team WE,-379
74315,LPL 2026 Split 1 Playoffs,2026-02-11,Team WE,LNG Esports,sheer,LNG Esports,409
74315,LPL 2026 Split 1 Playoffs,2026-02-11,Team WE,LNG Esports,Croco,LNG Esports,-614
74315,LPL 2026 Split 1 Playoffs,2026-02-11,Team WE,LNG Esports,Bulldog,LNG Esports,142
74315,LPL 2026 Split 1 Playoffs,2026-02-11,Team WE,LNG Esports,1xn,LNG Esports,1683
74315,LPL 2026 Split 1 Playoffs,2026-02-11,Team WE,LNG Esports,Missing,LNG Esports,379
74316,LPL 2026 Split 1 Playoffs,2026-02-11,Team WE,LNG Esports,Cube,Team WE,813
74316,LPL 2026 Split 1 Playoffs,2026-02-11,Team WE,LNG Esports,Monki,Team WE,-96
74316,LPL 2026 Split 1 Playoffs,2026-02-11,Team WE,LNG Esports,Karis,Team WE,152
74316,LPL 2026 Split 1 Playoffs,2026-02-11,Team WE,LNG Esports,About,Team WE,-646
74316,LPL 2026 Split 1 Playoffs,2026-02-11,Team WE,LNG Esports,yaoyao,Team WE,-707
74316,LPL 2026 Split 1 Playoffs,2026-02-11,Team WE,LNG Esports,sheer,LNG Esports,-813
74316,LPL 2026 Split 1 Playoffs,2026-02-11,Team WE,LNG Esports,Croco,LNG Esports,96
74316,LPL 2026 Split 1 Playoffs,2026-02-11,Team WE,LNG Esports,Bulldog,LNG Esports,-152
74316,LPL 2026 Split 1 Playoffs,2026-02-11,Team WE,LNG Esports,1xn,LNG Esports,646
74316,LPL 2026 Split 1 Playoffs,2026-02-11,Team WE,LNG Esports,Missing,LNG Esports,707
74317,LPL 2026 Split 1 Playoffs,2026-02-11,Team WE,LNG Esports,sheer,Team WE,106
74317,LPL 2026 Split 1 Playoffs,2026-02-11,Team WE,LNG Esports,Croco,Team WE,-1079
74317,LPL 2026 Split 1 Playoffs,2026-02-11,Team WE,LNG Esports,Bulldog,Team WE,-750
74317,LPL 2026 Split 1 Playoffs,2026-02-11,Team WE,LNG Esports,1xn,Team WE,242
74317,LPL 2026 Split 1 Playoffs,2026-02-11,Team WE,LNG Esports,Missing,Team WE,-428
74317,LPL 2026 Split 1 Playoffs,2026-02-11,Team WE,LNG Esports,Cube,LNG Esports,-106
74317,LPL 2026 Split 1 Playoffs,2026-02-11,Team WE,LNG Esports,Monki,LNG Esports,1079
74317,LPL 2026 Split 1 Playoffs,2026-02-11,Team WE,LNG Esports,Karis,LNG Esports,750
74317,LPL 2026 Split 1 Playoffs,2026-02-11,Team WE,LNG Esports,About,LNG Esports,-242
74317,LPL 2026 Split 1 Playoffs,2026-02-11,Team WE,LNG Esports,yaoyao,LNG Esports,428
74309,LPL 2026 Split 1 Playoffs,2026-02-11,IG,Oh My God,Hery,IG,393
74309,LPL 2026 Split 1 Playoffs,2026-02-11,IG,Oh My God,re0,IG,-77
74309,LPL 2026 Split 1 Playoffs,2026-02-11,IG,Oh My God,Haichao,IG,376
74309,LPL 2026 Split 1 Playoffs,2026-02-11,IG,Oh My God,Starry,IG,-265
74309,LPL 2026 Split 1 Playoffs,2026-02-11,IG,Oh My God,Moham,IG,-176
74309,LPL 2026 Split 1 Playoffs,2026-02-11,IG,Oh My God,Soboro,Oh My God,-393
74309,LPL 2026 Split 1 Playoffs,2026-02-11,IG,Oh My God,Wei,Oh My God,77
74309,LPL 2026 Split 1 Playoffs,2026-02-11,IG,Oh My God,RooKie,Oh My God,-376
74309,LPL 2026 Split 1 Playoffs,2026-02-11,IG,Oh My God,Photic,Oh My God,265
74309,LPL 2026 Split 1 Playoffs,2026-02-11,IG,Oh My God,Jwei,Oh My God,176
74310,LPL 2026 Split 1 Playoffs,2026-02-11,IG,Oh My God,Soboro,IG,1924
74310,LPL 2026 Split 1 Playoffs,2026-02-11,IG,Oh My God,Wei,IG,445
74310,LPL 2026 Split 1 Playoffs,2026-02-11,IG,Oh My God,RooKie,IG,80
74310,LPL 2026 Split 1 Playoffs,2026-02-11,IG,Oh My God,Photic,IG,769
74310,LPL 2026 Split 1 Playoffs,2026-02-11,IG,Oh My God,Jwei,IG,-118
74310,LPL 2026 Split 1 Playoffs,2026-02-11,IG,Oh My God,Hery,Oh My God,-1924
74310,LPL 2026 Split 1 Playoffs,2026-02-11,IG,Oh My God,re0,Oh My God,-445
74310,LPL 2026 Split 1 Playoffs,2026-02-11,IG,Oh My God,Haichao,Oh My God,-80
74310,LPL 2026 Split 1 Playoffs,2026-02-11,IG,Oh My God,Starry,Oh My God,-769
74310,LPL 2026 Split 1 Playoffs,2026-02-11,IG,Oh My God,Moham,Oh My God,118
74311,LPL 2026 Split 1 Playoffs,2026-02-11,IG,Oh My God,Soboro,IG,113
74311,LPL 2026 Split 1 Playoffs,2026-02-11,IG,Oh My God,Wei,IG,1151
74311,LPL 2026 Split 1 Playoffs,2026-02-11,IG,Oh My God,RooKie,IG,295
74311,LPL 2026 Split 1 Playoffs,2026-02-11,IG,Oh My God,Photic,IG,1406
74311,LPL 2026 Split 1 Playoffs,2026-02-11,IG,Oh My God,Jwei,IG,285
74311,LPL 2026 Split 1 Playoffs,2026-02-11,IG,Oh My God,Hery,Oh My God,-113
74311,LPL 2026 Split 1 Playoffs,2026-02-11,IG,Oh My God,re0,Oh My God,-1151
74311,LPL 2026 Split 1 Playoffs,2026-02-11,IG,Oh My God,Haichao,Oh My God,-295
74311,LPL 2026 Split 1 Playoffs,2026-02-11,IG,Oh My God,Starry,Oh My God,-1406
74311,LPL 2026 Split 1 Playoffs,2026-02-11,IG,Oh My God,Moham,Oh My God,-285
74270,LPL 2026 Split 1 Playoffs,2026-02-10,EDG,Oh My God,Hery,EDG,-146
74270,LPL 2026 Split 1 Playoffs,2026-02-10,EDG,Oh My God,re0,EDG,-625
74270,LPL 2026 Split 1 Playoffs,2026-02-10,EDG,Oh My God,Haichao,EDG,1009
74270,LPL 2026 Split 1 Playoffs,2026-02-10,EDG,Oh My God,Starry,EDG,-1138
74270,LPL 2026 Split 1 Playoffs,2026-02-10,EDG,Oh My God,Moham,EDG,-101
74270,LPL 2026 Split 1 Playoffs,2026-02-10,EDG,Oh My God,Zdz,Oh My God,146
74270,LPL 2026 Split 1 Playoffs,2026-02-10,EDG,Oh My God,Xiaohao,Oh My God,625
74270,LPL 2026 Split 1 Playoffs,2026-02-10,EDG,Oh My God,Angel,Oh My God,-1009
74270,LPL 2026 Split 1 Playoffs,2026-02-10,EDG,Oh My God,Leave,Oh My God,1138
74270,LPL 2026 Split 1 Playoffs,2026-02-10,EDG,Oh My God,Parukia,Oh My God,101
74271,LPL 2026 Split 1 Playoffs,2026-02-10,EDG,Oh My God,Hery,EDG,295
74271,LPL 2026 Split 1 Playoffs,2026-02-10,EDG,Oh My God,re0,EDG,-1178
74271,LPL 2026 Split 1 Playoffs,2026-02-10,EDG,Oh My God,Haichao,EDG,-736
74271,LPL 2026 Split 1 Playoffs,2026-02-10,EDG,Oh My God,Starry,EDG,848
74271,LPL 2026 Split 1 Playoffs,2026-02-10,EDG,Oh My God,Moham,EDG,-1064
74271,LPL 2026 Split 1 Playoffs,2026-02-10,EDG,Oh My God,Zdz,Oh My God,-295
74271,LPL 2026 Split 1 Playoffs,2026-02-10,EDG,Oh My God,Xiaohao,Oh My God,1178
74271,LPL 2026 Split 1 Playoffs,2026-02-10,EDG,Oh My God,Angel,Oh My God,736
74271,LPL 2026 Split 1 Playoffs,2026-02-10,EDG,Oh My God,Leave,Oh My God,-848
74271,LPL 2026 Split 1 Playoffs,2026-02-10,EDG,Oh My God,Parukia,Oh My God,1064
74272,LPL 2026 Split 1 Playoffs,2026-02-10,EDG,Oh My God,Hery,EDG,245
74272,LPL 2026 Split 1 Playoffs,2026-02-10,EDG,Oh My God,re0,EDG,-1197
74272,LPL 2026 Split 1 Playoffs,2026-02-10,EDG,Oh My God,Haichao,EDG,-661
74272,LPL 2026 Split 1 Playoffs,2026-02-10,EDG,Oh My God,Starry,EDG,-635
74272,LPL 2026 Split 1 Playoffs,2026-02-10,EDG,Oh My God,Moham,EDG,-624
74272,LPL 2026 Split 1 Playoffs,2026-02-10,EDG,Oh My God,Zdz,Oh My God,-245
74272,LPL 2026 Split 1 Playoffs,2026-02-10,EDG,Oh My God,Xiaohao,Oh My God,1197
74272,LPL 2026 Split 1 Playoffs,2026-02-10,EDG,Oh My God,Angel,Oh My God,661
74272,LPL 2026 Split 1 Playoffs,2026-02-10,EDG,Oh My God,Leave,Oh My God,635
74272,LPL 2026 Split 1 Playoffs,2026-02-10,EDG,Oh My God,Parukia,Oh My God,624
74273,LPL 2026 Split 1 Playoffs,2026-02-10,EDG,Oh My God,Zdz,EDG,2494
74273,LPL 2026 Split 1 Playoffs,2026-02-10,EDG,Oh My God,Xiaohao,EDG,787
74273,LPL 2026 Split 1 Playoffs,2026-02-10,EDG,Oh My God,Angel,EDG,452
74273,LPL 2026 Split 1 Playoffs,2026-02-10,EDG,Oh My God,Leave,EDG,-1577
74273,LPL 2026 Split 1 Playoffs,2026-02-10,EDG,Oh My God,Parukia,EDG,-536
74273,LPL 2026 Split 1 Playoffs,2026-02-10,EDG,Oh My God,Hery,Oh My God,-2494
74273,LPL 2026 Split 1 Playoffs,2026-02-10,EDG,Oh My God,re0,Oh My God,-787
74273,LPL 2026 Split 1 Playoffs,2026-02-10,EDG,Oh My God,Haichao,Oh My God,-452
74273,LPL 2026 Split 1 Playoffs,2026-02-10,EDG,Oh My God,Starry,Oh My God,1577
74273,LPL 2026 Split 1 Playoffs,2026-02-10,EDG,Oh My God,Moham,Oh My God,536
74265,LPL 2026 Split 1 Playoffs,2026-02-10,TT,LNG Esports,Keshi,TT,411
74265,LPL 2026 Split 1 Playoffs,2026-02-10,TT,LNG Esports,Junhao,TT,-183
74265,LPL 2026 Split 1 Playoffs,2026-02-10,TT,LNG Esports,Heru,TT,-576
74265,LPL 2026 Split 1 Playoffs,2026-02-10,TT,LNG Esports,Ryan3,TT,-918
74265,LPL 2026 Split 1 Playoffs,2026-02-10,TT,LNG Esports,Feather,TT,-593
74265,LPL 2026 Split 1 Playoffs,2026-02-10,TT,LNG Esports,sheer,LNG Esports,-411
74265,LPL 2026 Split 1 Playoffs,2026-02-10,TT,LNG Esports,Croco,LNG Esports,183
74265,LPL 2026 Split 1 Playoffs,2026-02-10,TT,LNG Esports,Bulldog,LNG Esports,576
74265,LPL 2026 Split 1 Playoffs,2026-02-10,TT,LNG Esports,1xn,LNG Esports,918
74265,LPL 2026 Split 1 Playoffs,2026-02-10,TT,LNG Esports,Missing,LNG Esports,593
74266,LPL 2026 Split 1 Playoffs,2026-02-10,TT,LNG Esports,Keshi,TT,-472
74266,LPL 2026 Split 1 Playoffs,2026-02-10,TT,LNG Esports,Junhao,TT,-830
74266,LPL 2026 Split 1 Playoffs,2026-02-10,TT,LNG Esports,Heru,TT,-978
74266,LPL 2026 Split 1 Playoffs,2026-02-10,TT,LNG Esports,Ryan3,TT,-101
74266,LPL 2026 Split 1 Playoffs,2026-02-10,TT,LNG Esports,Feather,TT,-210
74266,LPL 2026 Split 1 Playoffs,2026-02-10,TT,LNG Esports,sheer,LNG Esports,472
74266,LPL 2026 Split 1 Playoffs,2026-02-10,TT,LNG Esports,Croco,LNG Esports,830
74266,LPL 2026 Split 1 Playoffs,2026-02-10,TT,LNG Esports,Bulldog,LNG Esports,978
74266,LPL 2026 Split 1 Playoffs,2026-02-10,TT,LNG Esports,1xn,LNG Esports,101
74266,LPL 2026 Split 1 Playoffs,2026-02-10,TT,LNG Esports,Missing,LNG Esports,210
74267,LPL 2026 Split 1 Playoffs,2026-02-10,TT,LNG Esports,sheer,TT,94
74267,LPL 2026 Split 1 Playoffs,2026-02-10,TT,LNG Esports,Croco,TT,-636
74267,LPL 2026 Split 1 Playoffs,2026-02-10,TT,LNG Esports,Bulldog,TT,-80
74267,LPL 2026 Split 1 Playoffs,2026-02-10,TT,LNG Esports,1xn,TT,1947
74267,LPL 2026 Split 1 Playoffs,2026-02-10,TT,LNG Esports,Missing,TT,342
74267,LPL 2026 Split 1 Playoffs,2026-02-10,TT,LNG Esports,Keshi,LNG Esports,-94
74267,LPL 2026 Split 1 Playoffs,2026-02-10,TT,LNG Esports,Junhao,LNG Esports,636
74267,LPL 2026 Split 1 Playoffs,2026-02-10,TT,LNG Esports,Heru,LNG Esports,80
74267,LPL 2026 Split 1 Playoffs,2026-02-10,TT,LNG Esports,Ryan3,LNG Esports,-1947
74267,LPL 2026 Split 1 Playoffs,2026-02-10,TT,LNG Esports,Feather,LNG Esports,-342
74260,LPL 2026 Split 1 Playoffs,2026-02-09,IG,NIP,Hoya,IG,2371
74260,LPL 2026 Split 1 Playoffs,2026-02-09,IG,NIP,Guwon,IG,1086
74260,LPL 2026 Split 1 Playoffs,2026-02-09,IG,NIP,Care,IG,671
74260,LPL 2026 Split 1 Playoffs,2026-02-09,IG,NIP,Assum,IG,-277
74260,LPL 2026 Split 1 Playoffs,2026-02-09,IG,NIP,Zhuo,IG,324
74260,LPL 2026 Split 1 Playoffs,2026-02-09,IG,NIP,Soboro,NIP,-2371
74260,LPL 2026 Split 1 Playoffs,2026-02-09,IG,NIP,Wei,NIP,-1086
74260,LPL 2026 Split 1 Playoffs,2026-02-09,IG,NIP,RooKie,NIP,-671
74260,LPL 2026 Split 1 Playoffs,2026-02-09,IG,NIP,Photic,NIP,277
74260,LPL 2026 Split 1 Playoffs,2026-02-09,IG,NIP,Jwei,NIP,-324
74261,LPL 2026 Split 1 Playoffs,2026-02-09,IG,NIP,Soboro,IG,-200
74261,LPL 2026 Split 1 Playoffs,2026-02-09,IG,NIP,Wei,IG,-469
74261,LPL 2026 Split 1 Playoffs,2026-02-09,IG,NIP,RooKie,IG,793
74261,LPL 2026 Split 1 Playoffs,2026-02-09,IG,NIP,Photic,IG,-2758
74261,LPL 2026 Split 1 Playoffs,2026-02-09,IG,NIP,Jwei,IG,-659
74261,LPL 2026 Split 1 Playoffs,2026-02-09,IG,NIP,Hoya,NIP,200
74261,LPL 2026 Split 1 Playoffs,2026-02-09,IG,NIP,Guwon,NIP,469
74261,LPL 2026 Split 1 Playoffs,2026-02-09,IG,NIP,Care,NIP,-793
74261,LPL 2026 Split 1 Playoffs,2026-02-09,IG,NIP,Assum,NIP,2758
74261,LPL 2026 Split 1 Playoffs,2026-02-09,IG,NIP,Zhuo,NIP,659
74262,LPL 2026 Split 1 Playoffs,2026-02-09,IG,NIP,Soboro,IG,329
74262,LPL 2026 Split 1 Playoffs,2026-02-09,IG,NIP,Wei,IG,113
74262,LPL 2026 Split 1 Playoffs,2026-02-09,IG,NIP,RooKie,IG,329
74262,LPL 2026 Split 1 Playoffs,2026-02-09,IG,NIP,Photic,IG,-1589
74262,LPL 2026 Split 1 Playoffs,2026-02-09,IG,NIP,Jwei,IG,-732
74262,LPL 2026 Split 1 Playoffs,2026-02-09,IG,NIP,Hoya,NIP,-329
74262,LPL 2026 Split 1 Playoffs,2026-02-09,IG,NIP,Guwon,NIP,-113
74262,LPL 2026 Split 1 Playoffs,2026-02-09,IG,NIP,Care,NIP,-329
74262,LPL 2026 Split 1 Playoffs,2026-02-09,IG,NIP,Assum,NIP,1589
74262,LPL 2026 Split 1 Playoffs,2026-02-09,IG,NIP,Zhuo,NIP,732
74263,LPL 2026 Split 1 Playoffs,2026-02-09,IG,NIP,Soboro,IG,-1387
74263,LPL 2026 Split 1 Playoffs,2026-02-09,IG,NIP,Wei,IG,278
74263,LPL 2026 Split 1 Playoffs,2026-02-09,IG,NIP,RooKie,IG,-373
74263,LPL 2026 Split 1 Playoffs,2026-02-09,IG,NIP,Photic,IG,-1131
74263,LPL 2026 Split 1 Playoffs,2026-02-09,IG,NIP,Jwei,IG,-593
74263,LPL 2026 Split 1 Playoffs,2026-02-09,IG,NIP,Hoya,NIP,1387
74263,LPL 2026 Split 1 Playoffs,2026-02-09,IG,NIP,Guwon,NIP,-278
74263,LPL 2026 Split 1 Playoffs,2026-02-09,IG,NIP,Care,NIP,373
74263,LPL 2026 Split 1 Playoffs,2026-02-09,IG,NIP,Assum,NIP,1131
74263,LPL 2026 Split 1 Playoffs,2026-02-09,IG,NIP,Zhuo,NIP,593
74255,LPL 2026 Split 1 Playoffs,2026-02-09,Top Esports,Team WE,Cube,Top Esports,135
74255,LPL 2026 Split 1 Playoffs,2026-02-09,Top Esports,Team WE,Monki,Top Esports,-764
74255,LPL 2026 Split 1 Playoffs,2026-02-09,Top Esports,Team WE,Karis,Top Esports,-1229
74255,LPL 2026 Split 1 Playoffs,2026-02-09,Top Esports,Team WE,About,Top Esports,378
74255,LPL 2026 Split 1 Playoffs,2026-02-09,Top Esports,Team WE,yaoyao,Top Esports,-146
74255,LPL 2026 Split 1 Playoffs,2026-02-09,Top Esports,Team WE,369,Team WE,-135
74255,LPL 2026 Split 1 Playoffs,2026-02-09,Top Esports,Team WE,naiyou,Team WE,764
74255,LPL 2026 Split 1 Playoffs,2026-02-09,Top Esports,Team WE,Creme,Team WE,1229
74255,LPL 2026 Split 1 Playoffs,2026-02-09,Top Esports,Team WE,JiaQi,Team WE,-378
74255,LPL 2026 Split 1 Playoffs,2026-02-09,Top Esports,Team WE,fengyue,Team WE,146
74256,LPL 2026 Split 1 Playoffs,2026-02-09,Top Esports,Team WE,Cube,Top Esports,-1498
74256,LPL 2026 Split 1 Playoffs,2026-02-09,Top Esports,Team WE,Monki,Top Esports,-107
74256,LPL 2026 Split 1 Playoffs,2026-02-09,Top Esports,Team WE,Karis,Top Esports,54
74256,LPL 2026 Split 1 Playoffs,2026-02-09,Top Esports,Team WE,About,Top Esports,-705
74256,LPL 2026 Split 1 Playoffs,2026-02-09,Top Esports,Team WE,yaoyao,Top Esports,231
74256,LPL 2026 Split 1 Playoffs,2026-02-09,Top Esports,Team WE,369,Team WE,1498
74256,LPL 2026 Split 1 Playoffs,2026-02-09,Top Esports,Team WE,naiyou,Team WE,107
74256,LPL 2026 Split 1 Playoffs,2026-02-09,Top Esports,Team WE,Creme,Team WE,-54
74256,LPL 2026 Split 1 Playoffs,2026-02-09,Top Esports,Team WE,JiaQi,Team WE,705
74256,LPL 2026 Split 1 Playoffs,2026-02-09,Top Esports,Team WE,fengyue,Team WE,-231
74257,LPL 2026 Split 1 Playoffs,2026-02-09,Top Esports,Team WE,Cube,Top Esports,-1963
74257,LPL 2026 Split 1 Playoffs,2026-02-09,Top Esports,Team WE,Monki,Top Esports,-171
74257,LPL 2026 Split 1 Playoffs,2026-02-09,Top Esports,Team WE,Karis,Top Esports,-543
74257,LPL 2026 Split 1 Playoffs,2026-02-09,Top Esports,Team WE,About,Top Esports,98
74257,LPL 2026 Split 1 Playoffs,2026-02-09,Top Esports,Team WE,yaoyao,Top Esports,142
74257,LPL 2026 Split 1 Playoffs,2026-02-09,Top Esports,Team WE,369,Team WE,1963
74257,LPL 2026 Split 1 Playoffs,2026-02-09,Top Esports,Team WE,naiyou,Team WE,171
74257,LPL 2026 Split 1 Playoffs,2026-02-09,Top Esports,Team WE,Creme,Team WE,543
74257,LPL 2026 Split 1 Playoffs,2026-02-09,Top Esports,Team WE,JiaQi,Team WE,-98
74257,LPL 2026 Split 1 Playoffs,2026-02-09,Top Esports,Team WE,fengyue,Team WE,-142
74258,LPL 2026 Split 1 Playoffs,2026-02-09,Top Esports,Team WE,Cube,Top Esports,42
74258,LPL 2026 Split 1 Playoffs,2026-02-09,Top Esports,Team WE,Monki,Top Esports,-539
74258,LPL 2026 Split 1 Playoffs,2026-02-09,Top Esports,Team WE,Karis,Top Esports,882
74258,LPL 2026 Split 1 Playoffs,2026-02-09,Top Esports,Team WE,About,Top Esports,-943
74258,LPL 2026 Split 1 Playoffs,2026-02-09,Top Esports,Team WE,yaoyao,Top Esports,-598
74258,LPL 2026 Split 1 Playoffs,2026-02-09,Top Esports,Team WE,369,Team WE,-42
74258,LPL 2026 Split 1 Playoffs,2026-02-09,Top Esports,Team WE,naiyou,Team WE,539
74258,LPL 2026 Split 1 Playoffs,2026-02-09,Top Esports,Team WE,Creme,Team WE,-882
74258,LPL 2026 Split 1 Playoffs,2026-02-09,Top Esports,Team WE,JiaQi,Team WE,943
74258,LPL 2026 Split 1 Playoffs,2026-02-09,Top Esports,Team WE,fengyue,Team WE,598
74259,LPL 2026 Split 1 Playoffs,2026-02-09,Top Esports,Team WE,Cube,Top Esports,-1232
74259,LPL 2026 Split 1 Playoffs,2026-02-09,Top Esports,Team WE,Monki,Top Esports,-824
74259,LPL 2026 Split 1 Playoffs,2026-02-09,Top Esports,Team WE,Karis,Top Esports,-1144
74259,LPL 2026 Split 1 Playoffs,2026-02-09,Top Esports,Team WE,About,Top Esports,355
74259,LPL 2026 Split 1 Playoffs,2026-02-09,Top Esports,Team WE,yaoyao,Top Esports,118
74259,LPL 2026 Split 1 Playoffs,2026-02-09,Top Esports,Team WE,369,Team WE,1232
74259,LPL 2026 Split 1 Playoffs,2026-02-09,Top Esports,Team WE,naiyou,Team WE,824
74259,LPL 2026 Split 1 Playoffs,2026-02-09,Top Esports,Team WE,Creme,Team WE,1144
74259,LPL 2026 Split 1 Playoffs,2026-02-09,Top Esports,Team WE,JiaQi,Team WE,-355
74259,LPL 2026 Split 1 Playoffs,2026-02-09,Top Esports,Team WE,fengyue,Team WE,-118
